# Made in Blockbench 5.0.7
mtllib Solar Array.mtl

o plane
v 0.5 0 0.5
v 0.5 0 -0.5
v -0.5 0 0.5
v -0.5 0 -0.5
vt 0.5 0.5
vt 0.5 1
vt 0 1
vt 0 0.5
vn 0 1 0
usemtl m_ede1f5c5-55f8-8291-5e71-77e3daa0a758
f 1/1/1 2/2/1 4/3/1 3/4/1
o mesh
v -0.3281249999999998 0.011101667405674084 0.4763659721569692
v -0.3281249999999998 0.07443824936964222 0.40724622183102005
v -0.3281249999999998 0.008797675728142447 0.47425475275817025
v -0.3281249999999998 0.07213425769211057 0.4051350024322211
v -0.4843749999999998 0.011101667405674084 0.4763659721569692
v -0.4843749999999998 0.07443824936964222 0.40724622183102005
v -0.4843749999999998 0.008797675728142447 0.47425475275817025
v -0.4843749999999998 0.07213425769211057 0.4051350024322211
vt 0.5625 0.46875
vt 0.5 0.46875
vt 0.5 0.4375
vt 0.5625 0.4375
vt 0.1875 0.375
vt 0.1875 0.40625
vt 0.125 0.40625
vt 0.125 0.375
vt 0 0.40625
vt 0.09375 0.40625
vt 0.09375 0.46875
vt 0 0.46875
vt 0.625 0.9375
vt 0.625 1
vt 0.53125 1
vt 0.53125 0.9375
vt 0.625 0.875
vt 0.625 0.90625
vt 0.53125 0.90625
vt 0.53125 0.875
vt 0.21875 0.46875
vt 0.125 0.46875
vt 0.125 0.4375
vt 0.21875 0.4375
vn 1 0 0
vn -1 0 0
vn 0 0.7372773368101242 0.6755902076156601
vn 0 -0.7372773368101242 -0.6755902076156601
vn 0 -0.6755902076156601 0.7372773368101242
vn 0 0.6755902076156601 -0.7372773368101242
usemtl m_ede1f5c5-55f8-8291-5e71-77e3daa0a758
f 6/5/2 5/6/2 7/7/2 8/8/2
f 11/9/3 9/10/3 10/11/3 12/12/3
f 9/13/4 5/14/4 6/15/4 10/16/4
f 8/17/5 7/18/5 11/19/5 12/20/5
f 7/21/6 5/22/6 9/23/6 11/24/6
f 10/25/7 6/26/7 8/27/7 12/28/7
o mesh
v -0.3281249999999998 0.072519802249576 0.4139654245848822
v -0.3281249999999998 0.07674224104717385 0.409357441229819
v -0.3281249999999998 0.07021581057204435 0.4118542051860833
v -0.3281249999999998 0.07443824936964222 0.40724622183102005
v -0.4843749999999998 0.072519802249576 0.4139654245848822
v -0.4843749999999998 0.07674224104717385 0.409357441229819
v -0.4843749999999998 0.07021581057204435 0.4118542051860833
v -0.4843749999999998 0.07443824936964222 0.40724622183102005
vt 0.34375 0.40625
vt 0.3125 0.40625
vt 0.3125 0.375
vt 0.34375 0.375
vt 0.40625 0.375
vt 0.40625 0.40625
vt 0.375 0.40625
vt 0.375 0.375
vt 0.53125 0.8125
vt 0.625 0.8125
vt 0.625 0.84375
vt 0.53125 0.84375
vt 0.625 0.75
vt 0.625 0.78125
vt 0.53125 0.78125
vt 0.53125 0.75
vt 0.34375 0.4375
vt 0.34375 0.46875
vt 0.25 0.46875
vt 0.25 0.4375
vt 0.625 0.71875
vt 0.53125 0.71875
vt 0.53125 0.6875
vt 0.625 0.6875
vn 1 0 0
vn -1 0 0
vn 0 0.7372773368101242 0.6755902076156601
vn 0 -0.7372773368101242 -0.6755902076156601
vn 0 -0.6755902076156601 0.7372773368101242
vn 0 0.6755902076156601 -0.7372773368101242
usemtl m_ede1f5c5-55f8-8291-5e71-77e3daa0a758
f 14/29/8 13/30/8 15/31/8 16/32/8
f 19/33/9 17/34/9 18/35/9 20/36/9
f 17/37/10 13/38/10 14/39/10 18/40/10
f 16/41/11 15/42/11 19/43/11 20/44/11
f 15/45/12 13/46/12 17/47/12 19/48/12
f 18/49/13 14/50/13 16/51/13 20/52/13
o mesh
v -0.3281249999999998 0.013405659083205748 0.47847719155576807
v -0.3281249999999998 0.017628097880803613 0.47386920820070483
v -0.3281249999999998 0.011101667405674108 0.47636597215696913
v -0.3281249999999998 0.01532410620327198 0.4717579888019059
v -0.4843749999999998 0.013405659083205748 0.47847719155576807
v -0.4843749999999998 0.017628097880803613 0.47386920820070483
v -0.4843749999999998 0.011101667405674108 0.47636597215696913
v -0.4843749999999998 0.01532410620327198 0.4717579888019059
vt 0.46875 0.40625
vt 0.4375 0.40625
vt 0.4375 0.375
vt 0.46875 0.375
vt 0.53125 0.375
vt 0.53125 0.40625
vt 0.5 0.40625
vt 0.5 0.375
vt 0.53125 0.625
vt 0.625 0.625
vt 0.625 0.65625
vt 0.53125 0.65625
vt 0.46875 0.4375
vt 0.46875 0.46875
vt 0.375 0.46875
vt 0.375 0.4375
vt 0.625 0.5625
vt 0.625 0.59375
vt 0.53125 0.59375
vt 0.53125 0.5625
vt 0.625 0.53125
vt 0.53125 0.53125
vt 0.53125 0.5
vt 0.625 0.5
vn 1 0 0
vn -1 0 0
vn 0 0.7372773368101242 0.6755902076156601
vn 0 -0.7372773368101242 -0.6755902076156601
vn 0 -0.6755902076156601 0.7372773368101242
vn 0 0.6755902076156601 -0.7372773368101242
usemtl m_ede1f5c5-55f8-8291-5e71-77e3daa0a758
f 22/53/14 21/54/14 23/55/14 24/56/14
f 27/57/15 25/58/15 26/59/15 28/60/15
f 25/61/16 21/62/16 22/63/16 26/64/16
f 24/65/17 23/66/17 27/67/17 28/68/17
f 23/69/18 21/70/18 25/71/18 27/72/18
f 26/73/19 22/74/19 24/75/19 28/76/19
o mesh
v -0.4781249999999998 0.01762809788080353 0.4738692082007049
v -0.4781249999999998 0.07251980224957591 0.4139654245848823
v -0.4781249999999998 0.01532410620327189 0.47175798880190595
v -0.4781249999999998 0.07021581057204428 0.4118542051860834
v -0.4843749999999998 0.01762809788080353 0.4738692082007049
v -0.4843749999999998 0.07251980224957591 0.4139654245848823
v -0.4843749999999998 0.01532410620327189 0.47175798880190595
v -0.4843749999999998 0.07021581057204428 0.4118542051860834
vt 0.625 0.46875
vt 0.59375 0.46875
vt 0.59375 0.4375
vt 0.625 0.4375
vt 0.59375 0.375
vt 0.59375 0.40625
vt 0.5625 0.40625
vt 0.5625 0.375
vt 0 0.34375
vt 0.03125 0.34375
vt 0.03125 0.375
vt 0 0.375
vt 0.09375 0.34375
vt 0.09375 0.375
vt 0.0625 0.375
vt 0.0625 0.34375
vt 0.65625 0.375
vt 0.65625 0.40625
vt 0.625 0.40625
vt 0.625 0.375
vt 0.6875 1
vt 0.65625 1
vt 0.65625 0.96875
vt 0.6875 0.96875
vn 1 0 0
vn -1 0 0
vn 0 0.7372773368101242 0.6755902076156601
vn 0 -0.7372773368101242 -0.6755902076156601
vn 0 -0.6755902076156601 0.7372773368101242
vn 0 0.6755902076156601 -0.7372773368101242
usemtl m_ede1f5c5-55f8-8291-5e71-77e3daa0a758
f 30/77/20 29/78/20 31/79/20 32/80/20
f 35/81/21 33/82/21 34/83/21 36/84/21
f 33/85/22 29/86/22 30/87/22 34/88/22
f 32/89/23 31/90/23 35/91/23 36/92/23
f 31/93/24 29/94/24 33/95/24 35/96/24
f 34/97/25 30/98/25 32/99/25 36/100/25
o mesh
v -0.3281250000000001 0.01762809788080353 0.4738692082007049
v -0.3281250000000001 0.07251980224957591 0.4139654245848823
v -0.3281250000000001 0.01532410620327189 0.47175798880190595
v -0.3281250000000001 0.07021581057204428 0.4118542051860834
v -0.3343750000000001 0.01762809788080353 0.4738692082007049
v -0.3343750000000001 0.07251980224957591 0.4139654245848823
v -0.3343750000000001 0.01532410620327189 0.47175798880190595
v -0.3343750000000001 0.07021581057204428 0.4118542051860834
vt 0.6875 0.9375
vt 0.65625 0.9375
vt 0.65625 0.90625
vt 0.6875 0.90625
vt 0.15625 0.3125
vt 0.15625 0.34375
vt 0.125 0.34375
vt 0.125 0.3125
vt 0.65625 0.84375
vt 0.6875 0.84375
vt 0.6875 0.875
vt 0.65625 0.875
vt 0.21875 0.3125
vt 0.21875 0.34375
vt 0.1875 0.34375
vt 0.1875 0.3125
vt 0.6875 0.78125
vt 0.6875 0.8125
vt 0.65625 0.8125
vt 0.65625 0.78125
vt 0.28125 0.34375
vt 0.25 0.34375
vt 0.25 0.3125
vt 0.28125 0.3125
vn 1 0 0
vn -1 0 0
vn 0 0.7372773368101242 0.6755902076156601
vn 0 -0.7372773368101242 -0.6755902076156601
vn 0 -0.6755902076156601 0.7372773368101242
vn 0 0.6755902076156601 -0.7372773368101242
usemtl m_ede1f5c5-55f8-8291-5e71-77e3daa0a758
f 38/101/26 37/102/26 39/103/26 40/104/26
f 43/105/27 41/106/27 42/107/27 44/108/27
f 41/109/28 37/110/28 38/111/28 42/112/28
f 40/113/29 39/114/29 43/115/29 44/116/29
f 39/117/30 37/118/30 41/119/30 43/120/30
f 42/121/31 38/122/31 40/123/31 44/124/31
o mesh
v -0.3999999999999998 0.04062045955083649 0.4443717782692907
v -0.3999999999999998 0.04089308072186984 0.4381277268844041
v -0.3999999999999998 -0.0015268872971481266 0.44253158536481557
v -0.3999999999999998 -0.0012542661261147788 0.436287533979929
v -0.41249999999999976 0.04062045955083649 0.4443717782692907
v -0.41249999999999976 0.04089308072186984 0.4381277268844041
v -0.41249999999999976 -0.0015268872971481266 0.44253158536481557
v -0.41249999999999976 -0.0012542661261147788 0.436287533979929
vt 0.6875 0.75
vt 0.65625 0.75
vt 0.65625 0.71875
vt 0.6875 0.71875
vt 0.34375 0.3125
vt 0.34375 0.34375
vt 0.3125 0.34375
vt 0.3125 0.3125
vt 0.65625 0.65625
vt 0.6875 0.65625
vt 0.6875 0.6875
vt 0.65625 0.6875
vt 0.40625 0.3125
vt 0.40625 0.34375
vt 0.375 0.34375
vt 0.375 0.3125
vt 0.6875 0.59375
vt 0.6875 0.625
vt 0.65625 0.625
vt 0.65625 0.59375
vt 0.46875 0.34375
vt 0.4375 0.34375
vt 0.4375 0.3125
vt 0.46875 0.3125
vn 1 0 0
vn -1 0 0
vn 0 0.9990482215818579 0.04361938736533588
vn 0 -0.9990482215818579 -0.04361938736533588
vn 0 -0.04361938736533588 0.9990482215818579
vn 0 0.04361938736533588 -0.9990482215818579
usemtl m_ede1f5c5-55f8-8291-5e71-77e3daa0a758
f 46/125/32 45/126/32 47/127/32 48/128/32
f 51/129/33 49/130/33 50/131/33 52/132/33
f 49/133/34 45/134/34 46/135/34 50/136/34
f 48/137/35 47/138/35 51/139/35 52/140/35
f 47/141/36 45/142/36 49/143/36 51/144/36
f 50/145/37 46/146/37 48/147/37 52/148/37
o plane
v -0.33437499999999976 0.016476102042037772 0.4728135985013054
v -0.33437499999999976 0.07136780641081016 0.4129098148854828
v -0.4781249999999998 0.016476102042037772 0.4728135985013054
v -0.4781249999999998 0.07136780641081016 0.4129098148854828
vt 0.3125 0.34375
vt 0.3125 0.40625
vt 0.21875 0.40625
vt 0.21875 0.34375
vn 0 0.7372773368101242 0.6755902076156601
usemtl m_ede1f5c5-55f8-8291-5e71-77e3daa0a758
f 53/149/38 54/150/38 56/151/38 55/152/38
o mesh
v -0.17187499999999975 0.011101667405674084 0.4763659721569692
v -0.17187499999999975 0.07443824936964222 0.40724622183102005
v -0.17187499999999975 0.008797675728142447 0.47425475275817025
v -0.17187499999999975 0.07213425769211057 0.4051350024322211
v -0.3281249999999998 0.011101667405674084 0.4763659721569692
v -0.3281249999999998 0.07443824936964222 0.40724622183102005
v -0.3281249999999998 0.008797675728142447 0.47425475275817025
v -0.3281249999999998 0.07213425769211057 0.4051350024322211
vt 0.5625 0.46875
vt 0.5 0.46875
vt 0.5 0.4375
vt 0.5625 0.4375
vt 0.1875 0.375
vt 0.1875 0.40625
vt 0.125 0.40625
vt 0.125 0.375
vt 0 0.40625
vt 0.09375 0.40625
vt 0.09375 0.46875
vt 0 0.46875
vt 0.625 0.9375
vt 0.625 1
vt 0.53125 1
vt 0.53125 0.9375
vt 0.625 0.875
vt 0.625 0.90625
vt 0.53125 0.90625
vt 0.53125 0.875
vt 0.21875 0.46875
vt 0.125 0.46875
vt 0.125 0.4375
vt 0.21875 0.4375
vn 1 0 0
vn -1 0 0
vn 0 0.7372773368101242 0.6755902076156601
vn 0 -0.7372773368101242 -0.6755902076156601
vn 0 -0.6755902076156601 0.7372773368101242
vn 0 0.6755902076156601 -0.7372773368101242
usemtl m_ede1f5c5-55f8-8291-5e71-77e3daa0a758
f 58/153/39 57/154/39 59/155/39 60/156/39
f 63/157/40 61/158/40 62/159/40 64/160/40
f 61/161/41 57/162/41 58/163/41 62/164/41
f 60/165/42 59/166/42 63/167/42 64/168/42
f 59/169/43 57/170/43 61/171/43 63/172/43
f 62/173/44 58/174/44 60/175/44 64/176/44
o mesh
v -0.17187499999999975 0.072519802249576 0.4139654245848822
v -0.17187499999999975 0.07674224104717385 0.409357441229819
v -0.17187499999999975 0.07021581057204435 0.4118542051860833
v -0.17187499999999975 0.07443824936964222 0.40724622183102005
v -0.3281249999999998 0.072519802249576 0.4139654245848822
v -0.3281249999999998 0.07674224104717385 0.409357441229819
v -0.3281249999999998 0.07021581057204435 0.4118542051860833
v -0.3281249999999998 0.07443824936964222 0.40724622183102005
vt 0.34375 0.40625
vt 0.3125 0.40625
vt 0.3125 0.375
vt 0.34375 0.375
vt 0.40625 0.375
vt 0.40625 0.40625
vt 0.375 0.40625
vt 0.375 0.375
vt 0.53125 0.8125
vt 0.625 0.8125
vt 0.625 0.84375
vt 0.53125 0.84375
vt 0.625 0.75
vt 0.625 0.78125
vt 0.53125 0.78125
vt 0.53125 0.75
vt 0.34375 0.4375
vt 0.34375 0.46875
vt 0.25 0.46875
vt 0.25 0.4375
vt 0.625 0.71875
vt 0.53125 0.71875
vt 0.53125 0.6875
vt 0.625 0.6875
vn 1 0 0
vn -1 0 0
vn 0 0.7372773368101242 0.6755902076156601
vn 0 -0.7372773368101242 -0.6755902076156601
vn 0 -0.6755902076156601 0.7372773368101242
vn 0 0.6755902076156601 -0.7372773368101242
usemtl m_ede1f5c5-55f8-8291-5e71-77e3daa0a758
f 66/177/45 65/178/45 67/179/45 68/180/45
f 71/181/46 69/182/46 70/183/46 72/184/46
f 69/185/47 65/186/47 66/187/47 70/188/47
f 68/189/48 67/190/48 71/191/48 72/192/48
f 67/193/49 65/194/49 69/195/49 71/196/49
f 70/197/50 66/198/50 68/199/50 72/200/50
o mesh
v -0.17187499999999975 0.013405659083205748 0.47847719155576807
v -0.17187499999999975 0.017628097880803613 0.47386920820070483
v -0.17187499999999975 0.011101667405674108 0.47636597215696913
v -0.17187499999999975 0.01532410620327198 0.4717579888019059
v -0.3281249999999998 0.013405659083205748 0.47847719155576807
v -0.3281249999999998 0.017628097880803613 0.47386920820070483
v -0.3281249999999998 0.011101667405674108 0.47636597215696913
v -0.3281249999999998 0.01532410620327198 0.4717579888019059
vt 0.46875 0.40625
vt 0.4375 0.40625
vt 0.4375 0.375
vt 0.46875 0.375
vt 0.53125 0.375
vt 0.53125 0.40625
vt 0.5 0.40625
vt 0.5 0.375
vt 0.53125 0.625
vt 0.625 0.625
vt 0.625 0.65625
vt 0.53125 0.65625
vt 0.46875 0.4375
vt 0.46875 0.46875
vt 0.375 0.46875
vt 0.375 0.4375
vt 0.625 0.5625
vt 0.625 0.59375
vt 0.53125 0.59375
vt 0.53125 0.5625
vt 0.625 0.53125
vt 0.53125 0.53125
vt 0.53125 0.5
vt 0.625 0.5
vn 1 0 0
vn -1 0 0
vn 0 0.7372773368101242 0.6755902076156601
vn 0 -0.7372773368101242 -0.6755902076156601
vn 0 -0.6755902076156601 0.7372773368101242
vn 0 0.6755902076156601 -0.7372773368101242
usemtl m_ede1f5c5-55f8-8291-5e71-77e3daa0a758
f 74/201/51 73/202/51 75/203/51 76/204/51
f 79/205/52 77/206/52 78/207/52 80/208/52
f 77/209/53 73/210/53 74/211/53 78/212/53
f 76/213/54 75/214/54 79/215/54 80/216/54
f 75/217/55 73/218/55 77/219/55 79/220/55
f 78/221/56 74/222/56 76/223/56 80/224/56
o mesh
v -0.32187499999999974 0.01762809788080353 0.4738692082007049
v -0.32187499999999974 0.07251980224957591 0.4139654245848823
v -0.32187499999999974 0.01532410620327189 0.47175798880190595
v -0.32187499999999974 0.07021581057204428 0.4118542051860834
v -0.3281249999999998 0.01762809788080353 0.4738692082007049
v -0.3281249999999998 0.07251980224957591 0.4139654245848823
v -0.3281249999999998 0.01532410620327189 0.47175798880190595
v -0.3281249999999998 0.07021581057204428 0.4118542051860834
vt 0.625 0.46875
vt 0.59375 0.46875
vt 0.59375 0.4375
vt 0.625 0.4375
vt 0.59375 0.375
vt 0.59375 0.40625
vt 0.5625 0.40625
vt 0.5625 0.375
vt 0 0.34375
vt 0.03125 0.34375
vt 0.03125 0.375
vt 0 0.375
vt 0.09375 0.34375
vt 0.09375 0.375
vt 0.0625 0.375
vt 0.0625 0.34375
vt 0.65625 0.375
vt 0.65625 0.40625
vt 0.625 0.40625
vt 0.625 0.375
vt 0.6875 1
vt 0.65625 1
vt 0.65625 0.96875
vt 0.6875 0.96875
vn 1 0 0
vn -1 0 0
vn 0 0.7372773368101242 0.6755902076156601
vn 0 -0.7372773368101242 -0.6755902076156601
vn 0 -0.6755902076156601 0.7372773368101242
vn 0 0.6755902076156601 -0.7372773368101242
usemtl m_ede1f5c5-55f8-8291-5e71-77e3daa0a758
f 82/225/57 81/226/57 83/227/57 84/228/57
f 87/229/58 85/230/58 86/231/58 88/232/58
f 85/233/59 81/234/59 82/235/59 86/236/59
f 84/237/60 83/238/60 87/239/60 88/240/60
f 83/241/61 81/242/61 85/243/61 87/244/61
f 86/245/62 82/246/62 84/247/62 88/248/62
o mesh
v -0.17187500000000006 0.01762809788080353 0.4738692082007049
v -0.17187500000000006 0.07251980224957591 0.4139654245848823
v -0.17187500000000006 0.01532410620327189 0.47175798880190595
v -0.17187500000000006 0.07021581057204428 0.4118542051860834
v -0.17812500000000006 0.01762809788080353 0.4738692082007049
v -0.17812500000000006 0.07251980224957591 0.4139654245848823
v -0.17812500000000006 0.01532410620327189 0.47175798880190595
v -0.17812500000000006 0.07021581057204428 0.4118542051860834
vt 0.6875 0.9375
vt 0.65625 0.9375
vt 0.65625 0.90625
vt 0.6875 0.90625
vt 0.15625 0.3125
vt 0.15625 0.34375
vt 0.125 0.34375
vt 0.125 0.3125
vt 0.65625 0.84375
vt 0.6875 0.84375
vt 0.6875 0.875
vt 0.65625 0.875
vt 0.21875 0.3125
vt 0.21875 0.34375
vt 0.1875 0.34375
vt 0.1875 0.3125
vt 0.6875 0.78125
vt 0.6875 0.8125
vt 0.65625 0.8125
vt 0.65625 0.78125
vt 0.28125 0.34375
vt 0.25 0.34375
vt 0.25 0.3125
vt 0.28125 0.3125
vn 1 0 0
vn -1 0 0
vn 0 0.7372773368101242 0.6755902076156601
vn 0 -0.7372773368101242 -0.6755902076156601
vn 0 -0.6755902076156601 0.7372773368101242
vn 0 0.6755902076156601 -0.7372773368101242
usemtl m_ede1f5c5-55f8-8291-5e71-77e3daa0a758
f 90/249/63 89/250/63 91/251/63 92/252/63
f 95/253/64 93/254/64 94/255/64 96/256/64
f 93/257/65 89/258/65 90/259/65 94/260/65
f 92/261/66 91/262/66 95/263/66 96/264/66
f 91/265/67 89/266/67 93/267/67 95/268/67
f 94/269/68 90/270/68 92/271/68 96/272/68
o mesh
v -0.24374999999999974 0.04062045955083649 0.4443717782692907
v -0.24374999999999974 0.04089308072186984 0.4381277268844041
v -0.24374999999999974 -0.0015268872971481266 0.44253158536481557
v -0.24374999999999974 -0.0012542661261147788 0.436287533979929
v -0.25624999999999976 0.04062045955083649 0.4443717782692907
v -0.25624999999999976 0.04089308072186984 0.4381277268844041
v -0.25624999999999976 -0.0015268872971481266 0.44253158536481557
v -0.25624999999999976 -0.0012542661261147788 0.436287533979929
vt 0.6875 0.75
vt 0.65625 0.75
vt 0.65625 0.71875
vt 0.6875 0.71875
vt 0.34375 0.3125
vt 0.34375 0.34375
vt 0.3125 0.34375
vt 0.3125 0.3125
vt 0.65625 0.65625
vt 0.6875 0.65625
vt 0.6875 0.6875
vt 0.65625 0.6875
vt 0.40625 0.3125
vt 0.40625 0.34375
vt 0.375 0.34375
vt 0.375 0.3125
vt 0.6875 0.59375
vt 0.6875 0.625
vt 0.65625 0.625
vt 0.65625 0.59375
vt 0.46875 0.34375
vt 0.4375 0.34375
vt 0.4375 0.3125
vt 0.46875 0.3125
vn 1 0 0
vn -1 0 0
vn 0 0.9990482215818579 0.04361938736533588
vn 0 -0.9990482215818579 -0.04361938736533588
vn 0 -0.04361938736533588 0.9990482215818579
vn 0 0.04361938736533588 -0.9990482215818579
usemtl m_ede1f5c5-55f8-8291-5e71-77e3daa0a758
f 98/273/69 97/274/69 99/275/69 100/276/69
f 103/277/70 101/278/70 102/279/70 104/280/70
f 101/281/71 97/282/71 98/283/71 102/284/71
f 100/285/72 99/286/72 103/287/72 104/288/72
f 99/289/73 97/290/73 101/291/73 103/292/73
f 102/293/74 98/294/74 100/295/74 104/296/74
o plane
v -0.17812499999999976 0.016476102042037772 0.4728135985013054
v -0.17812499999999976 0.07136780641081016 0.4129098148854828
v -0.32187499999999974 0.016476102042037772 0.4728135985013054
v -0.32187499999999974 0.07136780641081016 0.4129098148854828
vt 0.3125 0.34375
vt 0.3125 0.40625
vt 0.21875 0.40625
vt 0.21875 0.34375
vn 0 0.7372773368101242 0.6755902076156601
usemtl m_ede1f5c5-55f8-8291-5e71-77e3daa0a758
f 105/297/75 106/298/75 108/299/75 107/300/75
o mesh
v -0.015624999999999778 0.011101667405674084 0.4763659721569692
v -0.015624999999999778 0.07443824936964222 0.40724622183102005
v -0.015624999999999778 0.008797675728142447 0.47425475275817025
v -0.015624999999999778 0.07213425769211057 0.4051350024322211
v -0.17187499999999978 0.011101667405674084 0.4763659721569692
v -0.17187499999999978 0.07443824936964222 0.40724622183102005
v -0.17187499999999978 0.008797675728142447 0.47425475275817025
v -0.17187499999999978 0.07213425769211057 0.4051350024322211
vt 0.5625 0.46875
vt 0.5 0.46875
vt 0.5 0.4375
vt 0.5625 0.4375
vt 0.1875 0.375
vt 0.1875 0.40625
vt 0.125 0.40625
vt 0.125 0.375
vt 0 0.40625
vt 0.09375 0.40625
vt 0.09375 0.46875
vt 0 0.46875
vt 0.625 0.9375
vt 0.625 1
vt 0.53125 1
vt 0.53125 0.9375
vt 0.625 0.875
vt 0.625 0.90625
vt 0.53125 0.90625
vt 0.53125 0.875
vt 0.21875 0.46875
vt 0.125 0.46875
vt 0.125 0.4375
vt 0.21875 0.4375
vn 1 0 0
vn -1 0 0
vn 0 0.7372773368101242 0.6755902076156601
vn 0 -0.7372773368101242 -0.6755902076156601
vn 0 -0.6755902076156601 0.7372773368101242
vn 0 0.6755902076156601 -0.7372773368101242
usemtl m_ede1f5c5-55f8-8291-5e71-77e3daa0a758
f 110/301/76 109/302/76 111/303/76 112/304/76
f 115/305/77 113/306/77 114/307/77 116/308/77
f 113/309/78 109/310/78 110/311/78 114/312/78
f 112/313/79 111/314/79 115/315/79 116/316/79
f 111/317/80 109/318/80 113/319/80 115/320/80
f 114/321/81 110/322/81 112/323/81 116/324/81
o mesh
v -0.015624999999999778 0.072519802249576 0.4139654245848822
v -0.015624999999999778 0.07674224104717385 0.409357441229819
v -0.015624999999999778 0.07021581057204435 0.4118542051860833
v -0.015624999999999778 0.07443824936964222 0.40724622183102005
v -0.17187499999999978 0.072519802249576 0.4139654245848822
v -0.17187499999999978 0.07674224104717385 0.409357441229819
v -0.17187499999999978 0.07021581057204435 0.4118542051860833
v -0.17187499999999978 0.07443824936964222 0.40724622183102005
vt 0.34375 0.40625
vt 0.3125 0.40625
vt 0.3125 0.375
vt 0.34375 0.375
vt 0.40625 0.375
vt 0.40625 0.40625
vt 0.375 0.40625
vt 0.375 0.375
vt 0.53125 0.8125
vt 0.625 0.8125
vt 0.625 0.84375
vt 0.53125 0.84375
vt 0.625 0.75
vt 0.625 0.78125
vt 0.53125 0.78125
vt 0.53125 0.75
vt 0.34375 0.4375
vt 0.34375 0.46875
vt 0.25 0.46875
vt 0.25 0.4375
vt 0.625 0.71875
vt 0.53125 0.71875
vt 0.53125 0.6875
vt 0.625 0.6875
vn 1 0 0
vn -1 0 0
vn 0 0.7372773368101242 0.6755902076156601
vn 0 -0.7372773368101242 -0.6755902076156601
vn 0 -0.6755902076156601 0.7372773368101242
vn 0 0.6755902076156601 -0.7372773368101242
usemtl m_ede1f5c5-55f8-8291-5e71-77e3daa0a758
f 118/325/82 117/326/82 119/327/82 120/328/82
f 123/329/83 121/330/83 122/331/83 124/332/83
f 121/333/84 117/334/84 118/335/84 122/336/84
f 120/337/85 119/338/85 123/339/85 124/340/85
f 119/341/86 117/342/86 121/343/86 123/344/86
f 122/345/87 118/346/87 120/347/87 124/348/87
o mesh
v -0.015624999999999778 0.013405659083205748 0.47847719155576807
v -0.015624999999999778 0.017628097880803613 0.47386920820070483
v -0.015624999999999778 0.011101667405674108 0.47636597215696913
v -0.015624999999999778 0.01532410620327198 0.4717579888019059
v -0.17187499999999978 0.013405659083205748 0.47847719155576807
v -0.17187499999999978 0.017628097880803613 0.47386920820070483
v -0.17187499999999978 0.011101667405674108 0.47636597215696913
v -0.17187499999999978 0.01532410620327198 0.4717579888019059
vt 0.46875 0.40625
vt 0.4375 0.40625
vt 0.4375 0.375
vt 0.46875 0.375
vt 0.53125 0.375
vt 0.53125 0.40625
vt 0.5 0.40625
vt 0.5 0.375
vt 0.53125 0.625
vt 0.625 0.625
vt 0.625 0.65625
vt 0.53125 0.65625
vt 0.46875 0.4375
vt 0.46875 0.46875
vt 0.375 0.46875
vt 0.375 0.4375
vt 0.625 0.5625
vt 0.625 0.59375
vt 0.53125 0.59375
vt 0.53125 0.5625
vt 0.625 0.53125
vt 0.53125 0.53125
vt 0.53125 0.5
vt 0.625 0.5
vn 1 0 0
vn -1 0 0
vn 0 0.7372773368101242 0.6755902076156601
vn 0 -0.7372773368101242 -0.6755902076156601
vn 0 -0.6755902076156601 0.7372773368101242
vn 0 0.6755902076156601 -0.7372773368101242
usemtl m_ede1f5c5-55f8-8291-5e71-77e3daa0a758
f 126/349/88 125/350/88 127/351/88 128/352/88
f 131/353/89 129/354/89 130/355/89 132/356/89
f 129/357/90 125/358/90 126/359/90 130/360/90
f 128/361/91 127/362/91 131/363/91 132/364/91
f 127/365/92 125/366/92 129/367/92 131/368/92
f 130/369/93 126/370/93 128/371/93 132/372/93
o mesh
v -0.1656249999999998 0.01762809788080353 0.4738692082007049
v -0.1656249999999998 0.07251980224957591 0.4139654245848823
v -0.1656249999999998 0.01532410620327189 0.47175798880190595
v -0.1656249999999998 0.07021581057204428 0.4118542051860834
v -0.17187499999999978 0.01762809788080353 0.4738692082007049
v -0.17187499999999978 0.07251980224957591 0.4139654245848823
v -0.17187499999999978 0.01532410620327189 0.47175798880190595
v -0.17187499999999978 0.07021581057204428 0.4118542051860834
vt 0.625 0.46875
vt 0.59375 0.46875
vt 0.59375 0.4375
vt 0.625 0.4375
vt 0.59375 0.375
vt 0.59375 0.40625
vt 0.5625 0.40625
vt 0.5625 0.375
vt 0 0.34375
vt 0.03125 0.34375
vt 0.03125 0.375
vt 0 0.375
vt 0.09375 0.34375
vt 0.09375 0.375
vt 0.0625 0.375
vt 0.0625 0.34375
vt 0.65625 0.375
vt 0.65625 0.40625
vt 0.625 0.40625
vt 0.625 0.375
vt 0.6875 1
vt 0.65625 1
vt 0.65625 0.96875
vt 0.6875 0.96875
vn 1 0 0
vn -1 0 0
vn 0 0.7372773368101242 0.6755902076156601
vn 0 -0.7372773368101242 -0.6755902076156601
vn 0 -0.6755902076156601 0.7372773368101242
vn 0 0.6755902076156601 -0.7372773368101242
usemtl m_ede1f5c5-55f8-8291-5e71-77e3daa0a758
f 134/373/94 133/374/94 135/375/94 136/376/94
f 139/377/95 137/378/95 138/379/95 140/380/95
f 137/381/96 133/382/96 134/383/96 138/384/96
f 136/385/97 135/386/97 139/387/97 140/388/97
f 135/389/98 133/390/98 137/391/98 139/392/98
f 138/393/99 134/394/99 136/395/99 140/396/99
o mesh
v -0.015625000000000097 0.01762809788080353 0.4738692082007049
v -0.015625000000000097 0.07251980224957591 0.4139654245848823
v -0.015625000000000097 0.01532410620327189 0.47175798880190595
v -0.015625000000000097 0.07021581057204428 0.4118542051860834
v -0.02187500000000009 0.01762809788080353 0.4738692082007049
v -0.02187500000000009 0.07251980224957591 0.4139654245848823
v -0.02187500000000009 0.01532410620327189 0.47175798880190595
v -0.02187500000000009 0.07021581057204428 0.4118542051860834
vt 0.6875 0.9375
vt 0.65625 0.9375
vt 0.65625 0.90625
vt 0.6875 0.90625
vt 0.15625 0.3125
vt 0.15625 0.34375
vt 0.125 0.34375
vt 0.125 0.3125
vt 0.65625 0.84375
vt 0.6875 0.84375
vt 0.6875 0.875
vt 0.65625 0.875
vt 0.21875 0.3125
vt 0.21875 0.34375
vt 0.1875 0.34375
vt 0.1875 0.3125
vt 0.6875 0.78125
vt 0.6875 0.8125
vt 0.65625 0.8125
vt 0.65625 0.78125
vt 0.28125 0.34375
vt 0.25 0.34375
vt 0.25 0.3125
vt 0.28125 0.3125
vn 1 0 0
vn -1 0 0
vn 0 0.7372773368101242 0.6755902076156601
vn 0 -0.7372773368101242 -0.6755902076156601
vn 0 -0.6755902076156601 0.7372773368101242
vn 0 0.6755902076156601 -0.7372773368101242
usemtl m_ede1f5c5-55f8-8291-5e71-77e3daa0a758
f 142/397/100 141/398/100 143/399/100 144/400/100
f 147/401/101 145/402/101 146/403/101 148/404/101
f 145/405/102 141/406/102 142/407/102 146/408/102
f 144/409/103 143/410/103 147/411/103 148/412/103
f 143/413/104 141/414/104 145/415/104 147/416/104
f 146/417/105 142/418/105 144/419/105 148/420/105
o mesh
v -0.08749999999999977 0.04062045955083649 0.4443717782692907
v -0.08749999999999977 0.04089308072186984 0.4381277268844041
v -0.08749999999999977 -0.0015268872971481266 0.44253158536481557
v -0.08749999999999977 -0.0012542661261147788 0.436287533979929
v -0.09999999999999978 0.04062045955083649 0.4443717782692907
v -0.09999999999999978 0.04089308072186984 0.4381277268844041
v -0.09999999999999978 -0.0015268872971481266 0.44253158536481557
v -0.09999999999999978 -0.0012542661261147788 0.436287533979929
vt 0.6875 0.75
vt 0.65625 0.75
vt 0.65625 0.71875
vt 0.6875 0.71875
vt 0.34375 0.3125
vt 0.34375 0.34375
vt 0.3125 0.34375
vt 0.3125 0.3125
vt 0.65625 0.65625
vt 0.6875 0.65625
vt 0.6875 0.6875
vt 0.65625 0.6875
vt 0.40625 0.3125
vt 0.40625 0.34375
vt 0.375 0.34375
vt 0.375 0.3125
vt 0.6875 0.59375
vt 0.6875 0.625
vt 0.65625 0.625
vt 0.65625 0.59375
vt 0.46875 0.34375
vt 0.4375 0.34375
vt 0.4375 0.3125
vt 0.46875 0.3125
vn 1 0 0
vn -1 0 0
vn 0 0.9990482215818579 0.04361938736533588
vn 0 -0.9990482215818579 -0.04361938736533588
vn 0 -0.04361938736533588 0.9990482215818579
vn 0 0.04361938736533588 -0.9990482215818579
usemtl m_ede1f5c5-55f8-8291-5e71-77e3daa0a758
f 150/421/106 149/422/106 151/423/106 152/424/106
f 155/425/107 153/426/107 154/427/107 156/428/107
f 153/429/108 149/430/108 150/431/108 154/432/108
f 152/433/109 151/434/109 155/435/109 156/436/109
f 151/437/110 149/438/110 153/439/110 155/440/110
f 154/441/111 150/442/111 152/443/111 156/444/111
o plane
v -0.021874999999999784 0.016476102042037772 0.4728135985013054
v -0.021874999999999784 0.07136780641081016 0.4129098148854828
v -0.16562499999999977 0.016476102042037772 0.4728135985013054
v -0.16562499999999977 0.07136780641081016 0.4129098148854828
vt 0.3125 0.34375
vt 0.3125 0.40625
vt 0.21875 0.40625
vt 0.21875 0.34375
vn 0 0.7372773368101242 0.6755902076156601
usemtl m_ede1f5c5-55f8-8291-5e71-77e3daa0a758
f 157/445/112 158/446/112 160/447/112 159/448/112
o mesh
v 0.14062500000000022 0.011101667405674084 0.4763659721569692
v 0.14062500000000022 0.07443824936964222 0.40724622183102005
v 0.14062500000000022 0.008797675728142447 0.47425475275817025
v 0.14062500000000022 0.07213425769211057 0.4051350024322211
v -0.015624999999999778 0.011101667405674084 0.4763659721569692
v -0.015624999999999778 0.07443824936964222 0.40724622183102005
v -0.015624999999999778 0.008797675728142447 0.47425475275817025
v -0.015624999999999778 0.07213425769211057 0.4051350024322211
vt 0.5625 0.46875
vt 0.5 0.46875
vt 0.5 0.4375
vt 0.5625 0.4375
vt 0.1875 0.375
vt 0.1875 0.40625
vt 0.125 0.40625
vt 0.125 0.375
vt 0 0.40625
vt 0.09375 0.40625
vt 0.09375 0.46875
vt 0 0.46875
vt 0.625 0.9375
vt 0.625 1
vt 0.53125 1
vt 0.53125 0.9375
vt 0.625 0.875
vt 0.625 0.90625
vt 0.53125 0.90625
vt 0.53125 0.875
vt 0.21875 0.46875
vt 0.125 0.46875
vt 0.125 0.4375
vt 0.21875 0.4375
vn 1 0 0
vn -1 0 0
vn 0 0.7372773368101242 0.6755902076156601
vn 0 -0.7372773368101242 -0.6755902076156601
vn 0 -0.6755902076156601 0.7372773368101242
vn 0 0.6755902076156601 -0.7372773368101242
usemtl m_ede1f5c5-55f8-8291-5e71-77e3daa0a758
f 162/449/113 161/450/113 163/451/113 164/452/113
f 167/453/114 165/454/114 166/455/114 168/456/114
f 165/457/115 161/458/115 162/459/115 166/460/115
f 164/461/116 163/462/116 167/463/116 168/464/116
f 163/465/117 161/466/117 165/467/117 167/468/117
f 166/469/118 162/470/118 164/471/118 168/472/118
o mesh
v 0.14062500000000022 0.072519802249576 0.4139654245848822
v 0.14062500000000022 0.07674224104717385 0.409357441229819
v 0.14062500000000022 0.07021581057204435 0.4118542051860833
v 0.14062500000000022 0.07443824936964222 0.40724622183102005
v -0.015624999999999778 0.072519802249576 0.4139654245848822
v -0.015624999999999778 0.07674224104717385 0.409357441229819
v -0.015624999999999778 0.07021581057204435 0.4118542051860833
v -0.015624999999999778 0.07443824936964222 0.40724622183102005
vt 0.34375 0.40625
vt 0.3125 0.40625
vt 0.3125 0.375
vt 0.34375 0.375
vt 0.40625 0.375
vt 0.40625 0.40625
vt 0.375 0.40625
vt 0.375 0.375
vt 0.53125 0.8125
vt 0.625 0.8125
vt 0.625 0.84375
vt 0.53125 0.84375
vt 0.625 0.75
vt 0.625 0.78125
vt 0.53125 0.78125
vt 0.53125 0.75
vt 0.34375 0.4375
vt 0.34375 0.46875
vt 0.25 0.46875
vt 0.25 0.4375
vt 0.625 0.71875
vt 0.53125 0.71875
vt 0.53125 0.6875
vt 0.625 0.6875
vn 1 0 0
vn -1 0 0
vn 0 0.7372773368101242 0.6755902076156601
vn 0 -0.7372773368101242 -0.6755902076156601
vn 0 -0.6755902076156601 0.7372773368101242
vn 0 0.6755902076156601 -0.7372773368101242
usemtl m_ede1f5c5-55f8-8291-5e71-77e3daa0a758
f 170/473/119 169/474/119 171/475/119 172/476/119
f 175/477/120 173/478/120 174/479/120 176/480/120
f 173/481/121 169/482/121 170/483/121 174/484/121
f 172/485/122 171/486/122 175/487/122 176/488/122
f 171/489/123 169/490/123 173/491/123 175/492/123
f 174/493/124 170/494/124 172/495/124 176/496/124
o mesh
v 0.14062500000000022 0.013405659083205748 0.47847719155576807
v 0.14062500000000022 0.017628097880803613 0.47386920820070483
v 0.14062500000000022 0.011101667405674108 0.47636597215696913
v 0.14062500000000022 0.01532410620327198 0.4717579888019059
v -0.015624999999999778 0.013405659083205748 0.47847719155576807
v -0.015624999999999778 0.017628097880803613 0.47386920820070483
v -0.015624999999999778 0.011101667405674108 0.47636597215696913
v -0.015624999999999778 0.01532410620327198 0.4717579888019059
vt 0.46875 0.40625
vt 0.4375 0.40625
vt 0.4375 0.375
vt 0.46875 0.375
vt 0.53125 0.375
vt 0.53125 0.40625
vt 0.5 0.40625
vt 0.5 0.375
vt 0.53125 0.625
vt 0.625 0.625
vt 0.625 0.65625
vt 0.53125 0.65625
vt 0.46875 0.4375
vt 0.46875 0.46875
vt 0.375 0.46875
vt 0.375 0.4375
vt 0.625 0.5625
vt 0.625 0.59375
vt 0.53125 0.59375
vt 0.53125 0.5625
vt 0.625 0.53125
vt 0.53125 0.53125
vt 0.53125 0.5
vt 0.625 0.5
vn 1 0 0
vn -1 0 0
vn 0 0.7372773368101242 0.6755902076156601
vn 0 -0.7372773368101242 -0.6755902076156601
vn 0 -0.6755902076156601 0.7372773368101242
vn 0 0.6755902076156601 -0.7372773368101242
usemtl m_ede1f5c5-55f8-8291-5e71-77e3daa0a758
f 178/497/125 177/498/125 179/499/125 180/500/125
f 183/501/126 181/502/126 182/503/126 184/504/126
f 181/505/127 177/506/127 178/507/127 182/508/127
f 180/509/128 179/510/128 183/511/128 184/512/128
f 179/513/129 177/514/129 181/515/129 183/516/129
f 182/517/130 178/518/130 180/519/130 184/520/130
o mesh
v -0.009374999999999786 0.01762809788080353 0.4738692082007049
v -0.009374999999999786 0.07251980224957591 0.4139654245848823
v -0.009374999999999786 0.01532410620327189 0.47175798880190595
v -0.009374999999999786 0.07021581057204428 0.4118542051860834
v -0.015624999999999778 0.01762809788080353 0.4738692082007049
v -0.015624999999999778 0.07251980224957591 0.4139654245848823
v -0.015624999999999778 0.01532410620327189 0.47175798880190595
v -0.015624999999999778 0.07021581057204428 0.4118542051860834
vt 0.625 0.46875
vt 0.59375 0.46875
vt 0.59375 0.4375
vt 0.625 0.4375
vt 0.59375 0.375
vt 0.59375 0.40625
vt 0.5625 0.40625
vt 0.5625 0.375
vt 0 0.34375
vt 0.03125 0.34375
vt 0.03125 0.375
vt 0 0.375
vt 0.09375 0.34375
vt 0.09375 0.375
vt 0.0625 0.375
vt 0.0625 0.34375
vt 0.65625 0.375
vt 0.65625 0.40625
vt 0.625 0.40625
vt 0.625 0.375
vt 0.6875 1
vt 0.65625 1
vt 0.65625 0.96875
vt 0.6875 0.96875
vn 1 0 0
vn -1 0 0
vn 0 0.7372773368101242 0.6755902076156601
vn 0 -0.7372773368101242 -0.6755902076156601
vn 0 -0.6755902076156601 0.7372773368101242
vn 0 0.6755902076156601 -0.7372773368101242
usemtl m_ede1f5c5-55f8-8291-5e71-77e3daa0a758
f 186/521/131 185/522/131 187/523/131 188/524/131
f 191/525/132 189/526/132 190/527/132 192/528/132
f 189/529/133 185/530/133 186/531/133 190/532/133
f 188/533/134 187/534/134 191/535/134 192/536/134
f 187/537/135 185/538/135 189/539/135 191/540/135
f 190/541/136 186/542/136 188/543/136 192/544/136
o mesh
v 0.1406249999999999 0.01762809788080353 0.4738692082007049
v 0.1406249999999999 0.07251980224957591 0.4139654245848823
v 0.1406249999999999 0.01532410620327189 0.47175798880190595
v 0.1406249999999999 0.07021581057204428 0.4118542051860834
v 0.1343749999999999 0.01762809788080353 0.4738692082007049
v 0.1343749999999999 0.07251980224957591 0.4139654245848823
v 0.1343749999999999 0.01532410620327189 0.47175798880190595
v 0.1343749999999999 0.07021581057204428 0.4118542051860834
vt 0.6875 0.9375
vt 0.65625 0.9375
vt 0.65625 0.90625
vt 0.6875 0.90625
vt 0.15625 0.3125
vt 0.15625 0.34375
vt 0.125 0.34375
vt 0.125 0.3125
vt 0.65625 0.84375
vt 0.6875 0.84375
vt 0.6875 0.875
vt 0.65625 0.875
vt 0.21875 0.3125
vt 0.21875 0.34375
vt 0.1875 0.34375
vt 0.1875 0.3125
vt 0.6875 0.78125
vt 0.6875 0.8125
vt 0.65625 0.8125
vt 0.65625 0.78125
vt 0.28125 0.34375
vt 0.25 0.34375
vt 0.25 0.3125
vt 0.28125 0.3125
vn 1 0 0
vn -1 0 0
vn 0 0.7372773368101242 0.6755902076156601
vn 0 -0.7372773368101242 -0.6755902076156601
vn 0 -0.6755902076156601 0.7372773368101242
vn 0 0.6755902076156601 -0.7372773368101242
usemtl m_ede1f5c5-55f8-8291-5e71-77e3daa0a758
f 194/545/137 193/546/137 195/547/137 196/548/137
f 199/549/138 197/550/138 198/551/138 200/552/138
f 197/553/139 193/554/139 194/555/139 198/556/139
f 196/557/140 195/558/140 199/559/140 200/560/140
f 195/561/141 193/562/141 197/563/141 199/564/141
f 198/565/142 194/566/142 196/567/142 200/568/142
o mesh
v 0.06875000000000023 0.04062045955083649 0.4443717782692907
v 0.06875000000000023 0.04089308072186984 0.4381277268844041
v 0.06875000000000023 -0.0015268872971481266 0.44253158536481557
v 0.06875000000000023 -0.0012542661261147788 0.436287533979929
v 0.05625000000000022 0.04062045955083649 0.4443717782692907
v 0.05625000000000022 0.04089308072186984 0.4381277268844041
v 0.05625000000000022 -0.0015268872971481266 0.44253158536481557
v 0.05625000000000022 -0.0012542661261147788 0.436287533979929
vt 0.6875 0.75
vt 0.65625 0.75
vt 0.65625 0.71875
vt 0.6875 0.71875
vt 0.34375 0.3125
vt 0.34375 0.34375
vt 0.3125 0.34375
vt 0.3125 0.3125
vt 0.65625 0.65625
vt 0.6875 0.65625
vt 0.6875 0.6875
vt 0.65625 0.6875
vt 0.40625 0.3125
vt 0.40625 0.34375
vt 0.375 0.34375
vt 0.375 0.3125
vt 0.6875 0.59375
vt 0.6875 0.625
vt 0.65625 0.625
vt 0.65625 0.59375
vt 0.46875 0.34375
vt 0.4375 0.34375
vt 0.4375 0.3125
vt 0.46875 0.3125
vn 1 0 0
vn -1 0 0
vn 0 0.9990482215818579 0.04361938736533588
vn 0 -0.9990482215818579 -0.04361938736533588
vn 0 -0.04361938736533588 0.9990482215818579
vn 0 0.04361938736533588 -0.9990482215818579
usemtl m_ede1f5c5-55f8-8291-5e71-77e3daa0a758
f 202/569/143 201/570/143 203/571/143 204/572/143
f 207/573/144 205/574/144 206/575/144 208/576/144
f 205/577/145 201/578/145 202/579/145 206/580/145
f 204/581/146 203/582/146 207/583/146 208/584/146
f 203/585/147 201/586/147 205/587/147 207/588/147
f 206/589/148 202/590/148 204/591/148 208/592/148
o plane
v 0.13437500000000022 0.016476102042037772 0.4728135985013054
v 0.13437500000000022 0.07136780641081016 0.4129098148854828
v -0.009374999999999772 0.016476102042037772 0.4728135985013054
v -0.009374999999999772 0.07136780641081016 0.4129098148854828
vt 0.3125 0.34375
vt 0.3125 0.40625
vt 0.21875 0.40625
vt 0.21875 0.34375
vn 0 0.7372773368101242 0.6755902076156601
usemtl m_ede1f5c5-55f8-8291-5e71-77e3daa0a758
f 209/593/149 210/594/149 212/595/149 211/596/149
o mesh
v 0.2968750000000002 0.011101667405674084 0.4763659721569692
v 0.2968750000000002 0.07443824936964222 0.40724622183102005
v 0.2968750000000002 0.008797675728142447 0.47425475275817025
v 0.2968750000000002 0.07213425769211057 0.4051350024322211
v 0.14062500000000022 0.011101667405674084 0.4763659721569692
v 0.14062500000000022 0.07443824936964222 0.40724622183102005
v 0.14062500000000022 0.008797675728142447 0.47425475275817025
v 0.14062500000000022 0.07213425769211057 0.4051350024322211
vt 0.5625 0.46875
vt 0.5 0.46875
vt 0.5 0.4375
vt 0.5625 0.4375
vt 0.1875 0.375
vt 0.1875 0.40625
vt 0.125 0.40625
vt 0.125 0.375
vt 0 0.40625
vt 0.09375 0.40625
vt 0.09375 0.46875
vt 0 0.46875
vt 0.625 0.9375
vt 0.625 1
vt 0.53125 1
vt 0.53125 0.9375
vt 0.625 0.875
vt 0.625 0.90625
vt 0.53125 0.90625
vt 0.53125 0.875
vt 0.21875 0.46875
vt 0.125 0.46875
vt 0.125 0.4375
vt 0.21875 0.4375
vn 1 0 0
vn -1 0 0
vn 0 0.7372773368101242 0.6755902076156601
vn 0 -0.7372773368101242 -0.6755902076156601
vn 0 -0.6755902076156601 0.7372773368101242
vn 0 0.6755902076156601 -0.7372773368101242
usemtl m_ede1f5c5-55f8-8291-5e71-77e3daa0a758
f 214/597/150 213/598/150 215/599/150 216/600/150
f 219/601/151 217/602/151 218/603/151 220/604/151
f 217/605/152 213/606/152 214/607/152 218/608/152
f 216/609/153 215/610/153 219/611/153 220/612/153
f 215/613/154 213/614/154 217/615/154 219/616/154
f 218/617/155 214/618/155 216/619/155 220/620/155
o mesh
v 0.2968750000000002 0.072519802249576 0.4139654245848822
v 0.2968750000000002 0.07674224104717385 0.409357441229819
v 0.2968750000000002 0.07021581057204435 0.4118542051860833
v 0.2968750000000002 0.07443824936964222 0.40724622183102005
v 0.14062500000000022 0.072519802249576 0.4139654245848822
v 0.14062500000000022 0.07674224104717385 0.409357441229819
v 0.14062500000000022 0.07021581057204435 0.4118542051860833
v 0.14062500000000022 0.07443824936964222 0.40724622183102005
vt 0.34375 0.40625
vt 0.3125 0.40625
vt 0.3125 0.375
vt 0.34375 0.375
vt 0.40625 0.375
vt 0.40625 0.40625
vt 0.375 0.40625
vt 0.375 0.375
vt 0.53125 0.8125
vt 0.625 0.8125
vt 0.625 0.84375
vt 0.53125 0.84375
vt 0.625 0.75
vt 0.625 0.78125
vt 0.53125 0.78125
vt 0.53125 0.75
vt 0.34375 0.4375
vt 0.34375 0.46875
vt 0.25 0.46875
vt 0.25 0.4375
vt 0.625 0.71875
vt 0.53125 0.71875
vt 0.53125 0.6875
vt 0.625 0.6875
vn 1 0 0
vn -1 0 0
vn 0 0.7372773368101242 0.6755902076156601
vn 0 -0.7372773368101242 -0.6755902076156601
vn 0 -0.6755902076156601 0.7372773368101242
vn 0 0.6755902076156601 -0.7372773368101242
usemtl m_ede1f5c5-55f8-8291-5e71-77e3daa0a758
f 222/621/156 221/622/156 223/623/156 224/624/156
f 227/625/157 225/626/157 226/627/157 228/628/157
f 225/629/158 221/630/158 222/631/158 226/632/158
f 224/633/159 223/634/159 227/635/159 228/636/159
f 223/637/160 221/638/160 225/639/160 227/640/160
f 226/641/161 222/642/161 224/643/161 228/644/161
o mesh
v 0.2968750000000002 0.013405659083205748 0.47847719155576807
v 0.2968750000000002 0.017628097880803613 0.47386920820070483
v 0.2968750000000002 0.011101667405674108 0.47636597215696913
v 0.2968750000000002 0.01532410620327198 0.4717579888019059
v 0.14062500000000022 0.013405659083205748 0.47847719155576807
v 0.14062500000000022 0.017628097880803613 0.47386920820070483
v 0.14062500000000022 0.011101667405674108 0.47636597215696913
v 0.14062500000000022 0.01532410620327198 0.4717579888019059
vt 0.46875 0.40625
vt 0.4375 0.40625
vt 0.4375 0.375
vt 0.46875 0.375
vt 0.53125 0.375
vt 0.53125 0.40625
vt 0.5 0.40625
vt 0.5 0.375
vt 0.53125 0.625
vt 0.625 0.625
vt 0.625 0.65625
vt 0.53125 0.65625
vt 0.46875 0.4375
vt 0.46875 0.46875
vt 0.375 0.46875
vt 0.375 0.4375
vt 0.625 0.5625
vt 0.625 0.59375
vt 0.53125 0.59375
vt 0.53125 0.5625
vt 0.625 0.53125
vt 0.53125 0.53125
vt 0.53125 0.5
vt 0.625 0.5
vn 1 0 0
vn -1 0 0
vn 0 0.7372773368101242 0.6755902076156601
vn 0 -0.7372773368101242 -0.6755902076156601
vn 0 -0.6755902076156601 0.7372773368101242
vn 0 0.6755902076156601 -0.7372773368101242
usemtl m_ede1f5c5-55f8-8291-5e71-77e3daa0a758
f 230/645/162 229/646/162 231/647/162 232/648/162
f 235/649/163 233/650/163 234/651/163 236/652/163
f 233/653/164 229/654/164 230/655/164 234/656/164
f 232/657/165 231/658/165 235/659/165 236/660/165
f 231/661/166 229/662/166 233/663/166 235/664/166
f 234/665/167 230/666/167 232/667/167 236/668/167
o mesh
v 0.1468750000000002 0.01762809788080353 0.4738692082007049
v 0.1468750000000002 0.07251980224957591 0.4139654245848823
v 0.1468750000000002 0.01532410620327189 0.47175798880190595
v 0.1468750000000002 0.07021581057204428 0.4118542051860834
v 0.14062500000000022 0.01762809788080353 0.4738692082007049
v 0.14062500000000022 0.07251980224957591 0.4139654245848823
v 0.14062500000000022 0.01532410620327189 0.47175798880190595
v 0.14062500000000022 0.07021581057204428 0.4118542051860834
vt 0.625 0.46875
vt 0.59375 0.46875
vt 0.59375 0.4375
vt 0.625 0.4375
vt 0.59375 0.375
vt 0.59375 0.40625
vt 0.5625 0.40625
vt 0.5625 0.375
vt 0 0.34375
vt 0.03125 0.34375
vt 0.03125 0.375
vt 0 0.375
vt 0.09375 0.34375
vt 0.09375 0.375
vt 0.0625 0.375
vt 0.0625 0.34375
vt 0.65625 0.375
vt 0.65625 0.40625
vt 0.625 0.40625
vt 0.625 0.375
vt 0.6875 1
vt 0.65625 1
vt 0.65625 0.96875
vt 0.6875 0.96875
vn 1 0 0
vn -1 0 0
vn 0 0.7372773368101242 0.6755902076156601
vn 0 -0.7372773368101242 -0.6755902076156601
vn 0 -0.6755902076156601 0.7372773368101242
vn 0 0.6755902076156601 -0.7372773368101242
usemtl m_ede1f5c5-55f8-8291-5e71-77e3daa0a758
f 238/669/168 237/670/168 239/671/168 240/672/168
f 243/673/169 241/674/169 242/675/169 244/676/169
f 241/677/170 237/678/170 238/679/170 242/680/170
f 240/681/171 239/682/171 243/683/171 244/684/171
f 239/685/172 237/686/172 241/687/172 243/688/172
f 242/689/173 238/690/173 240/691/173 244/692/173
o mesh
v 0.2968749999999999 0.01762809788080353 0.4738692082007049
v 0.2968749999999999 0.07251980224957591 0.4139654245848823
v 0.2968749999999999 0.01532410620327189 0.47175798880190595
v 0.2968749999999999 0.07021581057204428 0.4118542051860834
v 0.2906249999999999 0.01762809788080353 0.4738692082007049
v 0.2906249999999999 0.07251980224957591 0.4139654245848823
v 0.2906249999999999 0.01532410620327189 0.47175798880190595
v 0.2906249999999999 0.07021581057204428 0.4118542051860834
vt 0.6875 0.9375
vt 0.65625 0.9375
vt 0.65625 0.90625
vt 0.6875 0.90625
vt 0.15625 0.3125
vt 0.15625 0.34375
vt 0.125 0.34375
vt 0.125 0.3125
vt 0.65625 0.84375
vt 0.6875 0.84375
vt 0.6875 0.875
vt 0.65625 0.875
vt 0.21875 0.3125
vt 0.21875 0.34375
vt 0.1875 0.34375
vt 0.1875 0.3125
vt 0.6875 0.78125
vt 0.6875 0.8125
vt 0.65625 0.8125
vt 0.65625 0.78125
vt 0.28125 0.34375
vt 0.25 0.34375
vt 0.25 0.3125
vt 0.28125 0.3125
vn 1 0 0
vn -1 0 0
vn 0 0.7372773368101242 0.6755902076156601
vn 0 -0.7372773368101242 -0.6755902076156601
vn 0 -0.6755902076156601 0.7372773368101242
vn 0 0.6755902076156601 -0.7372773368101242
usemtl m_ede1f5c5-55f8-8291-5e71-77e3daa0a758
f 246/693/174 245/694/174 247/695/174 248/696/174
f 251/697/175 249/698/175 250/699/175 252/700/175
f 249/701/176 245/702/176 246/703/176 250/704/176
f 248/705/177 247/706/177 251/707/177 252/708/177
f 247/709/178 245/710/178 249/711/178 251/712/178
f 250/713/179 246/714/179 248/715/179 252/716/179
o mesh
v 0.22500000000000023 0.04062045955083649 0.4443717782692907
v 0.22500000000000023 0.04089308072186984 0.4381277268844041
v 0.22500000000000023 -0.0015268872971481266 0.44253158536481557
v 0.22500000000000023 -0.0012542661261147788 0.436287533979929
v 0.21250000000000022 0.04062045955083649 0.4443717782692907
v 0.21250000000000022 0.04089308072186984 0.4381277268844041
v 0.21250000000000022 -0.0015268872971481266 0.44253158536481557
v 0.21250000000000022 -0.0012542661261147788 0.436287533979929
vt 0.6875 0.75
vt 0.65625 0.75
vt 0.65625 0.71875
vt 0.6875 0.71875
vt 0.34375 0.3125
vt 0.34375 0.34375
vt 0.3125 0.34375
vt 0.3125 0.3125
vt 0.65625 0.65625
vt 0.6875 0.65625
vt 0.6875 0.6875
vt 0.65625 0.6875
vt 0.40625 0.3125
vt 0.40625 0.34375
vt 0.375 0.34375
vt 0.375 0.3125
vt 0.6875 0.59375
vt 0.6875 0.625
vt 0.65625 0.625
vt 0.65625 0.59375
vt 0.46875 0.34375
vt 0.4375 0.34375
vt 0.4375 0.3125
vt 0.46875 0.3125
vn 1 0 0
vn -1 0 0
vn 0 0.9990482215818579 0.04361938736533588
vn 0 -0.9990482215818579 -0.04361938736533588
vn 0 -0.04361938736533588 0.9990482215818579
vn 0 0.04361938736533588 -0.9990482215818579
usemtl m_ede1f5c5-55f8-8291-5e71-77e3daa0a758
f 254/717/180 253/718/180 255/719/180 256/720/180
f 259/721/181 257/722/181 258/723/181 260/724/181
f 257/725/182 253/726/182 254/727/182 258/728/182
f 256/729/183 255/730/183 259/731/183 260/732/183
f 255/733/184 253/734/184 257/735/184 259/736/184
f 258/737/185 254/738/185 256/739/185 260/740/185
o plane
v 0.29062500000000024 0.016476102042037772 0.4728135985013054
v 0.29062500000000024 0.07136780641081016 0.4129098148854828
v 0.14687500000000023 0.016476102042037772 0.4728135985013054
v 0.14687500000000023 0.07136780641081016 0.4129098148854828
vt 0.3125 0.34375
vt 0.3125 0.40625
vt 0.21875 0.40625
vt 0.21875 0.34375
vn 0 0.7372773368101242 0.6755902076156601
usemtl m_ede1f5c5-55f8-8291-5e71-77e3daa0a758
f 261/741/186 262/742/186 264/743/186 263/744/186
o mesh
v 0.4531250000000002 0.011101667405674084 0.4763659721569692
v 0.4531250000000002 0.07443824936964222 0.40724622183102005
v 0.4531250000000002 0.008797675728142447 0.47425475275817025
v 0.4531250000000002 0.07213425769211057 0.4051350024322211
v 0.2968750000000002 0.011101667405674084 0.4763659721569692
v 0.2968750000000002 0.07443824936964222 0.40724622183102005
v 0.2968750000000002 0.008797675728142447 0.47425475275817025
v 0.2968750000000002 0.07213425769211057 0.4051350024322211
vt 0.5625 0.46875
vt 0.5 0.46875
vt 0.5 0.4375
vt 0.5625 0.4375
vt 0.1875 0.375
vt 0.1875 0.40625
vt 0.125 0.40625
vt 0.125 0.375
vt 0 0.40625
vt 0.09375 0.40625
vt 0.09375 0.46875
vt 0 0.46875
vt 0.625 0.9375
vt 0.625 1
vt 0.53125 1
vt 0.53125 0.9375
vt 0.625 0.875
vt 0.625 0.90625
vt 0.53125 0.90625
vt 0.53125 0.875
vt 0.21875 0.46875
vt 0.125 0.46875
vt 0.125 0.4375
vt 0.21875 0.4375
vn 1 0 0
vn -1 0 0
vn 0 0.7372773368101242 0.6755902076156601
vn 0 -0.7372773368101242 -0.6755902076156601
vn 0 -0.6755902076156601 0.7372773368101242
vn 0 0.6755902076156601 -0.7372773368101242
usemtl m_ede1f5c5-55f8-8291-5e71-77e3daa0a758
f 266/745/187 265/746/187 267/747/187 268/748/187
f 271/749/188 269/750/188 270/751/188 272/752/188
f 269/753/189 265/754/189 266/755/189 270/756/189
f 268/757/190 267/758/190 271/759/190 272/760/190
f 267/761/191 265/762/191 269/763/191 271/764/191
f 270/765/192 266/766/192 268/767/192 272/768/192
o mesh
v 0.4531250000000002 0.072519802249576 0.4139654245848822
v 0.4531250000000002 0.07674224104717385 0.409357441229819
v 0.4531250000000002 0.07021581057204435 0.4118542051860833
v 0.4531250000000002 0.07443824936964222 0.40724622183102005
v 0.2968750000000002 0.072519802249576 0.4139654245848822
v 0.2968750000000002 0.07674224104717385 0.409357441229819
v 0.2968750000000002 0.07021581057204435 0.4118542051860833
v 0.2968750000000002 0.07443824936964222 0.40724622183102005
vt 0.34375 0.40625
vt 0.3125 0.40625
vt 0.3125 0.375
vt 0.34375 0.375
vt 0.40625 0.375
vt 0.40625 0.40625
vt 0.375 0.40625
vt 0.375 0.375
vt 0.53125 0.8125
vt 0.625 0.8125
vt 0.625 0.84375
vt 0.53125 0.84375
vt 0.625 0.75
vt 0.625 0.78125
vt 0.53125 0.78125
vt 0.53125 0.75
vt 0.34375 0.4375
vt 0.34375 0.46875
vt 0.25 0.46875
vt 0.25 0.4375
vt 0.625 0.71875
vt 0.53125 0.71875
vt 0.53125 0.6875
vt 0.625 0.6875
vn 1 0 0
vn -1 0 0
vn 0 0.7372773368101242 0.6755902076156601
vn 0 -0.7372773368101242 -0.6755902076156601
vn 0 -0.6755902076156601 0.7372773368101242
vn 0 0.6755902076156601 -0.7372773368101242
usemtl m_ede1f5c5-55f8-8291-5e71-77e3daa0a758
f 274/769/193 273/770/193 275/771/193 276/772/193
f 279/773/194 277/774/194 278/775/194 280/776/194
f 277/777/195 273/778/195 274/779/195 278/780/195
f 276/781/196 275/782/196 279/783/196 280/784/196
f 275/785/197 273/786/197 277/787/197 279/788/197
f 278/789/198 274/790/198 276/791/198 280/792/198
o mesh
v 0.4531250000000002 0.013405659083205748 0.47847719155576807
v 0.4531250000000002 0.017628097880803613 0.47386920820070483
v 0.4531250000000002 0.011101667405674108 0.47636597215696913
v 0.4531250000000002 0.01532410620327198 0.4717579888019059
v 0.2968750000000002 0.013405659083205748 0.47847719155576807
v 0.2968750000000002 0.017628097880803613 0.47386920820070483
v 0.2968750000000002 0.011101667405674108 0.47636597215696913
v 0.2968750000000002 0.01532410620327198 0.4717579888019059
vt 0.46875 0.40625
vt 0.4375 0.40625
vt 0.4375 0.375
vt 0.46875 0.375
vt 0.53125 0.375
vt 0.53125 0.40625
vt 0.5 0.40625
vt 0.5 0.375
vt 0.53125 0.625
vt 0.625 0.625
vt 0.625 0.65625
vt 0.53125 0.65625
vt 0.46875 0.4375
vt 0.46875 0.46875
vt 0.375 0.46875
vt 0.375 0.4375
vt 0.625 0.5625
vt 0.625 0.59375
vt 0.53125 0.59375
vt 0.53125 0.5625
vt 0.625 0.53125
vt 0.53125 0.53125
vt 0.53125 0.5
vt 0.625 0.5
vn 1 0 0
vn -1 0 0
vn 0 0.7372773368101242 0.6755902076156601
vn 0 -0.7372773368101242 -0.6755902076156601
vn 0 -0.6755902076156601 0.7372773368101242
vn 0 0.6755902076156601 -0.7372773368101242
usemtl m_ede1f5c5-55f8-8291-5e71-77e3daa0a758
f 282/793/199 281/794/199 283/795/199 284/796/199
f 287/797/200 285/798/200 286/799/200 288/800/200
f 285/801/201 281/802/201 282/803/201 286/804/201
f 284/805/202 283/806/202 287/807/202 288/808/202
f 283/809/203 281/810/203 285/811/203 287/812/203
f 286/813/204 282/814/204 284/815/204 288/816/204
o mesh
v 0.3031250000000002 0.01762809788080353 0.4738692082007049
v 0.3031250000000002 0.07251980224957591 0.4139654245848823
v 0.3031250000000002 0.01532410620327189 0.47175798880190595
v 0.3031250000000002 0.07021581057204428 0.4118542051860834
v 0.2968750000000002 0.01762809788080353 0.4738692082007049
v 0.2968750000000002 0.07251980224957591 0.4139654245848823
v 0.2968750000000002 0.01532410620327189 0.47175798880190595
v 0.2968750000000002 0.07021581057204428 0.4118542051860834
vt 0.625 0.46875
vt 0.59375 0.46875
vt 0.59375 0.4375
vt 0.625 0.4375
vt 0.59375 0.375
vt 0.59375 0.40625
vt 0.5625 0.40625
vt 0.5625 0.375
vt 0 0.34375
vt 0.03125 0.34375
vt 0.03125 0.375
vt 0 0.375
vt 0.09375 0.34375
vt 0.09375 0.375
vt 0.0625 0.375
vt 0.0625 0.34375
vt 0.65625 0.375
vt 0.65625 0.40625
vt 0.625 0.40625
vt 0.625 0.375
vt 0.6875 1
vt 0.65625 1
vt 0.65625 0.96875
vt 0.6875 0.96875
vn 1 0 0
vn -1 0 0
vn 0 0.7372773368101242 0.6755902076156601
vn 0 -0.7372773368101242 -0.6755902076156601
vn 0 -0.6755902076156601 0.7372773368101242
vn 0 0.6755902076156601 -0.7372773368101242
usemtl m_ede1f5c5-55f8-8291-5e71-77e3daa0a758
f 290/817/205 289/818/205 291/819/205 292/820/205
f 295/821/206 293/822/206 294/823/206 296/824/206
f 293/825/207 289/826/207 290/827/207 294/828/207
f 292/829/208 291/830/208 295/831/208 296/832/208
f 291/833/209 289/834/209 293/835/209 295/836/209
f 294/837/210 290/838/210 292/839/210 296/840/210
o mesh
v 0.4531249999999999 0.01762809788080353 0.4738692082007049
v 0.4531249999999999 0.07251980224957591 0.4139654245848823
v 0.4531249999999999 0.01532410620327189 0.47175798880190595
v 0.4531249999999999 0.07021581057204428 0.4118542051860834
v 0.4468749999999999 0.01762809788080353 0.4738692082007049
v 0.4468749999999999 0.07251980224957591 0.4139654245848823
v 0.4468749999999999 0.01532410620327189 0.47175798880190595
v 0.4468749999999999 0.07021581057204428 0.4118542051860834
vt 0.6875 0.9375
vt 0.65625 0.9375
vt 0.65625 0.90625
vt 0.6875 0.90625
vt 0.15625 0.3125
vt 0.15625 0.34375
vt 0.125 0.34375
vt 0.125 0.3125
vt 0.65625 0.84375
vt 0.6875 0.84375
vt 0.6875 0.875
vt 0.65625 0.875
vt 0.21875 0.3125
vt 0.21875 0.34375
vt 0.1875 0.34375
vt 0.1875 0.3125
vt 0.6875 0.78125
vt 0.6875 0.8125
vt 0.65625 0.8125
vt 0.65625 0.78125
vt 0.28125 0.34375
vt 0.25 0.34375
vt 0.25 0.3125
vt 0.28125 0.3125
vn 1 0 0
vn -1 0 0
vn 0 0.7372773368101242 0.6755902076156601
vn 0 -0.7372773368101242 -0.6755902076156601
vn 0 -0.6755902076156601 0.7372773368101242
vn 0 0.6755902076156601 -0.7372773368101242
usemtl m_ede1f5c5-55f8-8291-5e71-77e3daa0a758
f 298/841/211 297/842/211 299/843/211 300/844/211
f 303/845/212 301/846/212 302/847/212 304/848/212
f 301/849/213 297/850/213 298/851/213 302/852/213
f 300/853/214 299/854/214 303/855/214 304/856/214
f 299/857/215 297/858/215 301/859/215 303/860/215
f 302/861/216 298/862/216 300/863/216 304/864/216
o mesh
v 0.3812500000000002 0.04062045955083649 0.4443717782692907
v 0.3812500000000002 0.04089308072186984 0.4381277268844041
v 0.3812500000000002 -0.0015268872971481266 0.44253158536481557
v 0.3812500000000002 -0.0012542661261147788 0.436287533979929
v 0.36875000000000024 0.04062045955083649 0.4443717782692907
v 0.36875000000000024 0.04089308072186984 0.4381277268844041
v 0.36875000000000024 -0.0015268872971481266 0.44253158536481557
v 0.36875000000000024 -0.0012542661261147788 0.436287533979929
vt 0.6875 0.75
vt 0.65625 0.75
vt 0.65625 0.71875
vt 0.6875 0.71875
vt 0.34375 0.3125
vt 0.34375 0.34375
vt 0.3125 0.34375
vt 0.3125 0.3125
vt 0.65625 0.65625
vt 0.6875 0.65625
vt 0.6875 0.6875
vt 0.65625 0.6875
vt 0.40625 0.3125
vt 0.40625 0.34375
vt 0.375 0.34375
vt 0.375 0.3125
vt 0.6875 0.59375
vt 0.6875 0.625
vt 0.65625 0.625
vt 0.65625 0.59375
vt 0.46875 0.34375
vt 0.4375 0.34375
vt 0.4375 0.3125
vt 0.46875 0.3125
vn 1 0 0
vn -1 0 0
vn 0 0.9990482215818579 0.04361938736533588
vn 0 -0.9990482215818579 -0.04361938736533588
vn 0 -0.04361938736533588 0.9990482215818579
vn 0 0.04361938736533588 -0.9990482215818579
usemtl m_ede1f5c5-55f8-8291-5e71-77e3daa0a758
f 306/865/217 305/866/217 307/867/217 308/868/217
f 311/869/218 309/870/218 310/871/218 312/872/218
f 309/873/219 305/874/219 306/875/219 310/876/219
f 308/877/220 307/878/220 311/879/220 312/880/220
f 307/881/221 305/882/221 309/883/221 311/884/221
f 310/885/222 306/886/222 308/887/222 312/888/222
o plane
v 0.44687500000000024 0.016476102042037772 0.4728135985013054
v 0.44687500000000024 0.07136780641081016 0.4129098148854828
v 0.3031250000000002 0.016476102042037772 0.4728135985013054
v 0.3031250000000002 0.07136780641081016 0.4129098148854828
vt 0.3125 0.34375
vt 0.3125 0.40625
vt 0.21875 0.40625
vt 0.21875 0.34375
vn 0 0.7372773368101242 0.6755902076156601
usemtl m_ede1f5c5-55f8-8291-5e71-77e3daa0a758
f 313/889/223 314/890/223 316/891/223 315/892/223
o mesh
v -0.2968749999999999 0.011101667405674046 0.38261597215696913
v -0.2968749999999999 0.07443824936964218 0.31349622183102
v -0.2968749999999999 0.008797675728142409 0.3805047527581702
v -0.2968749999999999 0.07213425769211054 0.31138500243222106
v -0.4531249999999999 0.011101667405674046 0.38261597215696913
v -0.4531249999999999 0.07443824936964218 0.31349622183102
v -0.4531249999999999 0.008797675728142409 0.3805047527581702
v -0.4531249999999999 0.07213425769211054 0.31138500243222106
vt 0.5625 0.46875
vt 0.5 0.46875
vt 0.5 0.4375
vt 0.5625 0.4375
vt 0.1875 0.375
vt 0.1875 0.40625
vt 0.125 0.40625
vt 0.125 0.375
vt 0 0.40625
vt 0.09375 0.40625
vt 0.09375 0.46875
vt 0 0.46875
vt 0.625 0.9375
vt 0.625 1
vt 0.53125 1
vt 0.53125 0.9375
vt 0.625 0.875
vt 0.625 0.90625
vt 0.53125 0.90625
vt 0.53125 0.875
vt 0.21875 0.46875
vt 0.125 0.46875
vt 0.125 0.4375
vt 0.21875 0.4375
vn 1 0 0
vn -1 0 0
vn 0 0.7372773368101242 0.6755902076156601
vn 0 -0.7372773368101242 -0.6755902076156601
vn 0 -0.6755902076156601 0.7372773368101242
vn 0 0.6755902076156601 -0.7372773368101242
usemtl m_ede1f5c5-55f8-8291-5e71-77e3daa0a758
f 318/893/224 317/894/224 319/895/224 320/896/224
f 323/897/225 321/898/225 322/899/225 324/900/225
f 321/901/226 317/902/226 318/903/226 322/904/226
f 320/905/227 319/906/227 323/907/227 324/908/227
f 319/909/228 317/910/228 321/911/228 323/912/228
f 322/913/229 318/914/229 320/915/229 324/916/229
o mesh
v -0.2968749999999999 0.07251980224957595 0.32021542458488217
v -0.2968749999999999 0.07674224104717381 0.31560744122981893
v -0.2968749999999999 0.0702158105720443 0.31810420518608323
v -0.2968749999999999 0.07443824936964218 0.31349622183102
v -0.4531249999999999 0.07251980224957595 0.32021542458488217
v -0.4531249999999999 0.07674224104717381 0.31560744122981893
v -0.4531249999999999 0.0702158105720443 0.31810420518608323
v -0.4531249999999999 0.07443824936964218 0.31349622183102
vt 0.34375 0.40625
vt 0.3125 0.40625
vt 0.3125 0.375
vt 0.34375 0.375
vt 0.40625 0.375
vt 0.40625 0.40625
vt 0.375 0.40625
vt 0.375 0.375
vt 0.53125 0.8125
vt 0.625 0.8125
vt 0.625 0.84375
vt 0.53125 0.84375
vt 0.625 0.75
vt 0.625 0.78125
vt 0.53125 0.78125
vt 0.53125 0.75
vt 0.34375 0.4375
vt 0.34375 0.46875
vt 0.25 0.46875
vt 0.25 0.4375
vt 0.625 0.71875
vt 0.53125 0.71875
vt 0.53125 0.6875
vt 0.625 0.6875
vn 1 0 0
vn -1 0 0
vn 0 0.7372773368101242 0.6755902076156601
vn 0 -0.7372773368101242 -0.6755902076156601
vn 0 -0.6755902076156601 0.7372773368101242
vn 0 0.6755902076156601 -0.7372773368101242
usemtl m_ede1f5c5-55f8-8291-5e71-77e3daa0a758
f 326/917/230 325/918/230 327/919/230 328/920/230
f 331/921/231 329/922/231 330/923/231 332/924/231
f 329/925/232 325/926/232 326/927/232 330/928/232
f 328/929/233 327/930/233 331/931/233 332/932/233
f 327/933/234 325/934/234 329/935/234 331/936/234
f 330/937/235 326/938/235 328/939/235 332/940/235
o mesh
v -0.2968749999999999 0.013405659083205748 0.38472719155576796
v -0.2968749999999999 0.017628097880803613 0.3801192082007047
v -0.2968749999999999 0.011101667405674108 0.382615972156969
v -0.2968749999999999 0.01532410620327198 0.3780079888019058
v -0.4531249999999999 0.013405659083205748 0.38472719155576796
v -0.4531249999999999 0.017628097880803613 0.3801192082007047
v -0.4531249999999999 0.011101667405674108 0.382615972156969
v -0.4531249999999999 0.01532410620327198 0.3780079888019058
vt 0.46875 0.40625
vt 0.4375 0.40625
vt 0.4375 0.375
vt 0.46875 0.375
vt 0.53125 0.375
vt 0.53125 0.40625
vt 0.5 0.40625
vt 0.5 0.375
vt 0.53125 0.625
vt 0.625 0.625
vt 0.625 0.65625
vt 0.53125 0.65625
vt 0.46875 0.4375
vt 0.46875 0.46875
vt 0.375 0.46875
vt 0.375 0.4375
vt 0.625 0.5625
vt 0.625 0.59375
vt 0.53125 0.59375
vt 0.53125 0.5625
vt 0.625 0.53125
vt 0.53125 0.53125
vt 0.53125 0.5
vt 0.625 0.5
vn 1 0 0
vn -1 0 0
vn 0 0.7372773368101242 0.6755902076156601
vn 0 -0.7372773368101242 -0.6755902076156601
vn 0 -0.6755902076156601 0.7372773368101242
vn 0 0.6755902076156601 -0.7372773368101242
usemtl m_ede1f5c5-55f8-8291-5e71-77e3daa0a758
f 334/941/236 333/942/236 335/943/236 336/944/236
f 339/945/237 337/946/237 338/947/237 340/948/237
f 337/949/238 333/950/238 334/951/238 338/952/238
f 336/953/239 335/954/239 339/955/239 340/956/239
f 335/957/240 333/958/240 337/959/240 339/960/240
f 338/961/241 334/962/241 336/963/241 340/964/241
o mesh
v -0.4468749999999999 0.01762809788080353 0.3801192082007048
v -0.4468749999999999 0.07251980224957591 0.32021542458488217
v -0.4468749999999999 0.01532410620327189 0.37800798880190584
v -0.4468749999999999 0.07021581057204428 0.3181042051860833
v -0.4531249999999999 0.01762809788080353 0.3801192082007048
v -0.4531249999999999 0.07251980224957591 0.32021542458488217
v -0.4531249999999999 0.01532410620327189 0.37800798880190584
v -0.4531249999999999 0.07021581057204428 0.3181042051860833
vt 0.625 0.46875
vt 0.59375 0.46875
vt 0.59375 0.4375
vt 0.625 0.4375
vt 0.59375 0.375
vt 0.59375 0.40625
vt 0.5625 0.40625
vt 0.5625 0.375
vt 0 0.34375
vt 0.03125 0.34375
vt 0.03125 0.375
vt 0 0.375
vt 0.09375 0.34375
vt 0.09375 0.375
vt 0.0625 0.375
vt 0.0625 0.34375
vt 0.65625 0.375
vt 0.65625 0.40625
vt 0.625 0.40625
vt 0.625 0.375
vt 0.6875 1
vt 0.65625 1
vt 0.65625 0.96875
vt 0.6875 0.96875
vn 1 0 0
vn -1 0 0
vn 0 0.7372773368101242 0.6755902076156601
vn 0 -0.7372773368101242 -0.6755902076156601
vn 0 -0.6755902076156601 0.7372773368101242
vn 0 0.6755902076156601 -0.7372773368101242
usemtl m_ede1f5c5-55f8-8291-5e71-77e3daa0a758
f 342/965/242 341/966/242 343/967/242 344/968/242
f 347/969/243 345/970/243 346/971/243 348/972/243
f 345/973/244 341/974/244 342/975/244 346/976/244
f 344/977/245 343/978/245 347/979/245 348/980/245
f 343/981/246 341/982/246 345/983/246 347/984/246
f 346/985/247 342/986/247 344/987/247 348/988/247
o mesh
v -0.2968750000000001 0.01762809788080353 0.3801192082007048
v -0.2968750000000001 0.07251980224957591 0.32021542458488217
v -0.2968750000000001 0.01532410620327189 0.37800798880190584
v -0.2968750000000001 0.07021581057204428 0.3181042051860833
v -0.3031250000000001 0.01762809788080353 0.3801192082007048
v -0.3031250000000001 0.07251980224957591 0.32021542458488217
v -0.3031250000000001 0.01532410620327189 0.37800798880190584
v -0.3031250000000001 0.07021581057204428 0.3181042051860833
vt 0.6875 0.9375
vt 0.65625 0.9375
vt 0.65625 0.90625
vt 0.6875 0.90625
vt 0.15625 0.3125
vt 0.15625 0.34375
vt 0.125 0.34375
vt 0.125 0.3125
vt 0.65625 0.84375
vt 0.6875 0.84375
vt 0.6875 0.875
vt 0.65625 0.875
vt 0.21875 0.3125
vt 0.21875 0.34375
vt 0.1875 0.34375
vt 0.1875 0.3125
vt 0.6875 0.78125
vt 0.6875 0.8125
vt 0.65625 0.8125
vt 0.65625 0.78125
vt 0.28125 0.34375
vt 0.25 0.34375
vt 0.25 0.3125
vt 0.28125 0.3125
vn 1 0 0
vn -1 0 0
vn 0 0.7372773368101242 0.6755902076156601
vn 0 -0.7372773368101242 -0.6755902076156601
vn 0 -0.6755902076156601 0.7372773368101242
vn 0 0.6755902076156601 -0.7372773368101242
usemtl m_ede1f5c5-55f8-8291-5e71-77e3daa0a758
f 350/989/248 349/990/248 351/991/248 352/992/248
f 355/993/249 353/994/249 354/995/249 356/996/249
f 353/997/250 349/998/250 350/999/250 354/1000/250
f 352/1001/251 351/1002/251 355/1003/251 356/1004/251
f 351/1005/252 349/1006/252 353/1007/252 355/1008/252
f 354/1009/253 350/1010/253 352/1011/253 356/1012/253
o mesh
v -0.3687499999999999 0.04062045955083646 0.35062177826929064
v -0.3687499999999999 0.040893080721869805 0.34437772688440405
v -0.3687499999999999 -0.0015268872971481613 0.3487815853648155
v -0.3687499999999999 -0.0012542661261148134 0.3425375339799289
v -0.38124999999999987 0.04062045955083646 0.35062177826929064
v -0.38124999999999987 0.040893080721869805 0.34437772688440405
v -0.38124999999999987 -0.0015268872971481613 0.3487815853648155
v -0.38124999999999987 -0.0012542661261148134 0.3425375339799289
vt 0.6875 0.75
vt 0.65625 0.75
vt 0.65625 0.71875
vt 0.6875 0.71875
vt 0.34375 0.3125
vt 0.34375 0.34375
vt 0.3125 0.34375
vt 0.3125 0.3125
vt 0.65625 0.65625
vt 0.6875 0.65625
vt 0.6875 0.6875
vt 0.65625 0.6875
vt 0.40625 0.3125
vt 0.40625 0.34375
vt 0.375 0.34375
vt 0.375 0.3125
vt 0.6875 0.59375
vt 0.6875 0.625
vt 0.65625 0.625
vt 0.65625 0.59375
vt 0.46875 0.34375
vt 0.4375 0.34375
vt 0.4375 0.3125
vt 0.46875 0.3125
vn 1 0 0
vn -1 0 0
vn 0 0.9990482215818579 0.04361938736533588
vn 0 -0.9990482215818579 -0.04361938736533588
vn 0 -0.04361938736533588 0.9990482215818579
vn 0 0.04361938736533588 -0.9990482215818579
usemtl m_ede1f5c5-55f8-8291-5e71-77e3daa0a758
f 358/1013/254 357/1014/254 359/1015/254 360/1016/254
f 363/1017/255 361/1018/255 362/1019/255 364/1020/255
f 361/1021/256 357/1022/256 358/1023/256 362/1024/256
f 360/1025/257 359/1026/257 363/1027/257 364/1028/257
f 359/1029/258 357/1030/258 361/1031/258 363/1032/258
f 362/1033/259 358/1034/259 360/1035/259 364/1036/259
o plane
v -0.30312499999999987 0.016476102042037737 0.37906359850130533
v -0.30312499999999987 0.07136780641081013 0.31915981488548273
v -0.4468749999999999 0.016476102042037737 0.37906359850130533
v -0.4468749999999999 0.07136780641081013 0.31915981488548273
vt 0.3125 0.34375
vt 0.3125 0.40625
vt 0.21875 0.40625
vt 0.21875 0.34375
vn 0 0.7372773368101242 0.6755902076156601
usemtl m_ede1f5c5-55f8-8291-5e71-77e3daa0a758
f 365/1037/260 366/1038/260 368/1039/260 367/1040/260
o mesh
v -0.14062499999999972 0.011101667405674046 0.38261597215696913
v -0.14062499999999972 0.07443824936964218 0.31349622183102
v -0.14062499999999972 0.008797675728142409 0.3805047527581702
v -0.14062499999999972 0.07213425769211054 0.31138500243222106
v -0.2968749999999997 0.011101667405674046 0.38261597215696913
v -0.2968749999999997 0.07443824936964218 0.31349622183102
v -0.2968749999999997 0.008797675728142409 0.3805047527581702
v -0.2968749999999997 0.07213425769211054 0.31138500243222106
vt 0.5625 0.46875
vt 0.5 0.46875
vt 0.5 0.4375
vt 0.5625 0.4375
vt 0.1875 0.375
vt 0.1875 0.40625
vt 0.125 0.40625
vt 0.125 0.375
vt 0 0.40625
vt 0.09375 0.40625
vt 0.09375 0.46875
vt 0 0.46875
vt 0.625 0.9375
vt 0.625 1
vt 0.53125 1
vt 0.53125 0.9375
vt 0.625 0.875
vt 0.625 0.90625
vt 0.53125 0.90625
vt 0.53125 0.875
vt 0.21875 0.46875
vt 0.125 0.46875
vt 0.125 0.4375
vt 0.21875 0.4375
vn 1 0 0
vn -1 0 0
vn 0 0.7372773368101242 0.6755902076156601
vn 0 -0.7372773368101242 -0.6755902076156601
vn 0 -0.6755902076156601 0.7372773368101242
vn 0 0.6755902076156601 -0.7372773368101242
usemtl m_ede1f5c5-55f8-8291-5e71-77e3daa0a758
f 370/1041/261 369/1042/261 371/1043/261 372/1044/261
f 375/1045/262 373/1046/262 374/1047/262 376/1048/262
f 373/1049/263 369/1050/263 370/1051/263 374/1052/263
f 372/1053/264 371/1054/264 375/1055/264 376/1056/264
f 371/1057/265 369/1058/265 373/1059/265 375/1060/265
f 374/1061/266 370/1062/266 372/1063/266 376/1064/266
o mesh
v -0.14062499999999972 0.07251980224957595 0.32021542458488217
v -0.14062499999999972 0.07674224104717381 0.31560744122981893
v -0.14062499999999972 0.0702158105720443 0.31810420518608323
v -0.14062499999999972 0.07443824936964218 0.31349622183102
v -0.2968749999999997 0.07251980224957595 0.32021542458488217
v -0.2968749999999997 0.07674224104717381 0.31560744122981893
v -0.2968749999999997 0.0702158105720443 0.31810420518608323
v -0.2968749999999997 0.07443824936964218 0.31349622183102
vt 0.34375 0.40625
vt 0.3125 0.40625
vt 0.3125 0.375
vt 0.34375 0.375
vt 0.40625 0.375
vt 0.40625 0.40625
vt 0.375 0.40625
vt 0.375 0.375
vt 0.53125 0.8125
vt 0.625 0.8125
vt 0.625 0.84375
vt 0.53125 0.84375
vt 0.625 0.75
vt 0.625 0.78125
vt 0.53125 0.78125
vt 0.53125 0.75
vt 0.34375 0.4375
vt 0.34375 0.46875
vt 0.25 0.46875
vt 0.25 0.4375
vt 0.625 0.71875
vt 0.53125 0.71875
vt 0.53125 0.6875
vt 0.625 0.6875
vn 1 0 0
vn -1 0 0
vn 0 0.7372773368101242 0.6755902076156601
vn 0 -0.7372773368101242 -0.6755902076156601
vn 0 -0.6755902076156601 0.7372773368101242
vn 0 0.6755902076156601 -0.7372773368101242
usemtl m_ede1f5c5-55f8-8291-5e71-77e3daa0a758
f 378/1065/267 377/1066/267 379/1067/267 380/1068/267
f 383/1069/268 381/1070/268 382/1071/268 384/1072/268
f 381/1073/269 377/1074/269 378/1075/269 382/1076/269
f 380/1077/270 379/1078/270 383/1079/270 384/1080/270
f 379/1081/271 377/1082/271 381/1083/271 383/1084/271
f 382/1085/272 378/1086/272 380/1087/272 384/1088/272
o mesh
v -0.14062499999999972 0.013405659083205748 0.38472719155576796
v -0.14062499999999972 0.017628097880803613 0.3801192082007047
v -0.14062499999999972 0.011101667405674108 0.382615972156969
v -0.14062499999999972 0.01532410620327198 0.3780079888019058
v -0.2968749999999997 0.013405659083205748 0.38472719155576796
v -0.2968749999999997 0.017628097880803613 0.3801192082007047
v -0.2968749999999997 0.011101667405674108 0.382615972156969
v -0.2968749999999997 0.01532410620327198 0.3780079888019058
vt 0.46875 0.40625
vt 0.4375 0.40625
vt 0.4375 0.375
vt 0.46875 0.375
vt 0.53125 0.375
vt 0.53125 0.40625
vt 0.5 0.40625
vt 0.5 0.375
vt 0.53125 0.625
vt 0.625 0.625
vt 0.625 0.65625
vt 0.53125 0.65625
vt 0.46875 0.4375
vt 0.46875 0.46875
vt 0.375 0.46875
vt 0.375 0.4375
vt 0.625 0.5625
vt 0.625 0.59375
vt 0.53125 0.59375
vt 0.53125 0.5625
vt 0.625 0.53125
vt 0.53125 0.53125
vt 0.53125 0.5
vt 0.625 0.5
vn 1 0 0
vn -1 0 0
vn 0 0.7372773368101242 0.6755902076156601
vn 0 -0.7372773368101242 -0.6755902076156601
vn 0 -0.6755902076156601 0.7372773368101242
vn 0 0.6755902076156601 -0.7372773368101242
usemtl m_ede1f5c5-55f8-8291-5e71-77e3daa0a758
f 386/1089/273 385/1090/273 387/1091/273 388/1092/273
f 391/1093/274 389/1094/274 390/1095/274 392/1096/274
f 389/1097/275 385/1098/275 386/1099/275 390/1100/275
f 388/1101/276 387/1102/276 391/1103/276 392/1104/276
f 387/1105/277 385/1106/277 389/1107/277 391/1108/277
f 390/1109/278 386/1110/278 388/1111/278 392/1112/278
o mesh
v -0.29062499999999974 0.01762809788080353 0.3801192082007048
v -0.29062499999999974 0.07251980224957591 0.32021542458488217
v -0.29062499999999974 0.01532410620327189 0.37800798880190584
v -0.29062499999999974 0.07021581057204428 0.3181042051860833
v -0.2968749999999997 0.01762809788080353 0.3801192082007048
v -0.2968749999999997 0.07251980224957591 0.32021542458488217
v -0.2968749999999997 0.01532410620327189 0.37800798880190584
v -0.2968749999999997 0.07021581057204428 0.3181042051860833
vt 0.625 0.46875
vt 0.59375 0.46875
vt 0.59375 0.4375
vt 0.625 0.4375
vt 0.59375 0.375
vt 0.59375 0.40625
vt 0.5625 0.40625
vt 0.5625 0.375
vt 0 0.34375
vt 0.03125 0.34375
vt 0.03125 0.375
vt 0 0.375
vt 0.09375 0.34375
vt 0.09375 0.375
vt 0.0625 0.375
vt 0.0625 0.34375
vt 0.65625 0.375
vt 0.65625 0.40625
vt 0.625 0.40625
vt 0.625 0.375
vt 0.6875 1
vt 0.65625 1
vt 0.65625 0.96875
vt 0.6875 0.96875
vn 1 0 0
vn -1 0 0
vn 0 0.7372773368101242 0.6755902076156601
vn 0 -0.7372773368101242 -0.6755902076156601
vn 0 -0.6755902076156601 0.7372773368101242
vn 0 0.6755902076156601 -0.7372773368101242
usemtl m_ede1f5c5-55f8-8291-5e71-77e3daa0a758
f 394/1113/279 393/1114/279 395/1115/279 396/1116/279
f 399/1117/280 397/1118/280 398/1119/280 400/1120/280
f 397/1121/281 393/1122/281 394/1123/281 398/1124/281
f 396/1125/282 395/1126/282 399/1127/282 400/1128/282
f 395/1129/283 393/1130/283 397/1131/283 399/1132/283
f 398/1133/284 394/1134/284 396/1135/284 400/1136/284
o mesh
v -0.14062500000000006 0.01762809788080353 0.3801192082007048
v -0.14062500000000006 0.07251980224957591 0.32021542458488217
v -0.14062500000000006 0.01532410620327189 0.37800798880190584
v -0.14062500000000006 0.07021581057204428 0.3181042051860833
v -0.14687500000000003 0.01762809788080353 0.3801192082007048
v -0.14687500000000003 0.07251980224957591 0.32021542458488217
v -0.14687500000000003 0.01532410620327189 0.37800798880190584
v -0.14687500000000003 0.07021581057204428 0.3181042051860833
vt 0.6875 0.9375
vt 0.65625 0.9375
vt 0.65625 0.90625
vt 0.6875 0.90625
vt 0.15625 0.3125
vt 0.15625 0.34375
vt 0.125 0.34375
vt 0.125 0.3125
vt 0.65625 0.84375
vt 0.6875 0.84375
vt 0.6875 0.875
vt 0.65625 0.875
vt 0.21875 0.3125
vt 0.21875 0.34375
vt 0.1875 0.34375
vt 0.1875 0.3125
vt 0.6875 0.78125
vt 0.6875 0.8125
vt 0.65625 0.8125
vt 0.65625 0.78125
vt 0.28125 0.34375
vt 0.25 0.34375
vt 0.25 0.3125
vt 0.28125 0.3125
vn 1 0 0
vn -1 0 0
vn 0 0.7372773368101242 0.6755902076156601
vn 0 -0.7372773368101242 -0.6755902076156601
vn 0 -0.6755902076156601 0.7372773368101242
vn 0 0.6755902076156601 -0.7372773368101242
usemtl m_ede1f5c5-55f8-8291-5e71-77e3daa0a758
f 402/1137/285 401/1138/285 403/1139/285 404/1140/285
f 407/1141/286 405/1142/286 406/1143/286 408/1144/286
f 405/1145/287 401/1146/287 402/1147/287 406/1148/287
f 404/1149/288 403/1150/288 407/1151/288 408/1152/288
f 403/1153/289 401/1154/289 405/1155/289 407/1156/289
f 406/1157/290 402/1158/290 404/1159/290 408/1160/290
o mesh
v -0.21249999999999972 0.04062045955083646 0.35062177826929064
v -0.21249999999999972 0.040893080721869805 0.34437772688440405
v -0.21249999999999972 -0.0015268872971481613 0.3487815853648155
v -0.21249999999999972 -0.0012542661261148134 0.3425375339799289
v -0.22499999999999973 0.04062045955083646 0.35062177826929064
v -0.22499999999999973 0.040893080721869805 0.34437772688440405
v -0.22499999999999973 -0.0015268872971481613 0.3487815853648155
v -0.22499999999999973 -0.0012542661261148134 0.3425375339799289
vt 0.6875 0.75
vt 0.65625 0.75
vt 0.65625 0.71875
vt 0.6875 0.71875
vt 0.34375 0.3125
vt 0.34375 0.34375
vt 0.3125 0.34375
vt 0.3125 0.3125
vt 0.65625 0.65625
vt 0.6875 0.65625
vt 0.6875 0.6875
vt 0.65625 0.6875
vt 0.40625 0.3125
vt 0.40625 0.34375
vt 0.375 0.34375
vt 0.375 0.3125
vt 0.6875 0.59375
vt 0.6875 0.625
vt 0.65625 0.625
vt 0.65625 0.59375
vt 0.46875 0.34375
vt 0.4375 0.34375
vt 0.4375 0.3125
vt 0.46875 0.3125
vn 1 0 0
vn -1 0 0
vn 0 0.9990482215818579 0.04361938736533588
vn 0 -0.9990482215818579 -0.04361938736533588
vn 0 -0.04361938736533588 0.9990482215818579
vn 0 0.04361938736533588 -0.9990482215818579
usemtl m_ede1f5c5-55f8-8291-5e71-77e3daa0a758
f 410/1161/291 409/1162/291 411/1163/291 412/1164/291
f 415/1165/292 413/1166/292 414/1167/292 416/1168/292
f 413/1169/293 409/1170/293 410/1171/293 414/1172/293
f 412/1173/294 411/1174/294 415/1175/294 416/1176/294
f 411/1177/295 409/1178/295 413/1179/295 415/1180/295
f 414/1181/296 410/1182/296 412/1183/296 416/1184/296
o plane
v -0.14687499999999973 0.016476102042037737 0.37906359850130533
v -0.14687499999999973 0.07136780641081013 0.31915981488548273
v -0.2906249999999997 0.016476102042037737 0.37906359850130533
v -0.2906249999999997 0.07136780641081013 0.31915981488548273
vt 0.3125 0.34375
vt 0.3125 0.40625
vt 0.21875 0.40625
vt 0.21875 0.34375
vn 0 0.7372773368101242 0.6755902076156601
usemtl m_ede1f5c5-55f8-8291-5e71-77e3daa0a758
f 417/1185/297 418/1186/297 420/1187/297 419/1188/297
o mesh
v 0.015625000000000278 0.011101667405674046 0.38261597215696913
v 0.015625000000000278 0.07443824936964218 0.31349622183102
v 0.015625000000000278 0.008797675728142409 0.3805047527581702
v 0.015625000000000278 0.07213425769211054 0.31138500243222106
v -0.14062499999999972 0.011101667405674046 0.38261597215696913
v -0.14062499999999972 0.07443824936964218 0.31349622183102
v -0.14062499999999972 0.008797675728142409 0.3805047527581702
v -0.14062499999999972 0.07213425769211054 0.31138500243222106
vt 0.5625 0.46875
vt 0.5 0.46875
vt 0.5 0.4375
vt 0.5625 0.4375
vt 0.1875 0.375
vt 0.1875 0.40625
vt 0.125 0.40625
vt 0.125 0.375
vt 0 0.40625
vt 0.09375 0.40625
vt 0.09375 0.46875
vt 0 0.46875
vt 0.625 0.9375
vt 0.625 1
vt 0.53125 1
vt 0.53125 0.9375
vt 0.625 0.875
vt 0.625 0.90625
vt 0.53125 0.90625
vt 0.53125 0.875
vt 0.21875 0.46875
vt 0.125 0.46875
vt 0.125 0.4375
vt 0.21875 0.4375
vn 1 0 0
vn -1 0 0
vn 0 0.7372773368101242 0.6755902076156601
vn 0 -0.7372773368101242 -0.6755902076156601
vn 0 -0.6755902076156601 0.7372773368101242
vn 0 0.6755902076156601 -0.7372773368101242
usemtl m_ede1f5c5-55f8-8291-5e71-77e3daa0a758
f 422/1189/298 421/1190/298 423/1191/298 424/1192/298
f 427/1193/299 425/1194/299 426/1195/299 428/1196/299
f 425/1197/300 421/1198/300 422/1199/300 426/1200/300
f 424/1201/301 423/1202/301 427/1203/301 428/1204/301
f 423/1205/302 421/1206/302 425/1207/302 427/1208/302
f 426/1209/303 422/1210/303 424/1211/303 428/1212/303
o mesh
v 0.015625000000000278 0.07251980224957595 0.32021542458488217
v 0.015625000000000278 0.07674224104717381 0.31560744122981893
v 0.015625000000000278 0.0702158105720443 0.31810420518608323
v 0.015625000000000278 0.07443824936964218 0.31349622183102
v -0.14062499999999972 0.07251980224957595 0.32021542458488217
v -0.14062499999999972 0.07674224104717381 0.31560744122981893
v -0.14062499999999972 0.0702158105720443 0.31810420518608323
v -0.14062499999999972 0.07443824936964218 0.31349622183102
vt 0.34375 0.40625
vt 0.3125 0.40625
vt 0.3125 0.375
vt 0.34375 0.375
vt 0.40625 0.375
vt 0.40625 0.40625
vt 0.375 0.40625
vt 0.375 0.375
vt 0.53125 0.8125
vt 0.625 0.8125
vt 0.625 0.84375
vt 0.53125 0.84375
vt 0.625 0.75
vt 0.625 0.78125
vt 0.53125 0.78125
vt 0.53125 0.75
vt 0.34375 0.4375
vt 0.34375 0.46875
vt 0.25 0.46875
vt 0.25 0.4375
vt 0.625 0.71875
vt 0.53125 0.71875
vt 0.53125 0.6875
vt 0.625 0.6875
vn 1 0 0
vn -1 0 0
vn 0 0.7372773368101242 0.6755902076156601
vn 0 -0.7372773368101242 -0.6755902076156601
vn 0 -0.6755902076156601 0.7372773368101242
vn 0 0.6755902076156601 -0.7372773368101242
usemtl m_ede1f5c5-55f8-8291-5e71-77e3daa0a758
f 430/1213/304 429/1214/304 431/1215/304 432/1216/304
f 435/1217/305 433/1218/305 434/1219/305 436/1220/305
f 433/1221/306 429/1222/306 430/1223/306 434/1224/306
f 432/1225/307 431/1226/307 435/1227/307 436/1228/307
f 431/1229/308 429/1230/308 433/1231/308 435/1232/308
f 434/1233/309 430/1234/309 432/1235/309 436/1236/309
o mesh
v 0.015625000000000278 0.013405659083205748 0.38472719155576796
v 0.015625000000000278 0.017628097880803613 0.3801192082007047
v 0.015625000000000278 0.011101667405674108 0.382615972156969
v 0.015625000000000278 0.01532410620327198 0.3780079888019058
v -0.14062499999999972 0.013405659083205748 0.38472719155576796
v -0.14062499999999972 0.017628097880803613 0.3801192082007047
v -0.14062499999999972 0.011101667405674108 0.382615972156969
v -0.14062499999999972 0.01532410620327198 0.3780079888019058
vt 0.46875 0.40625
vt 0.4375 0.40625
vt 0.4375 0.375
vt 0.46875 0.375
vt 0.53125 0.375
vt 0.53125 0.40625
vt 0.5 0.40625
vt 0.5 0.375
vt 0.53125 0.625
vt 0.625 0.625
vt 0.625 0.65625
vt 0.53125 0.65625
vt 0.46875 0.4375
vt 0.46875 0.46875
vt 0.375 0.46875
vt 0.375 0.4375
vt 0.625 0.5625
vt 0.625 0.59375
vt 0.53125 0.59375
vt 0.53125 0.5625
vt 0.625 0.53125
vt 0.53125 0.53125
vt 0.53125 0.5
vt 0.625 0.5
vn 1 0 0
vn -1 0 0
vn 0 0.7372773368101242 0.6755902076156601
vn 0 -0.7372773368101242 -0.6755902076156601
vn 0 -0.6755902076156601 0.7372773368101242
vn 0 0.6755902076156601 -0.7372773368101242
usemtl m_ede1f5c5-55f8-8291-5e71-77e3daa0a758
f 438/1237/310 437/1238/310 439/1239/310 440/1240/310
f 443/1241/311 441/1242/311 442/1243/311 444/1244/311
f 441/1245/312 437/1246/312 438/1247/312 442/1248/312
f 440/1249/313 439/1250/313 443/1251/313 444/1252/313
f 439/1253/314 437/1254/314 441/1255/314 443/1256/314
f 442/1257/315 438/1258/315 440/1259/315 444/1260/315
o mesh
v -0.13437499999999974 0.01762809788080353 0.3801192082007048
v -0.13437499999999974 0.07251980224957591 0.32021542458488217
v -0.13437499999999974 0.01532410620327189 0.37800798880190584
v -0.13437499999999974 0.07021581057204428 0.3181042051860833
v -0.14062499999999972 0.01762809788080353 0.3801192082007048
v -0.14062499999999972 0.07251980224957591 0.32021542458488217
v -0.14062499999999972 0.01532410620327189 0.37800798880190584
v -0.14062499999999972 0.07021581057204428 0.3181042051860833
vt 0.625 0.46875
vt 0.59375 0.46875
vt 0.59375 0.4375
vt 0.625 0.4375
vt 0.59375 0.375
vt 0.59375 0.40625
vt 0.5625 0.40625
vt 0.5625 0.375
vt 0 0.34375
vt 0.03125 0.34375
vt 0.03125 0.375
vt 0 0.375
vt 0.09375 0.34375
vt 0.09375 0.375
vt 0.0625 0.375
vt 0.0625 0.34375
vt 0.65625 0.375
vt 0.65625 0.40625
vt 0.625 0.40625
vt 0.625 0.375
vt 0.6875 1
vt 0.65625 1
vt 0.65625 0.96875
vt 0.6875 0.96875
vn 1 0 0
vn -1 0 0
vn 0 0.7372773368101242 0.6755902076156601
vn 0 -0.7372773368101242 -0.6755902076156601
vn 0 -0.6755902076156601 0.7372773368101242
vn 0 0.6755902076156601 -0.7372773368101242
usemtl m_ede1f5c5-55f8-8291-5e71-77e3daa0a758
f 446/1261/316 445/1262/316 447/1263/316 448/1264/316
f 451/1265/317 449/1266/317 450/1267/317 452/1268/317
f 449/1269/318 445/1270/318 446/1271/318 450/1272/318
f 448/1273/319 447/1274/319 451/1275/319 452/1276/319
f 447/1277/320 445/1278/320 449/1279/320 451/1280/320
f 450/1281/321 446/1282/321 448/1283/321 452/1284/321
o mesh
v 0.01562499999999993 0.01762809788080353 0.3801192082007048
v 0.01562499999999993 0.07251980224957591 0.32021542458488217
v 0.01562499999999993 0.01532410620327189 0.37800798880190584
v 0.01562499999999993 0.07021581057204428 0.3181042051860833
v 0.009374999999999939 0.01762809788080353 0.3801192082007048
v 0.009374999999999939 0.07251980224957591 0.32021542458488217
v 0.009374999999999939 0.01532410620327189 0.37800798880190584
v 0.009374999999999939 0.07021581057204428 0.3181042051860833
vt 0.6875 0.9375
vt 0.65625 0.9375
vt 0.65625 0.90625
vt 0.6875 0.90625
vt 0.15625 0.3125
vt 0.15625 0.34375
vt 0.125 0.34375
vt 0.125 0.3125
vt 0.65625 0.84375
vt 0.6875 0.84375
vt 0.6875 0.875
vt 0.65625 0.875
vt 0.21875 0.3125
vt 0.21875 0.34375
vt 0.1875 0.34375
vt 0.1875 0.3125
vt 0.6875 0.78125
vt 0.6875 0.8125
vt 0.65625 0.8125
vt 0.65625 0.78125
vt 0.28125 0.34375
vt 0.25 0.34375
vt 0.25 0.3125
vt 0.28125 0.3125
vn 1 0 0
vn -1 0 0
vn 0 0.7372773368101242 0.6755902076156601
vn 0 -0.7372773368101242 -0.6755902076156601
vn 0 -0.6755902076156601 0.7372773368101242
vn 0 0.6755902076156601 -0.7372773368101242
usemtl m_ede1f5c5-55f8-8291-5e71-77e3daa0a758
f 454/1285/322 453/1286/322 455/1287/322 456/1288/322
f 459/1289/323 457/1290/323 458/1291/323 460/1292/323
f 457/1293/324 453/1294/324 454/1295/324 458/1296/324
f 456/1297/325 455/1298/325 459/1299/325 460/1300/325
f 455/1301/326 453/1302/326 457/1303/326 459/1304/326
f 458/1305/327 454/1306/327 456/1307/327 460/1308/327
o mesh
v -0.056249999999999724 0.04062045955083646 0.35062177826929064
v -0.056249999999999724 0.040893080721869805 0.34437772688440405
v -0.056249999999999724 -0.0015268872971481613 0.3487815853648155
v -0.056249999999999724 -0.0012542661261148134 0.3425375339799289
v -0.06874999999999973 0.04062045955083646 0.35062177826929064
v -0.06874999999999973 0.040893080721869805 0.34437772688440405
v -0.06874999999999973 -0.0015268872971481613 0.3487815853648155
v -0.06874999999999973 -0.0012542661261148134 0.3425375339799289
vt 0.6875 0.75
vt 0.65625 0.75
vt 0.65625 0.71875
vt 0.6875 0.71875
vt 0.34375 0.3125
vt 0.34375 0.34375
vt 0.3125 0.34375
vt 0.3125 0.3125
vt 0.65625 0.65625
vt 0.6875 0.65625
vt 0.6875 0.6875
vt 0.65625 0.6875
vt 0.40625 0.3125
vt 0.40625 0.34375
vt 0.375 0.34375
vt 0.375 0.3125
vt 0.6875 0.59375
vt 0.6875 0.625
vt 0.65625 0.625
vt 0.65625 0.59375
vt 0.46875 0.34375
vt 0.4375 0.34375
vt 0.4375 0.3125
vt 0.46875 0.3125
vn 1 0 0
vn -1 0 0
vn 0 0.9990482215818579 0.04361938736533588
vn 0 -0.9990482215818579 -0.04361938736533588
vn 0 -0.04361938736533588 0.9990482215818579
vn 0 0.04361938736533588 -0.9990482215818579
usemtl m_ede1f5c5-55f8-8291-5e71-77e3daa0a758
f 462/1309/328 461/1310/328 463/1311/328 464/1312/328
f 467/1313/329 465/1314/329 466/1315/329 468/1316/329
f 465/1317/330 461/1318/330 462/1319/330 466/1320/330
f 464/1321/331 463/1322/331 467/1323/331 468/1324/331
f 463/1325/332 461/1326/332 465/1327/332 467/1328/332
f 466/1329/333 462/1330/333 464/1331/333 468/1332/333
o plane
v 0.009375000000000272 0.016476102042037737 0.37906359850130533
v 0.009375000000000272 0.07136780641081013 0.31915981488548273
v -0.13437499999999972 0.016476102042037737 0.37906359850130533
v -0.13437499999999972 0.07136780641081013 0.31915981488548273
vt 0.3125 0.34375
vt 0.3125 0.40625
vt 0.21875 0.40625
vt 0.21875 0.34375
vn 0 0.7372773368101242 0.6755902076156601
usemtl m_ede1f5c5-55f8-8291-5e71-77e3daa0a758
f 469/1333/334 470/1334/334 472/1335/334 471/1336/334
o mesh
v 0.17187500000000033 0.011101667405674046 0.38261597215696913
v 0.17187500000000033 0.07443824936964218 0.31349622183102
v 0.17187500000000033 0.008797675728142409 0.3805047527581702
v 0.17187500000000033 0.07213425769211054 0.31138500243222106
v 0.015625000000000333 0.011101667405674046 0.38261597215696913
v 0.015625000000000333 0.07443824936964218 0.31349622183102
v 0.015625000000000333 0.008797675728142409 0.3805047527581702
v 0.015625000000000333 0.07213425769211054 0.31138500243222106
vt 0.5625 0.46875
vt 0.5 0.46875
vt 0.5 0.4375
vt 0.5625 0.4375
vt 0.1875 0.375
vt 0.1875 0.40625
vt 0.125 0.40625
vt 0.125 0.375
vt 0 0.40625
vt 0.09375 0.40625
vt 0.09375 0.46875
vt 0 0.46875
vt 0.625 0.9375
vt 0.625 1
vt 0.53125 1
vt 0.53125 0.9375
vt 0.625 0.875
vt 0.625 0.90625
vt 0.53125 0.90625
vt 0.53125 0.875
vt 0.21875 0.46875
vt 0.125 0.46875
vt 0.125 0.4375
vt 0.21875 0.4375
vn 1 0 0
vn -1 0 0
vn 0 0.7372773368101242 0.6755902076156601
vn 0 -0.7372773368101242 -0.6755902076156601
vn 0 -0.6755902076156601 0.7372773368101242
vn 0 0.6755902076156601 -0.7372773368101242
usemtl m_ede1f5c5-55f8-8291-5e71-77e3daa0a758
f 474/1337/335 473/1338/335 475/1339/335 476/1340/335
f 479/1341/336 477/1342/336 478/1343/336 480/1344/336
f 477/1345/337 473/1346/337 474/1347/337 478/1348/337
f 476/1349/338 475/1350/338 479/1351/338 480/1352/338
f 475/1353/339 473/1354/339 477/1355/339 479/1356/339
f 478/1357/340 474/1358/340 476/1359/340 480/1360/340
o mesh
v 0.17187500000000033 0.07251980224957595 0.32021542458488217
v 0.17187500000000033 0.07674224104717381 0.31560744122981893
v 0.17187500000000033 0.0702158105720443 0.31810420518608323
v 0.17187500000000033 0.07443824936964218 0.31349622183102
v 0.015625000000000333 0.07251980224957595 0.32021542458488217
v 0.015625000000000333 0.07674224104717381 0.31560744122981893
v 0.015625000000000333 0.0702158105720443 0.31810420518608323
v 0.015625000000000333 0.07443824936964218 0.31349622183102
vt 0.34375 0.40625
vt 0.3125 0.40625
vt 0.3125 0.375
vt 0.34375 0.375
vt 0.40625 0.375
vt 0.40625 0.40625
vt 0.375 0.40625
vt 0.375 0.375
vt 0.53125 0.8125
vt 0.625 0.8125
vt 0.625 0.84375
vt 0.53125 0.84375
vt 0.625 0.75
vt 0.625 0.78125
vt 0.53125 0.78125
vt 0.53125 0.75
vt 0.34375 0.4375
vt 0.34375 0.46875
vt 0.25 0.46875
vt 0.25 0.4375
vt 0.625 0.71875
vt 0.53125 0.71875
vt 0.53125 0.6875
vt 0.625 0.6875
vn 1 0 0
vn -1 0 0
vn 0 0.7372773368101242 0.6755902076156601
vn 0 -0.7372773368101242 -0.6755902076156601
vn 0 -0.6755902076156601 0.7372773368101242
vn 0 0.6755902076156601 -0.7372773368101242
usemtl m_ede1f5c5-55f8-8291-5e71-77e3daa0a758
f 482/1361/341 481/1362/341 483/1363/341 484/1364/341
f 487/1365/342 485/1366/342 486/1367/342 488/1368/342
f 485/1369/343 481/1370/343 482/1371/343 486/1372/343
f 484/1373/344 483/1374/344 487/1375/344 488/1376/344
f 483/1377/345 481/1378/345 485/1379/345 487/1380/345
f 486/1381/346 482/1382/346 484/1383/346 488/1384/346
o mesh
v 0.17187500000000033 0.013405659083205748 0.38472719155576796
v 0.17187500000000033 0.017628097880803613 0.3801192082007047
v 0.17187500000000033 0.011101667405674108 0.382615972156969
v 0.17187500000000033 0.01532410620327198 0.3780079888019058
v 0.015625000000000333 0.013405659083205748 0.38472719155576796
v 0.015625000000000333 0.017628097880803613 0.3801192082007047
v 0.015625000000000333 0.011101667405674108 0.382615972156969
v 0.015625000000000333 0.01532410620327198 0.3780079888019058
vt 0.46875 0.40625
vt 0.4375 0.40625
vt 0.4375 0.375
vt 0.46875 0.375
vt 0.53125 0.375
vt 0.53125 0.40625
vt 0.5 0.40625
vt 0.5 0.375
vt 0.53125 0.625
vt 0.625 0.625
vt 0.625 0.65625
vt 0.53125 0.65625
vt 0.46875 0.4375
vt 0.46875 0.46875
vt 0.375 0.46875
vt 0.375 0.4375
vt 0.625 0.5625
vt 0.625 0.59375
vt 0.53125 0.59375
vt 0.53125 0.5625
vt 0.625 0.53125
vt 0.53125 0.53125
vt 0.53125 0.5
vt 0.625 0.5
vn 1 0 0
vn -1 0 0
vn 0 0.7372773368101242 0.6755902076156601
vn 0 -0.7372773368101242 -0.6755902076156601
vn 0 -0.6755902076156601 0.7372773368101242
vn 0 0.6755902076156601 -0.7372773368101242
usemtl m_ede1f5c5-55f8-8291-5e71-77e3daa0a758
f 490/1385/347 489/1386/347 491/1387/347 492/1388/347
f 495/1389/348 493/1390/348 494/1391/348 496/1392/348
f 493/1393/349 489/1394/349 490/1395/349 494/1396/349
f 492/1397/350 491/1398/350 495/1399/350 496/1400/350
f 491/1401/351 489/1402/351 493/1403/351 495/1404/351
f 494/1405/352 490/1406/352 492/1407/352 496/1408/352
o mesh
v 0.021875000000000325 0.01762809788080353 0.3801192082007048
v 0.021875000000000325 0.07251980224957591 0.32021542458488217
v 0.021875000000000325 0.01532410620327189 0.37800798880190584
v 0.021875000000000325 0.07021581057204428 0.3181042051860833
v 0.015625000000000333 0.01762809788080353 0.3801192082007048
v 0.015625000000000333 0.07251980224957591 0.32021542458488217
v 0.015625000000000333 0.01532410620327189 0.37800798880190584
v 0.015625000000000333 0.07021581057204428 0.3181042051860833
vt 0.625 0.46875
vt 0.59375 0.46875
vt 0.59375 0.4375
vt 0.625 0.4375
vt 0.59375 0.375
vt 0.59375 0.40625
vt 0.5625 0.40625
vt 0.5625 0.375
vt 0 0.34375
vt 0.03125 0.34375
vt 0.03125 0.375
vt 0 0.375
vt 0.09375 0.34375
vt 0.09375 0.375
vt 0.0625 0.375
vt 0.0625 0.34375
vt 0.65625 0.375
vt 0.65625 0.40625
vt 0.625 0.40625
vt 0.625 0.375
vt 0.6875 1
vt 0.65625 1
vt 0.65625 0.96875
vt 0.6875 0.96875
vn 1 0 0
vn -1 0 0
vn 0 0.7372773368101242 0.6755902076156601
vn 0 -0.7372773368101242 -0.6755902076156601
vn 0 -0.6755902076156601 0.7372773368101242
vn 0 0.6755902076156601 -0.7372773368101242
usemtl m_ede1f5c5-55f8-8291-5e71-77e3daa0a758
f 498/1409/353 497/1410/353 499/1411/353 500/1412/353
f 503/1413/354 501/1414/354 502/1415/354 504/1416/354
f 501/1417/355 497/1418/355 498/1419/355 502/1420/355
f 500/1421/356 499/1422/356 503/1423/356 504/1424/356
f 499/1425/357 497/1426/357 501/1427/357 503/1428/357
f 502/1429/358 498/1430/358 500/1431/358 504/1432/358
o mesh
v 0.171875 0.01762809788080353 0.3801192082007048
v 0.171875 0.07251980224957591 0.32021542458488217
v 0.171875 0.01532410620327189 0.37800798880190584
v 0.171875 0.07021581057204428 0.3181042051860833
v 0.16562500000000002 0.01762809788080353 0.3801192082007048
v 0.16562500000000002 0.07251980224957591 0.32021542458488217
v 0.16562500000000002 0.01532410620327189 0.37800798880190584
v 0.16562500000000002 0.07021581057204428 0.3181042051860833
vt 0.6875 0.9375
vt 0.65625 0.9375
vt 0.65625 0.90625
vt 0.6875 0.90625
vt 0.15625 0.3125
vt 0.15625 0.34375
vt 0.125 0.34375
vt 0.125 0.3125
vt 0.65625 0.84375
vt 0.6875 0.84375
vt 0.6875 0.875
vt 0.65625 0.875
vt 0.21875 0.3125
vt 0.21875 0.34375
vt 0.1875 0.34375
vt 0.1875 0.3125
vt 0.6875 0.78125
vt 0.6875 0.8125
vt 0.65625 0.8125
vt 0.65625 0.78125
vt 0.28125 0.34375
vt 0.25 0.34375
vt 0.25 0.3125
vt 0.28125 0.3125
vn 1 0 0
vn -1 0 0
vn 0 0.7372773368101242 0.6755902076156601
vn 0 -0.7372773368101242 -0.6755902076156601
vn 0 -0.6755902076156601 0.7372773368101242
vn 0 0.6755902076156601 -0.7372773368101242
usemtl m_ede1f5c5-55f8-8291-5e71-77e3daa0a758
f 506/1433/359 505/1434/359 507/1435/359 508/1436/359
f 511/1437/360 509/1438/360 510/1439/360 512/1440/360
f 509/1441/361 505/1442/361 506/1443/361 510/1444/361
f 508/1445/362 507/1446/362 511/1447/362 512/1448/362
f 507/1449/363 505/1450/363 509/1451/363 511/1452/363
f 510/1453/364 506/1454/364 508/1455/364 512/1456/364
o mesh
v 0.10000000000000034 0.04062045955083646 0.35062177826929064
v 0.10000000000000034 0.040893080721869805 0.34437772688440405
v 0.10000000000000034 -0.0015268872971481613 0.3487815853648155
v 0.10000000000000034 -0.0012542661261148134 0.3425375339799289
v 0.08750000000000033 0.04062045955083646 0.35062177826929064
v 0.08750000000000033 0.040893080721869805 0.34437772688440405
v 0.08750000000000033 -0.0015268872971481613 0.3487815853648155
v 0.08750000000000033 -0.0012542661261148134 0.3425375339799289
vt 0.6875 0.75
vt 0.65625 0.75
vt 0.65625 0.71875
vt 0.6875 0.71875
vt 0.34375 0.3125
vt 0.34375 0.34375
vt 0.3125 0.34375
vt 0.3125 0.3125
vt 0.65625 0.65625
vt 0.6875 0.65625
vt 0.6875 0.6875
vt 0.65625 0.6875
vt 0.40625 0.3125
vt 0.40625 0.34375
vt 0.375 0.34375
vt 0.375 0.3125
vt 0.6875 0.59375
vt 0.6875 0.625
vt 0.65625 0.625
vt 0.65625 0.59375
vt 0.46875 0.34375
vt 0.4375 0.34375
vt 0.4375 0.3125
vt 0.46875 0.3125
vn 1 0 0
vn -1 0 0
vn 0 0.9990482215818579 0.04361938736533588
vn 0 -0.9990482215818579 -0.04361938736533588
vn 0 -0.04361938736533588 0.9990482215818579
vn 0 0.04361938736533588 -0.9990482215818579
usemtl m_ede1f5c5-55f8-8291-5e71-77e3daa0a758
f 514/1457/365 513/1458/365 515/1459/365 516/1460/365
f 519/1461/366 517/1462/366 518/1463/366 520/1464/366
f 517/1465/367 513/1466/367 514/1467/367 518/1468/367
f 516/1469/368 515/1470/368 519/1471/368 520/1472/368
f 515/1473/369 513/1474/369 517/1475/369 519/1476/369
f 518/1477/370 514/1478/370 516/1479/370 520/1480/370
o plane
v 0.16562500000000033 0.016476102042037737 0.37906359850130533
v 0.16562500000000033 0.07136780641081013 0.31915981488548273
v 0.02187500000000034 0.016476102042037737 0.37906359850130533
v 0.02187500000000034 0.07136780641081013 0.31915981488548273
vt 0.3125 0.34375
vt 0.3125 0.40625
vt 0.21875 0.40625
vt 0.21875 0.34375
vn 0 0.7372773368101242 0.6755902076156601
usemtl m_ede1f5c5-55f8-8291-5e71-77e3daa0a758
f 521/1481/371 522/1482/371 524/1483/371 523/1484/371
o mesh
v 0.32812500000000033 0.011101667405674046 0.38261597215696913
v 0.32812500000000033 0.07443824936964218 0.31349622183102
v 0.32812500000000033 0.008797675728142409 0.3805047527581702
v 0.32812500000000033 0.07213425769211054 0.31138500243222106
v 0.17187500000000033 0.011101667405674046 0.38261597215696913
v 0.17187500000000033 0.07443824936964218 0.31349622183102
v 0.17187500000000033 0.008797675728142409 0.3805047527581702
v 0.17187500000000033 0.07213425769211054 0.31138500243222106
vt 0.5625 0.46875
vt 0.5 0.46875
vt 0.5 0.4375
vt 0.5625 0.4375
vt 0.1875 0.375
vt 0.1875 0.40625
vt 0.125 0.40625
vt 0.125 0.375
vt 0 0.40625
vt 0.09375 0.40625
vt 0.09375 0.46875
vt 0 0.46875
vt 0.625 0.9375
vt 0.625 1
vt 0.53125 1
vt 0.53125 0.9375
vt 0.625 0.875
vt 0.625 0.90625
vt 0.53125 0.90625
vt 0.53125 0.875
vt 0.21875 0.46875
vt 0.125 0.46875
vt 0.125 0.4375
vt 0.21875 0.4375
vn 1 0 0
vn -1 0 0
vn 0 0.7372773368101242 0.6755902076156601
vn 0 -0.7372773368101242 -0.6755902076156601
vn 0 -0.6755902076156601 0.7372773368101242
vn 0 0.6755902076156601 -0.7372773368101242
usemtl m_ede1f5c5-55f8-8291-5e71-77e3daa0a758
f 526/1485/372 525/1486/372 527/1487/372 528/1488/372
f 531/1489/373 529/1490/373 530/1491/373 532/1492/373
f 529/1493/374 525/1494/374 526/1495/374 530/1496/374
f 528/1497/375 527/1498/375 531/1499/375 532/1500/375
f 527/1501/376 525/1502/376 529/1503/376 531/1504/376
f 530/1505/377 526/1506/377 528/1507/377 532/1508/377
o mesh
v 0.32812500000000033 0.07251980224957595 0.32021542458488217
v 0.32812500000000033 0.07674224104717381 0.31560744122981893
v 0.32812500000000033 0.0702158105720443 0.31810420518608323
v 0.32812500000000033 0.07443824936964218 0.31349622183102
v 0.17187500000000033 0.07251980224957595 0.32021542458488217
v 0.17187500000000033 0.07674224104717381 0.31560744122981893
v 0.17187500000000033 0.0702158105720443 0.31810420518608323
v 0.17187500000000033 0.07443824936964218 0.31349622183102
vt 0.34375 0.40625
vt 0.3125 0.40625
vt 0.3125 0.375
vt 0.34375 0.375
vt 0.40625 0.375
vt 0.40625 0.40625
vt 0.375 0.40625
vt 0.375 0.375
vt 0.53125 0.8125
vt 0.625 0.8125
vt 0.625 0.84375
vt 0.53125 0.84375
vt 0.625 0.75
vt 0.625 0.78125
vt 0.53125 0.78125
vt 0.53125 0.75
vt 0.34375 0.4375
vt 0.34375 0.46875
vt 0.25 0.46875
vt 0.25 0.4375
vt 0.625 0.71875
vt 0.53125 0.71875
vt 0.53125 0.6875
vt 0.625 0.6875
vn 1 0 0
vn -1 0 0
vn 0 0.7372773368101242 0.6755902076156601
vn 0 -0.7372773368101242 -0.6755902076156601
vn 0 -0.6755902076156601 0.7372773368101242
vn 0 0.6755902076156601 -0.7372773368101242
usemtl m_ede1f5c5-55f8-8291-5e71-77e3daa0a758
f 534/1509/378 533/1510/378 535/1511/378 536/1512/378
f 539/1513/379 537/1514/379 538/1515/379 540/1516/379
f 537/1517/380 533/1518/380 534/1519/380 538/1520/380
f 536/1521/381 535/1522/381 539/1523/381 540/1524/381
f 535/1525/382 533/1526/382 537/1527/382 539/1528/382
f 538/1529/383 534/1530/383 536/1531/383 540/1532/383
o mesh
v 0.32812500000000033 0.013405659083205748 0.38472719155576796
v 0.32812500000000033 0.017628097880803613 0.3801192082007047
v 0.32812500000000033 0.011101667405674108 0.382615972156969
v 0.32812500000000033 0.01532410620327198 0.3780079888019058
v 0.17187500000000033 0.013405659083205748 0.38472719155576796
v 0.17187500000000033 0.017628097880803613 0.3801192082007047
v 0.17187500000000033 0.011101667405674108 0.382615972156969
v 0.17187500000000033 0.01532410620327198 0.3780079888019058
vt 0.46875 0.40625
vt 0.4375 0.40625
vt 0.4375 0.375
vt 0.46875 0.375
vt 0.53125 0.375
vt 0.53125 0.40625
vt 0.5 0.40625
vt 0.5 0.375
vt 0.53125 0.625
vt 0.625 0.625
vt 0.625 0.65625
vt 0.53125 0.65625
vt 0.46875 0.4375
vt 0.46875 0.46875
vt 0.375 0.46875
vt 0.375 0.4375
vt 0.625 0.5625
vt 0.625 0.59375
vt 0.53125 0.59375
vt 0.53125 0.5625
vt 0.625 0.53125
vt 0.53125 0.53125
vt 0.53125 0.5
vt 0.625 0.5
vn 1 0 0
vn -1 0 0
vn 0 0.7372773368101242 0.6755902076156601
vn 0 -0.7372773368101242 -0.6755902076156601
vn 0 -0.6755902076156601 0.7372773368101242
vn 0 0.6755902076156601 -0.7372773368101242
usemtl m_ede1f5c5-55f8-8291-5e71-77e3daa0a758
f 542/1533/384 541/1534/384 543/1535/384 544/1536/384
f 547/1537/385 545/1538/385 546/1539/385 548/1540/385
f 545/1541/386 541/1542/386 542/1543/386 546/1544/386
f 544/1545/387 543/1546/387 547/1547/387 548/1548/387
f 543/1549/388 541/1550/388 545/1551/388 547/1552/388
f 546/1553/389 542/1554/389 544/1555/389 548/1556/389
o mesh
v 0.1781250000000003 0.01762809788080353 0.3801192082007048
v 0.1781250000000003 0.07251980224957591 0.32021542458488217
v 0.1781250000000003 0.01532410620327189 0.37800798880190584
v 0.1781250000000003 0.07021581057204428 0.3181042051860833
v 0.17187500000000033 0.01762809788080353 0.3801192082007048
v 0.17187500000000033 0.07251980224957591 0.32021542458488217
v 0.17187500000000033 0.01532410620327189 0.37800798880190584
v 0.17187500000000033 0.07021581057204428 0.3181042051860833
vt 0.625 0.46875
vt 0.59375 0.46875
vt 0.59375 0.4375
vt 0.625 0.4375
vt 0.59375 0.375
vt 0.59375 0.40625
vt 0.5625 0.40625
vt 0.5625 0.375
vt 0 0.34375
vt 0.03125 0.34375
vt 0.03125 0.375
vt 0 0.375
vt 0.09375 0.34375
vt 0.09375 0.375
vt 0.0625 0.375
vt 0.0625 0.34375
vt 0.65625 0.375
vt 0.65625 0.40625
vt 0.625 0.40625
vt 0.625 0.375
vt 0.6875 1
vt 0.65625 1
vt 0.65625 0.96875
vt 0.6875 0.96875
vn 1 0 0
vn -1 0 0
vn 0 0.7372773368101242 0.6755902076156601
vn 0 -0.7372773368101242 -0.6755902076156601
vn 0 -0.6755902076156601 0.7372773368101242
vn 0 0.6755902076156601 -0.7372773368101242
usemtl m_ede1f5c5-55f8-8291-5e71-77e3daa0a758
f 550/1557/390 549/1558/390 551/1559/390 552/1560/390
f 555/1561/391 553/1562/391 554/1563/391 556/1564/391
f 553/1565/392 549/1566/392 550/1567/392 554/1568/392
f 552/1569/393 551/1570/393 555/1571/393 556/1572/393
f 551/1573/394 549/1574/394 553/1575/394 555/1576/394
f 554/1577/395 550/1578/395 552/1579/395 556/1580/395
o mesh
v 0.3281249999999998 0.01762809788080353 0.3801192082007048
v 0.3281249999999998 0.07251980224957591 0.32021542458488217
v 0.3281249999999998 0.01532410620327189 0.37800798880190584
v 0.3281249999999998 0.07021581057204428 0.3181042051860833
v 0.3218749999999998 0.01762809788080353 0.3801192082007048
v 0.3218749999999998 0.07251980224957591 0.32021542458488217
v 0.3218749999999998 0.01532410620327189 0.37800798880190584
v 0.3218749999999998 0.07021581057204428 0.3181042051860833
vt 0.6875 0.9375
vt 0.65625 0.9375
vt 0.65625 0.90625
vt 0.6875 0.90625
vt 0.15625 0.3125
vt 0.15625 0.34375
vt 0.125 0.34375
vt 0.125 0.3125
vt 0.65625 0.84375
vt 0.6875 0.84375
vt 0.6875 0.875
vt 0.65625 0.875
vt 0.21875 0.3125
vt 0.21875 0.34375
vt 0.1875 0.34375
vt 0.1875 0.3125
vt 0.6875 0.78125
vt 0.6875 0.8125
vt 0.65625 0.8125
vt 0.65625 0.78125
vt 0.28125 0.34375
vt 0.25 0.34375
vt 0.25 0.3125
vt 0.28125 0.3125
vn 1 0 0
vn -1 0 0
vn 0 0.7372773368101242 0.6755902076156601
vn 0 -0.7372773368101242 -0.6755902076156601
vn 0 -0.6755902076156601 0.7372773368101242
vn 0 0.6755902076156601 -0.7372773368101242
usemtl m_ede1f5c5-55f8-8291-5e71-77e3daa0a758
f 558/1581/396 557/1582/396 559/1583/396 560/1584/396
f 563/1585/397 561/1586/397 562/1587/397 564/1588/397
f 561/1589/398 557/1590/398 558/1591/398 562/1592/398
f 560/1593/399 559/1594/399 563/1595/399 564/1596/399
f 559/1597/400 557/1598/400 561/1599/400 563/1600/400
f 562/1601/401 558/1602/401 560/1603/401 564/1604/401
o mesh
v 0.2562500000000003 0.04062045955083646 0.35062177826929064
v 0.2562500000000003 0.040893080721869805 0.34437772688440405
v 0.2562500000000003 -0.0015268872971481613 0.3487815853648155
v 0.2562500000000003 -0.0012542661261148134 0.3425375339799289
v 0.24375000000000033 0.04062045955083646 0.35062177826929064
v 0.24375000000000033 0.040893080721869805 0.34437772688440405
v 0.24375000000000033 -0.0015268872971481613 0.3487815853648155
v 0.24375000000000033 -0.0012542661261148134 0.3425375339799289
vt 0.6875 0.75
vt 0.65625 0.75
vt 0.65625 0.71875
vt 0.6875 0.71875
vt 0.34375 0.3125
vt 0.34375 0.34375
vt 0.3125 0.34375
vt 0.3125 0.3125
vt 0.65625 0.65625
vt 0.6875 0.65625
vt 0.6875 0.6875
vt 0.65625 0.6875
vt 0.40625 0.3125
vt 0.40625 0.34375
vt 0.375 0.34375
vt 0.375 0.3125
vt 0.6875 0.59375
vt 0.6875 0.625
vt 0.65625 0.625
vt 0.65625 0.59375
vt 0.46875 0.34375
vt 0.4375 0.34375
vt 0.4375 0.3125
vt 0.46875 0.3125
vn 1 0 0
vn -1 0 0
vn 0 0.9990482215818579 0.04361938736533588
vn 0 -0.9990482215818579 -0.04361938736533588
vn 0 -0.04361938736533588 0.9990482215818579
vn 0 0.04361938736533588 -0.9990482215818579
usemtl m_ede1f5c5-55f8-8291-5e71-77e3daa0a758
f 566/1605/402 565/1606/402 567/1607/402 568/1608/402
f 571/1609/403 569/1610/403 570/1611/403 572/1612/403
f 569/1613/404 565/1614/404 566/1615/404 570/1616/404
f 568/1617/405 567/1618/405 571/1619/405 572/1620/405
f 567/1621/406 565/1622/406 569/1623/406 571/1624/406
f 570/1625/407 566/1626/407 568/1627/407 572/1628/407
o plane
v 0.32187500000000036 0.016476102042037737 0.37906359850130533
v 0.32187500000000036 0.07136780641081013 0.31915981488548273
v 0.17812500000000034 0.016476102042037737 0.37906359850130533
v 0.17812500000000034 0.07136780641081013 0.31915981488548273
vt 0.3125 0.34375
vt 0.3125 0.40625
vt 0.21875 0.40625
vt 0.21875 0.34375
vn 0 0.7372773368101242 0.6755902076156601
usemtl m_ede1f5c5-55f8-8291-5e71-77e3daa0a758
f 573/1629/408 574/1630/408 576/1631/408 575/1632/408
o mesh
v 0.4843750000000001 0.011101667405674046 0.38261597215696913
v 0.4843750000000001 0.07443824936964218 0.31349622183102
v 0.4843750000000001 0.008797675728142409 0.3805047527581702
v 0.4843750000000001 0.07213425769211054 0.31138500243222106
v 0.3281250000000001 0.011101667405674046 0.38261597215696913
v 0.3281250000000001 0.07443824936964218 0.31349622183102
v 0.3281250000000001 0.008797675728142409 0.3805047527581702
v 0.3281250000000001 0.07213425769211054 0.31138500243222106
vt 0.5625 0.46875
vt 0.5 0.46875
vt 0.5 0.4375
vt 0.5625 0.4375
vt 0.1875 0.375
vt 0.1875 0.40625
vt 0.125 0.40625
vt 0.125 0.375
vt 0 0.40625
vt 0.09375 0.40625
vt 0.09375 0.46875
vt 0 0.46875
vt 0.625 0.9375
vt 0.625 1
vt 0.53125 1
vt 0.53125 0.9375
vt 0.625 0.875
vt 0.625 0.90625
vt 0.53125 0.90625
vt 0.53125 0.875
vt 0.21875 0.46875
vt 0.125 0.46875
vt 0.125 0.4375
vt 0.21875 0.4375
vn 1 0 0
vn -1 0 0
vn 0 0.7372773368101242 0.6755902076156601
vn 0 -0.7372773368101242 -0.6755902076156601
vn 0 -0.6755902076156601 0.7372773368101242
vn 0 0.6755902076156601 -0.7372773368101242
usemtl m_ede1f5c5-55f8-8291-5e71-77e3daa0a758
f 578/1633/409 577/1634/409 579/1635/409 580/1636/409
f 583/1637/410 581/1638/410 582/1639/410 584/1640/410
f 581/1641/411 577/1642/411 578/1643/411 582/1644/411
f 580/1645/412 579/1646/412 583/1647/412 584/1648/412
f 579/1649/413 577/1650/413 581/1651/413 583/1652/413
f 582/1653/414 578/1654/414 580/1655/414 584/1656/414
o mesh
v 0.4843750000000001 0.07251980224957595 0.32021542458488217
v 0.4843750000000001 0.07674224104717381 0.31560744122981893
v 0.4843750000000001 0.0702158105720443 0.31810420518608323
v 0.4843750000000001 0.07443824936964218 0.31349622183102
v 0.3281250000000001 0.07251980224957595 0.32021542458488217
v 0.3281250000000001 0.07674224104717381 0.31560744122981893
v 0.3281250000000001 0.0702158105720443 0.31810420518608323
v 0.3281250000000001 0.07443824936964218 0.31349622183102
vt 0.34375 0.40625
vt 0.3125 0.40625
vt 0.3125 0.375
vt 0.34375 0.375
vt 0.40625 0.375
vt 0.40625 0.40625
vt 0.375 0.40625
vt 0.375 0.375
vt 0.53125 0.8125
vt 0.625 0.8125
vt 0.625 0.84375
vt 0.53125 0.84375
vt 0.625 0.75
vt 0.625 0.78125
vt 0.53125 0.78125
vt 0.53125 0.75
vt 0.34375 0.4375
vt 0.34375 0.46875
vt 0.25 0.46875
vt 0.25 0.4375
vt 0.625 0.71875
vt 0.53125 0.71875
vt 0.53125 0.6875
vt 0.625 0.6875
vn 1 0 0
vn -1 0 0
vn 0 0.7372773368101242 0.6755902076156601
vn 0 -0.7372773368101242 -0.6755902076156601
vn 0 -0.6755902076156601 0.7372773368101242
vn 0 0.6755902076156601 -0.7372773368101242
usemtl m_ede1f5c5-55f8-8291-5e71-77e3daa0a758
f 586/1657/415 585/1658/415 587/1659/415 588/1660/415
f 591/1661/416 589/1662/416 590/1663/416 592/1664/416
f 589/1665/417 585/1666/417 586/1667/417 590/1668/417
f 588/1669/418 587/1670/418 591/1671/418 592/1672/418
f 587/1673/419 585/1674/419 589/1675/419 591/1676/419
f 590/1677/420 586/1678/420 588/1679/420 592/1680/420
o mesh
v 0.4843750000000001 0.013405659083205748 0.38472719155576796
v 0.4843750000000001 0.017628097880803613 0.3801192082007047
v 0.4843750000000001 0.011101667405674108 0.382615972156969
v 0.4843750000000001 0.01532410620327198 0.3780079888019058
v 0.3281250000000001 0.013405659083205748 0.38472719155576796
v 0.3281250000000001 0.017628097880803613 0.3801192082007047
v 0.3281250000000001 0.011101667405674108 0.382615972156969
v 0.3281250000000001 0.01532410620327198 0.3780079888019058
vt 0.46875 0.40625
vt 0.4375 0.40625
vt 0.4375 0.375
vt 0.46875 0.375
vt 0.53125 0.375
vt 0.53125 0.40625
vt 0.5 0.40625
vt 0.5 0.375
vt 0.53125 0.625
vt 0.625 0.625
vt 0.625 0.65625
vt 0.53125 0.65625
vt 0.46875 0.4375
vt 0.46875 0.46875
vt 0.375 0.46875
vt 0.375 0.4375
vt 0.625 0.5625
vt 0.625 0.59375
vt 0.53125 0.59375
vt 0.53125 0.5625
vt 0.625 0.53125
vt 0.53125 0.53125
vt 0.53125 0.5
vt 0.625 0.5
vn 1 0 0
vn -1 0 0
vn 0 0.7372773368101242 0.6755902076156601
vn 0 -0.7372773368101242 -0.6755902076156601
vn 0 -0.6755902076156601 0.7372773368101242
vn 0 0.6755902076156601 -0.7372773368101242
usemtl m_ede1f5c5-55f8-8291-5e71-77e3daa0a758
f 594/1681/421 593/1682/421 595/1683/421 596/1684/421
f 599/1685/422 597/1686/422 598/1687/422 600/1688/422
f 597/1689/423 593/1690/423 594/1691/423 598/1692/423
f 596/1693/424 595/1694/424 599/1695/424 600/1696/424
f 595/1697/425 593/1698/425 597/1699/425 599/1700/425
f 598/1701/426 594/1702/426 596/1703/426 600/1704/426
o mesh
v 0.3343750000000001 0.01762809788080353 0.3801192082007048
v 0.3343750000000001 0.07251980224957591 0.32021542458488217
v 0.3343750000000001 0.01532410620327189 0.37800798880190584
v 0.3343750000000001 0.07021581057204428 0.3181042051860833
v 0.3281250000000001 0.01762809788080353 0.3801192082007048
v 0.3281250000000001 0.07251980224957591 0.32021542458488217
v 0.3281250000000001 0.01532410620327189 0.37800798880190584
v 0.3281250000000001 0.07021581057204428 0.3181042051860833
vt 0.625 0.46875
vt 0.59375 0.46875
vt 0.59375 0.4375
vt 0.625 0.4375
vt 0.59375 0.375
vt 0.59375 0.40625
vt 0.5625 0.40625
vt 0.5625 0.375
vt 0 0.34375
vt 0.03125 0.34375
vt 0.03125 0.375
vt 0 0.375
vt 0.09375 0.34375
vt 0.09375 0.375
vt 0.0625 0.375
vt 0.0625 0.34375
vt 0.65625 0.375
vt 0.65625 0.40625
vt 0.625 0.40625
vt 0.625 0.375
vt 0.6875 1
vt 0.65625 1
vt 0.65625 0.96875
vt 0.6875 0.96875
vn 1 0 0
vn -1 0 0
vn 0 0.7372773368101242 0.6755902076156601
vn 0 -0.7372773368101242 -0.6755902076156601
vn 0 -0.6755902076156601 0.7372773368101242
vn 0 0.6755902076156601 -0.7372773368101242
usemtl m_ede1f5c5-55f8-8291-5e71-77e3daa0a758
f 602/1705/427 601/1706/427 603/1707/427 604/1708/427
f 607/1709/428 605/1710/428 606/1711/428 608/1712/428
f 605/1713/429 601/1714/429 602/1715/429 606/1716/429
f 604/1717/430 603/1718/430 607/1719/430 608/1720/430
f 603/1721/431 601/1722/431 605/1723/431 607/1724/431
f 606/1725/432 602/1726/432 604/1727/432 608/1728/432
o mesh
v 0.4843749999999998 0.01762809788080353 0.3801192082007048
v 0.4843749999999998 0.07251980224957591 0.32021542458488217
v 0.4843749999999998 0.01532410620327189 0.37800798880190584
v 0.4843749999999998 0.07021581057204428 0.3181042051860833
v 0.4781249999999998 0.01762809788080353 0.3801192082007048
v 0.4781249999999998 0.07251980224957591 0.32021542458488217
v 0.4781249999999998 0.01532410620327189 0.37800798880190584
v 0.4781249999999998 0.07021581057204428 0.3181042051860833
vt 0.6875 0.9375
vt 0.65625 0.9375
vt 0.65625 0.90625
vt 0.6875 0.90625
vt 0.15625 0.3125
vt 0.15625 0.34375
vt 0.125 0.34375
vt 0.125 0.3125
vt 0.65625 0.84375
vt 0.6875 0.84375
vt 0.6875 0.875
vt 0.65625 0.875
vt 0.21875 0.3125
vt 0.21875 0.34375
vt 0.1875 0.34375
vt 0.1875 0.3125
vt 0.6875 0.78125
vt 0.6875 0.8125
vt 0.65625 0.8125
vt 0.65625 0.78125
vt 0.28125 0.34375
vt 0.25 0.34375
vt 0.25 0.3125
vt 0.28125 0.3125
vn 1 0 0
vn -1 0 0
vn 0 0.7372773368101242 0.6755902076156601
vn 0 -0.7372773368101242 -0.6755902076156601
vn 0 -0.6755902076156601 0.7372773368101242
vn 0 0.6755902076156601 -0.7372773368101242
usemtl m_ede1f5c5-55f8-8291-5e71-77e3daa0a758
f 610/1729/433 609/1730/433 611/1731/433 612/1732/433
f 615/1733/434 613/1734/434 614/1735/434 616/1736/434
f 613/1737/435 609/1738/435 610/1739/435 614/1740/435
f 612/1741/436 611/1742/436 615/1743/436 616/1744/436
f 611/1745/437 609/1746/437 613/1747/437 615/1748/437
f 614/1749/438 610/1750/438 612/1751/438 616/1752/438
o mesh
v 0.4125000000000001 0.04062045955083646 0.35062177826929064
v 0.4125000000000001 0.040893080721869805 0.34437772688440405
v 0.4125000000000001 -0.0015268872971481613 0.3487815853648155
v 0.4125000000000001 -0.0012542661261148134 0.3425375339799289
v 0.40000000000000013 0.04062045955083646 0.35062177826929064
v 0.40000000000000013 0.040893080721869805 0.34437772688440405
v 0.40000000000000013 -0.0015268872971481613 0.3487815853648155
v 0.40000000000000013 -0.0012542661261148134 0.3425375339799289
vt 0.6875 0.75
vt 0.65625 0.75
vt 0.65625 0.71875
vt 0.6875 0.71875
vt 0.34375 0.3125
vt 0.34375 0.34375
vt 0.3125 0.34375
vt 0.3125 0.3125
vt 0.65625 0.65625
vt 0.6875 0.65625
vt 0.6875 0.6875
vt 0.65625 0.6875
vt 0.40625 0.3125
vt 0.40625 0.34375
vt 0.375 0.34375
vt 0.375 0.3125
vt 0.6875 0.59375
vt 0.6875 0.625
vt 0.65625 0.625
vt 0.65625 0.59375
vt 0.46875 0.34375
vt 0.4375 0.34375
vt 0.4375 0.3125
vt 0.46875 0.3125
vn 1 0 0
vn -1 0 0
vn 0 0.9990482215818579 0.04361938736533588
vn 0 -0.9990482215818579 -0.04361938736533588
vn 0 -0.04361938736533588 0.9990482215818579
vn 0 0.04361938736533588 -0.9990482215818579
usemtl m_ede1f5c5-55f8-8291-5e71-77e3daa0a758
f 618/1753/439 617/1754/439 619/1755/439 620/1756/439
f 623/1757/440 621/1758/440 622/1759/440 624/1760/440
f 621/1761/441 617/1762/441 618/1763/441 622/1764/441
f 620/1765/442 619/1766/442 623/1767/442 624/1768/442
f 619/1769/443 617/1770/443 621/1771/443 623/1772/443
f 622/1773/444 618/1774/444 620/1775/444 624/1776/444
o plane
v 0.47812500000000013 0.016476102042037737 0.37906359850130533
v 0.47812500000000013 0.07136780641081013 0.31915981488548273
v 0.3343750000000001 0.016476102042037737 0.37906359850130533
v 0.3343750000000001 0.07136780641081013 0.31915981488548273
vt 0.3125 0.34375
vt 0.3125 0.40625
vt 0.21875 0.40625
vt 0.21875 0.34375
vn 0 0.7372773368101242 0.6755902076156601
usemtl m_ede1f5c5-55f8-8291-5e71-77e3daa0a758
f 625/1777/445 626/1778/445 628/1779/445 627/1780/445
o mesh
v -0.2968749999999999 0.011101667405674046 0.19511597215696902
v -0.2968749999999999 0.07443824936964218 0.12599622183101988
v -0.2968749999999999 0.008797675728142409 0.19300475275817008
v -0.2968749999999999 0.07213425769211054 0.12388500243222095
v -0.4531249999999999 0.011101667405674046 0.19511597215696902
v -0.4531249999999999 0.07443824936964218 0.12599622183101988
v -0.4531249999999999 0.008797675728142409 0.19300475275817008
v -0.4531249999999999 0.07213425769211054 0.12388500243222095
vt 0.5625 0.46875
vt 0.5 0.46875
vt 0.5 0.4375
vt 0.5625 0.4375
vt 0.1875 0.375
vt 0.1875 0.40625
vt 0.125 0.40625
vt 0.125 0.375
vt 0 0.40625
vt 0.09375 0.40625
vt 0.09375 0.46875
vt 0 0.46875
vt 0.625 0.9375
vt 0.625 1
vt 0.53125 1
vt 0.53125 0.9375
vt 0.625 0.875
vt 0.625 0.90625
vt 0.53125 0.90625
vt 0.53125 0.875
vt 0.21875 0.46875
vt 0.125 0.46875
vt 0.125 0.4375
vt 0.21875 0.4375
vn 1 0 0
vn -1 0 0
vn 0 0.7372773368101242 0.6755902076156601
vn 0 -0.7372773368101242 -0.6755902076156601
vn 0 -0.6755902076156601 0.7372773368101242
vn 0 0.6755902076156601 -0.7372773368101242
usemtl m_ede1f5c5-55f8-8291-5e71-77e3daa0a758
f 630/1781/446 629/1782/446 631/1783/446 632/1784/446
f 635/1785/447 633/1786/447 634/1787/447 636/1788/447
f 633/1789/448 629/1790/448 630/1791/448 634/1792/448
f 632/1793/449 631/1794/449 635/1795/449 636/1796/449
f 631/1797/450 629/1798/450 633/1799/450 635/1800/450
f 634/1801/451 630/1802/451 632/1803/451 636/1804/451
o mesh
v -0.2968749999999999 0.07251980224957595 0.1327154245848821
v -0.2968749999999999 0.07674224104717381 0.12810744122981882
v -0.2968749999999999 0.0702158105720443 0.13060420518608315
v -0.2968749999999999 0.07443824936964218 0.12599622183101988
v -0.4531249999999999 0.07251980224957595 0.1327154245848821
v -0.4531249999999999 0.07674224104717381 0.12810744122981882
v -0.4531249999999999 0.0702158105720443 0.13060420518608315
v -0.4531249999999999 0.07443824936964218 0.12599622183101988
vt 0.34375 0.40625
vt 0.3125 0.40625
vt 0.3125 0.375
vt 0.34375 0.375
vt 0.40625 0.375
vt 0.40625 0.40625
vt 0.375 0.40625
vt 0.375 0.375
vt 0.53125 0.8125
vt 0.625 0.8125
vt 0.625 0.84375
vt 0.53125 0.84375
vt 0.625 0.75
vt 0.625 0.78125
vt 0.53125 0.78125
vt 0.53125 0.75
vt 0.34375 0.4375
vt 0.34375 0.46875
vt 0.25 0.46875
vt 0.25 0.4375
vt 0.625 0.71875
vt 0.53125 0.71875
vt 0.53125 0.6875
vt 0.625 0.6875
vn 1 0 0
vn -1 0 0
vn 0 0.7372773368101242 0.6755902076156601
vn 0 -0.7372773368101242 -0.6755902076156601
vn 0 -0.6755902076156601 0.7372773368101242
vn 0 0.6755902076156601 -0.7372773368101242
usemtl m_ede1f5c5-55f8-8291-5e71-77e3daa0a758
f 638/1805/452 637/1806/452 639/1807/452 640/1808/452
f 643/1809/453 641/1810/453 642/1811/453 644/1812/453
f 641/1813/454 637/1814/454 638/1815/454 642/1816/454
f 640/1817/455 639/1818/455 643/1819/455 644/1820/455
f 639/1821/456 637/1822/456 641/1823/456 643/1824/456
f 642/1825/457 638/1826/457 640/1827/457 644/1828/457
o mesh
v -0.2968749999999999 0.013405659083205707 0.19722719155576796
v -0.2968749999999999 0.01762809788080357 0.19261920820070466
v -0.2968749999999999 0.011101667405674066 0.195115972156969
v -0.2968749999999999 0.015324106203271938 0.19050798880190573
v -0.4531249999999999 0.013405659083205707 0.19722719155576796
v -0.4531249999999999 0.01762809788080357 0.19261920820070466
v -0.4531249999999999 0.011101667405674066 0.195115972156969
v -0.4531249999999999 0.015324106203271938 0.19050798880190573
vt 0.46875 0.40625
vt 0.4375 0.40625
vt 0.4375 0.375
vt 0.46875 0.375
vt 0.53125 0.375
vt 0.53125 0.40625
vt 0.5 0.40625
vt 0.5 0.375
vt 0.53125 0.625
vt 0.625 0.625
vt 0.625 0.65625
vt 0.53125 0.65625
vt 0.46875 0.4375
vt 0.46875 0.46875
vt 0.375 0.46875
vt 0.375 0.4375
vt 0.625 0.5625
vt 0.625 0.59375
vt 0.53125 0.59375
vt 0.53125 0.5625
vt 0.625 0.53125
vt 0.53125 0.53125
vt 0.53125 0.5
vt 0.625 0.5
vn 1 0 0
vn -1 0 0
vn 0 0.7372773368101242 0.6755902076156601
vn 0 -0.7372773368101242 -0.6755902076156601
vn 0 -0.6755902076156601 0.7372773368101242
vn 0 0.6755902076156601 -0.7372773368101242
usemtl m_ede1f5c5-55f8-8291-5e71-77e3daa0a758
f 646/1829/458 645/1830/458 647/1831/458 648/1832/458
f 651/1833/459 649/1834/459 650/1835/459 652/1836/459
f 649/1837/460 645/1838/460 646/1839/460 650/1840/460
f 648/1841/461 647/1842/461 651/1843/461 652/1844/461
f 647/1845/462 645/1846/462 649/1847/462 651/1848/462
f 650/1849/463 646/1850/463 648/1851/463 652/1852/463
o mesh
v -0.4468749999999999 0.017628097880803516 0.19261920820070472
v -0.4468749999999999 0.0725198022495759 0.13271542458488214
v -0.4468749999999999 0.015324106203271876 0.19050798880190578
v -0.4468749999999999 0.07021581057204426 0.1306042051860832
v -0.4531249999999999 0.017628097880803516 0.19261920820070472
v -0.4531249999999999 0.0725198022495759 0.13271542458488214
v -0.4531249999999999 0.015324106203271876 0.19050798880190578
v -0.4531249999999999 0.07021581057204426 0.1306042051860832
vt 0.625 0.46875
vt 0.59375 0.46875
vt 0.59375 0.4375
vt 0.625 0.4375
vt 0.59375 0.375
vt 0.59375 0.40625
vt 0.5625 0.40625
vt 0.5625 0.375
vt 0 0.34375
vt 0.03125 0.34375
vt 0.03125 0.375
vt 0 0.375
vt 0.09375 0.34375
vt 0.09375 0.375
vt 0.0625 0.375
vt 0.0625 0.34375
vt 0.65625 0.375
vt 0.65625 0.40625
vt 0.625 0.40625
vt 0.625 0.375
vt 0.6875 1
vt 0.65625 1
vt 0.65625 0.96875
vt 0.6875 0.96875
vn 1 0 0
vn -1 0 0
vn 0 0.7372773368101242 0.6755902076156601
vn 0 -0.7372773368101242 -0.6755902076156601
vn 0 -0.6755902076156601 0.7372773368101242
vn 0 0.6755902076156601 -0.7372773368101242
usemtl m_ede1f5c5-55f8-8291-5e71-77e3daa0a758
f 654/1853/464 653/1854/464 655/1855/464 656/1856/464
f 659/1857/465 657/1858/465 658/1859/465 660/1860/465
f 657/1861/466 653/1862/466 654/1863/466 658/1864/466
f 656/1865/467 655/1866/467 659/1867/467 660/1868/467
f 655/1869/468 653/1870/468 657/1871/468 659/1872/468
f 658/1873/469 654/1874/469 656/1875/469 660/1876/469
o mesh
v -0.2968750000000001 0.017628097880803516 0.19261920820070472
v -0.2968750000000001 0.0725198022495759 0.13271542458488214
v -0.2968750000000001 0.015324106203271876 0.19050798880190578
v -0.2968750000000001 0.07021581057204426 0.1306042051860832
v -0.3031250000000001 0.017628097880803516 0.19261920820070472
v -0.3031250000000001 0.0725198022495759 0.13271542458488214
v -0.3031250000000001 0.015324106203271876 0.19050798880190578
v -0.3031250000000001 0.07021581057204426 0.1306042051860832
vt 0.6875 0.9375
vt 0.65625 0.9375
vt 0.65625 0.90625
vt 0.6875 0.90625
vt 0.15625 0.3125
vt 0.15625 0.34375
vt 0.125 0.34375
vt 0.125 0.3125
vt 0.65625 0.84375
vt 0.6875 0.84375
vt 0.6875 0.875
vt 0.65625 0.875
vt 0.21875 0.3125
vt 0.21875 0.34375
vt 0.1875 0.34375
vt 0.1875 0.3125
vt 0.6875 0.78125
vt 0.6875 0.8125
vt 0.65625 0.8125
vt 0.65625 0.78125
vt 0.28125 0.34375
vt 0.25 0.34375
vt 0.25 0.3125
vt 0.28125 0.3125
vn 1 0 0
vn -1 0 0
vn 0 0.7372773368101242 0.6755902076156601
vn 0 -0.7372773368101242 -0.6755902076156601
vn 0 -0.6755902076156601 0.7372773368101242
vn 0 0.6755902076156601 -0.7372773368101242
usemtl m_ede1f5c5-55f8-8291-5e71-77e3daa0a758
f 662/1877/470 661/1878/470 663/1879/470 664/1880/470
f 667/1881/471 665/1882/471 666/1883/471 668/1884/471
f 665/1885/472 661/1886/472 662/1887/472 666/1888/472
f 664/1889/473 663/1890/473 667/1891/473 668/1892/473
f 663/1893/474 661/1894/474 665/1895/474 667/1896/474
f 666/1897/475 662/1898/475 664/1899/475 668/1900/475
o mesh
v -0.3687499999999999 0.04062045955083646 0.16312177826929058
v -0.3687499999999999 0.040893080721869805 0.15687772688440396
v -0.3687499999999999 -0.0015268872971481613 0.16128158536481546
v -0.3687499999999999 -0.0012542661261148134 0.15503753397992887
v -0.38124999999999987 0.04062045955083646 0.16312177826929058
v -0.38124999999999987 0.040893080721869805 0.15687772688440396
v -0.38124999999999987 -0.0015268872971481613 0.16128158536481546
v -0.38124999999999987 -0.0012542661261148134 0.15503753397992887
vt 0.6875 0.75
vt 0.65625 0.75
vt 0.65625 0.71875
vt 0.6875 0.71875
vt 0.34375 0.3125
vt 0.34375 0.34375
vt 0.3125 0.34375
vt 0.3125 0.3125
vt 0.65625 0.65625
vt 0.6875 0.65625
vt 0.6875 0.6875
vt 0.65625 0.6875
vt 0.40625 0.3125
vt 0.40625 0.34375
vt 0.375 0.34375
vt 0.375 0.3125
vt 0.6875 0.59375
vt 0.6875 0.625
vt 0.65625 0.625
vt 0.65625 0.59375
vt 0.46875 0.34375
vt 0.4375 0.34375
vt 0.4375 0.3125
vt 0.46875 0.3125
vn 1 0 0
vn -1 0 0
vn 0 0.9990482215818579 0.04361938736533588
vn 0 -0.9990482215818579 -0.04361938736533588
vn 0 -0.04361938736533588 0.9990482215818579
vn 0 0.04361938736533588 -0.9990482215818579
usemtl m_ede1f5c5-55f8-8291-5e71-77e3daa0a758
f 670/1901/476 669/1902/476 671/1903/476 672/1904/476
f 675/1905/477 673/1906/477 674/1907/477 676/1908/477
f 673/1909/478 669/1910/478 670/1911/478 674/1912/478
f 672/1913/479 671/1914/479 675/1915/479 676/1916/479
f 671/1917/480 669/1918/480 673/1919/480 675/1920/480
f 674/1921/481 670/1922/481 672/1923/481 676/1924/481
o plane
v -0.30312499999999987 0.016476102042037737 0.19156359850130522
v -0.30312499999999987 0.07136780641081013 0.13165981488548262
v -0.4468749999999999 0.016476102042037737 0.19156359850130522
v -0.4468749999999999 0.07136780641081013 0.13165981488548262
vt 0.3125 0.34375
vt 0.3125 0.40625
vt 0.21875 0.40625
vt 0.21875 0.34375
vn 0 0.7372773368101242 0.6755902076156601
usemtl m_ede1f5c5-55f8-8291-5e71-77e3daa0a758
f 677/1925/482 678/1926/482 680/1927/482 679/1928/482
o mesh
v -0.14062499999999972 0.011101667405674046 0.19511597215696902
v -0.14062499999999972 0.07443824936964218 0.12599622183101988
v -0.14062499999999972 0.008797675728142409 0.19300475275817008
v -0.14062499999999972 0.07213425769211054 0.12388500243222095
v -0.2968749999999997 0.011101667405674046 0.19511597215696902
v -0.2968749999999997 0.07443824936964218 0.12599622183101988
v -0.2968749999999997 0.008797675728142409 0.19300475275817008
v -0.2968749999999997 0.07213425769211054 0.12388500243222095
vt 0.5625 0.46875
vt 0.5 0.46875
vt 0.5 0.4375
vt 0.5625 0.4375
vt 0.1875 0.375
vt 0.1875 0.40625
vt 0.125 0.40625
vt 0.125 0.375
vt 0 0.40625
vt 0.09375 0.40625
vt 0.09375 0.46875
vt 0 0.46875
vt 0.625 0.9375
vt 0.625 1
vt 0.53125 1
vt 0.53125 0.9375
vt 0.625 0.875
vt 0.625 0.90625
vt 0.53125 0.90625
vt 0.53125 0.875
vt 0.21875 0.46875
vt 0.125 0.46875
vt 0.125 0.4375
vt 0.21875 0.4375
vn 1 0 0
vn -1 0 0
vn 0 0.7372773368101242 0.6755902076156601
vn 0 -0.7372773368101242 -0.6755902076156601
vn 0 -0.6755902076156601 0.7372773368101242
vn 0 0.6755902076156601 -0.7372773368101242
usemtl m_ede1f5c5-55f8-8291-5e71-77e3daa0a758
f 682/1929/483 681/1930/483 683/1931/483 684/1932/483
f 687/1933/484 685/1934/484 686/1935/484 688/1936/484
f 685/1937/485 681/1938/485 682/1939/485 686/1940/485
f 684/1941/486 683/1942/486 687/1943/486 688/1944/486
f 683/1945/487 681/1946/487 685/1947/487 687/1948/487
f 686/1949/488 682/1950/488 684/1951/488 688/1952/488
o mesh
v -0.14062499999999972 0.07251980224957595 0.1327154245848821
v -0.14062499999999972 0.07674224104717381 0.12810744122981882
v -0.14062499999999972 0.0702158105720443 0.13060420518608315
v -0.14062499999999972 0.07443824936964218 0.12599622183101988
v -0.2968749999999997 0.07251980224957595 0.1327154245848821
v -0.2968749999999997 0.07674224104717381 0.12810744122981882
v -0.2968749999999997 0.0702158105720443 0.13060420518608315
v -0.2968749999999997 0.07443824936964218 0.12599622183101988
vt 0.34375 0.40625
vt 0.3125 0.40625
vt 0.3125 0.375
vt 0.34375 0.375
vt 0.40625 0.375
vt 0.40625 0.40625
vt 0.375 0.40625
vt 0.375 0.375
vt 0.53125 0.8125
vt 0.625 0.8125
vt 0.625 0.84375
vt 0.53125 0.84375
vt 0.625 0.75
vt 0.625 0.78125
vt 0.53125 0.78125
vt 0.53125 0.75
vt 0.34375 0.4375
vt 0.34375 0.46875
vt 0.25 0.46875
vt 0.25 0.4375
vt 0.625 0.71875
vt 0.53125 0.71875
vt 0.53125 0.6875
vt 0.625 0.6875
vn 1 0 0
vn -1 0 0
vn 0 0.7372773368101242 0.6755902076156601
vn 0 -0.7372773368101242 -0.6755902076156601
vn 0 -0.6755902076156601 0.7372773368101242
vn 0 0.6755902076156601 -0.7372773368101242
usemtl m_ede1f5c5-55f8-8291-5e71-77e3daa0a758
f 690/1953/489 689/1954/489 691/1955/489 692/1956/489
f 695/1957/490 693/1958/490 694/1959/490 696/1960/490
f 693/1961/491 689/1962/491 690/1963/491 694/1964/491
f 692/1965/492 691/1966/492 695/1967/492 696/1968/492
f 691/1969/493 689/1970/493 693/1971/493 695/1972/493
f 694/1973/494 690/1974/494 692/1975/494 696/1976/494
o mesh
v -0.14062499999999972 0.013405659083205707 0.19722719155576796
v -0.14062499999999972 0.01762809788080357 0.19261920820070466
v -0.14062499999999972 0.011101667405674066 0.195115972156969
v -0.14062499999999972 0.015324106203271938 0.19050798880190573
v -0.2968749999999997 0.013405659083205707 0.19722719155576796
v -0.2968749999999997 0.01762809788080357 0.19261920820070466
v -0.2968749999999997 0.011101667405674066 0.195115972156969
v -0.2968749999999997 0.015324106203271938 0.19050798880190573
vt 0.46875 0.40625
vt 0.4375 0.40625
vt 0.4375 0.375
vt 0.46875 0.375
vt 0.53125 0.375
vt 0.53125 0.40625
vt 0.5 0.40625
vt 0.5 0.375
vt 0.53125 0.625
vt 0.625 0.625
vt 0.625 0.65625
vt 0.53125 0.65625
vt 0.46875 0.4375
vt 0.46875 0.46875
vt 0.375 0.46875
vt 0.375 0.4375
vt 0.625 0.5625
vt 0.625 0.59375
vt 0.53125 0.59375
vt 0.53125 0.5625
vt 0.625 0.53125
vt 0.53125 0.53125
vt 0.53125 0.5
vt 0.625 0.5
vn 1 0 0
vn -1 0 0
vn 0 0.7372773368101242 0.6755902076156601
vn 0 -0.7372773368101242 -0.6755902076156601
vn 0 -0.6755902076156601 0.7372773368101242
vn 0 0.6755902076156601 -0.7372773368101242
usemtl m_ede1f5c5-55f8-8291-5e71-77e3daa0a758
f 698/1977/495 697/1978/495 699/1979/495 700/1980/495
f 703/1981/496 701/1982/496 702/1983/496 704/1984/496
f 701/1985/497 697/1986/497 698/1987/497 702/1988/497
f 700/1989/498 699/1990/498 703/1991/498 704/1992/498
f 699/1993/499 697/1994/499 701/1995/499 703/1996/499
f 702/1997/500 698/1998/500 700/1999/500 704/2000/500
o mesh
v -0.29062499999999974 0.017628097880803516 0.19261920820070472
v -0.29062499999999974 0.0725198022495759 0.13271542458488214
v -0.29062499999999974 0.015324106203271876 0.19050798880190578
v -0.29062499999999974 0.07021581057204426 0.1306042051860832
v -0.2968749999999997 0.017628097880803516 0.19261920820070472
v -0.2968749999999997 0.0725198022495759 0.13271542458488214
v -0.2968749999999997 0.015324106203271876 0.19050798880190578
v -0.2968749999999997 0.07021581057204426 0.1306042051860832
vt 0.625 0.46875
vt 0.59375 0.46875
vt 0.59375 0.4375
vt 0.625 0.4375
vt 0.59375 0.375
vt 0.59375 0.40625
vt 0.5625 0.40625
vt 0.5625 0.375
vt 0 0.34375
vt 0.03125 0.34375
vt 0.03125 0.375
vt 0 0.375
vt 0.09375 0.34375
vt 0.09375 0.375
vt 0.0625 0.375
vt 0.0625 0.34375
vt 0.65625 0.375
vt 0.65625 0.40625
vt 0.625 0.40625
vt 0.625 0.375
vt 0.6875 1
vt 0.65625 1
vt 0.65625 0.96875
vt 0.6875 0.96875
vn 1 0 0
vn -1 0 0
vn 0 0.7372773368101242 0.6755902076156601
vn 0 -0.7372773368101242 -0.6755902076156601
vn 0 -0.6755902076156601 0.7372773368101242
vn 0 0.6755902076156601 -0.7372773368101242
usemtl m_ede1f5c5-55f8-8291-5e71-77e3daa0a758
f 706/2001/501 705/2002/501 707/2003/501 708/2004/501
f 711/2005/502 709/2006/502 710/2007/502 712/2008/502
f 709/2009/503 705/2010/503 706/2011/503 710/2012/503
f 708/2013/504 707/2014/504 711/2015/504 712/2016/504
f 707/2017/505 705/2018/505 709/2019/505 711/2020/505
f 710/2021/506 706/2022/506 708/2023/506 712/2024/506
o mesh
v -0.14062500000000006 0.017628097880803516 0.19261920820070472
v -0.14062500000000006 0.0725198022495759 0.13271542458488214
v -0.14062500000000006 0.015324106203271876 0.19050798880190578
v -0.14062500000000006 0.07021581057204426 0.1306042051860832
v -0.14687500000000003 0.017628097880803516 0.19261920820070472
v -0.14687500000000003 0.0725198022495759 0.13271542458488214
v -0.14687500000000003 0.015324106203271876 0.19050798880190578
v -0.14687500000000003 0.07021581057204426 0.1306042051860832
vt 0.6875 0.9375
vt 0.65625 0.9375
vt 0.65625 0.90625
vt 0.6875 0.90625
vt 0.15625 0.3125
vt 0.15625 0.34375
vt 0.125 0.34375
vt 0.125 0.3125
vt 0.65625 0.84375
vt 0.6875 0.84375
vt 0.6875 0.875
vt 0.65625 0.875
vt 0.21875 0.3125
vt 0.21875 0.34375
vt 0.1875 0.34375
vt 0.1875 0.3125
vt 0.6875 0.78125
vt 0.6875 0.8125
vt 0.65625 0.8125
vt 0.65625 0.78125
vt 0.28125 0.34375
vt 0.25 0.34375
vt 0.25 0.3125
vt 0.28125 0.3125
vn 1 0 0
vn -1 0 0
vn 0 0.7372773368101242 0.6755902076156601
vn 0 -0.7372773368101242 -0.6755902076156601
vn 0 -0.6755902076156601 0.7372773368101242
vn 0 0.6755902076156601 -0.7372773368101242
usemtl m_ede1f5c5-55f8-8291-5e71-77e3daa0a758
f 714/2025/507 713/2026/507 715/2027/507 716/2028/507
f 719/2029/508 717/2030/508 718/2031/508 720/2032/508
f 717/2033/509 713/2034/509 714/2035/509 718/2036/509
f 716/2037/510 715/2038/510 719/2039/510 720/2040/510
f 715/2041/511 713/2042/511 717/2043/511 719/2044/511
f 718/2045/512 714/2046/512 716/2047/512 720/2048/512
o mesh
v -0.21249999999999972 0.04062045955083646 0.16312177826929058
v -0.21249999999999972 0.040893080721869805 0.15687772688440396
v -0.21249999999999972 -0.0015268872971481613 0.16128158536481546
v -0.21249999999999972 -0.0012542661261148134 0.15503753397992887
v -0.22499999999999973 0.04062045955083646 0.16312177826929058
v -0.22499999999999973 0.040893080721869805 0.15687772688440396
v -0.22499999999999973 -0.0015268872971481613 0.16128158536481546
v -0.22499999999999973 -0.0012542661261148134 0.15503753397992887
vt 0.6875 0.75
vt 0.65625 0.75
vt 0.65625 0.71875
vt 0.6875 0.71875
vt 0.34375 0.3125
vt 0.34375 0.34375
vt 0.3125 0.34375
vt 0.3125 0.3125
vt 0.65625 0.65625
vt 0.6875 0.65625
vt 0.6875 0.6875
vt 0.65625 0.6875
vt 0.40625 0.3125
vt 0.40625 0.34375
vt 0.375 0.34375
vt 0.375 0.3125
vt 0.6875 0.59375
vt 0.6875 0.625
vt 0.65625 0.625
vt 0.65625 0.59375
vt 0.46875 0.34375
vt 0.4375 0.34375
vt 0.4375 0.3125
vt 0.46875 0.3125
vn 1 0 0
vn -1 0 0
vn 0 0.9990482215818579 0.04361938736533588
vn 0 -0.9990482215818579 -0.04361938736533588
vn 0 -0.04361938736533588 0.9990482215818579
vn 0 0.04361938736533588 -0.9990482215818579
usemtl m_ede1f5c5-55f8-8291-5e71-77e3daa0a758
f 722/2049/513 721/2050/513 723/2051/513 724/2052/513
f 727/2053/514 725/2054/514 726/2055/514 728/2056/514
f 725/2057/515 721/2058/515 722/2059/515 726/2060/515
f 724/2061/516 723/2062/516 727/2063/516 728/2064/516
f 723/2065/517 721/2066/517 725/2067/517 727/2068/517
f 726/2069/518 722/2070/518 724/2071/518 728/2072/518
o plane
v -0.14687499999999973 0.016476102042037737 0.19156359850130522
v -0.14687499999999973 0.07136780641081013 0.13165981488548262
v -0.2906249999999997 0.016476102042037737 0.19156359850130522
v -0.2906249999999997 0.07136780641081013 0.13165981488548262
vt 0.3125 0.34375
vt 0.3125 0.40625
vt 0.21875 0.40625
vt 0.21875 0.34375
vn 0 0.7372773368101242 0.6755902076156601
usemtl m_ede1f5c5-55f8-8291-5e71-77e3daa0a758
f 729/2073/519 730/2074/519 732/2075/519 731/2076/519
o mesh
v 0.015625000000000278 0.011101667405674046 0.19511597215696902
v 0.015625000000000278 0.07443824936964218 0.12599622183101988
v 0.015625000000000278 0.008797675728142409 0.19300475275817008
v 0.015625000000000278 0.07213425769211054 0.12388500243222095
v -0.14062499999999972 0.011101667405674046 0.19511597215696902
v -0.14062499999999972 0.07443824936964218 0.12599622183101988
v -0.14062499999999972 0.008797675728142409 0.19300475275817008
v -0.14062499999999972 0.07213425769211054 0.12388500243222095
vt 0.5625 0.46875
vt 0.5 0.46875
vt 0.5 0.4375
vt 0.5625 0.4375
vt 0.1875 0.375
vt 0.1875 0.40625
vt 0.125 0.40625
vt 0.125 0.375
vt 0 0.40625
vt 0.09375 0.40625
vt 0.09375 0.46875
vt 0 0.46875
vt 0.625 0.9375
vt 0.625 1
vt 0.53125 1
vt 0.53125 0.9375
vt 0.625 0.875
vt 0.625 0.90625
vt 0.53125 0.90625
vt 0.53125 0.875
vt 0.21875 0.46875
vt 0.125 0.46875
vt 0.125 0.4375
vt 0.21875 0.4375
vn 1 0 0
vn -1 0 0
vn 0 0.7372773368101242 0.6755902076156601
vn 0 -0.7372773368101242 -0.6755902076156601
vn 0 -0.6755902076156601 0.7372773368101242
vn 0 0.6755902076156601 -0.7372773368101242
usemtl m_ede1f5c5-55f8-8291-5e71-77e3daa0a758
f 734/2077/520 733/2078/520 735/2079/520 736/2080/520
f 739/2081/521 737/2082/521 738/2083/521 740/2084/521
f 737/2085/522 733/2086/522 734/2087/522 738/2088/522
f 736/2089/523 735/2090/523 739/2091/523 740/2092/523
f 735/2093/524 733/2094/524 737/2095/524 739/2096/524
f 738/2097/525 734/2098/525 736/2099/525 740/2100/525
o mesh
v 0.015625000000000278 0.07251980224957595 0.1327154245848821
v 0.015625000000000278 0.07674224104717381 0.12810744122981882
v 0.015625000000000278 0.0702158105720443 0.13060420518608315
v 0.015625000000000278 0.07443824936964218 0.12599622183101988
v -0.14062499999999972 0.07251980224957595 0.1327154245848821
v -0.14062499999999972 0.07674224104717381 0.12810744122981882
v -0.14062499999999972 0.0702158105720443 0.13060420518608315
v -0.14062499999999972 0.07443824936964218 0.12599622183101988
vt 0.34375 0.40625
vt 0.3125 0.40625
vt 0.3125 0.375
vt 0.34375 0.375
vt 0.40625 0.375
vt 0.40625 0.40625
vt 0.375 0.40625
vt 0.375 0.375
vt 0.53125 0.8125
vt 0.625 0.8125
vt 0.625 0.84375
vt 0.53125 0.84375
vt 0.625 0.75
vt 0.625 0.78125
vt 0.53125 0.78125
vt 0.53125 0.75
vt 0.34375 0.4375
vt 0.34375 0.46875
vt 0.25 0.46875
vt 0.25 0.4375
vt 0.625 0.71875
vt 0.53125 0.71875
vt 0.53125 0.6875
vt 0.625 0.6875
vn 1 0 0
vn -1 0 0
vn 0 0.7372773368101242 0.6755902076156601
vn 0 -0.7372773368101242 -0.6755902076156601
vn 0 -0.6755902076156601 0.7372773368101242
vn 0 0.6755902076156601 -0.7372773368101242
usemtl m_ede1f5c5-55f8-8291-5e71-77e3daa0a758
f 742/2101/526 741/2102/526 743/2103/526 744/2104/526
f 747/2105/527 745/2106/527 746/2107/527 748/2108/527
f 745/2109/528 741/2110/528 742/2111/528 746/2112/528
f 744/2113/529 743/2114/529 747/2115/529 748/2116/529
f 743/2117/530 741/2118/530 745/2119/530 747/2120/530
f 746/2121/531 742/2122/531 744/2123/531 748/2124/531
o mesh
v 0.015625000000000278 0.013405659083205707 0.19722719155576796
v 0.015625000000000278 0.01762809788080357 0.19261920820070466
v 0.015625000000000278 0.011101667405674066 0.195115972156969
v 0.015625000000000278 0.015324106203271938 0.19050798880190573
v -0.14062499999999972 0.013405659083205707 0.19722719155576796
v -0.14062499999999972 0.01762809788080357 0.19261920820070466
v -0.14062499999999972 0.011101667405674066 0.195115972156969
v -0.14062499999999972 0.015324106203271938 0.19050798880190573
vt 0.46875 0.40625
vt 0.4375 0.40625
vt 0.4375 0.375
vt 0.46875 0.375
vt 0.53125 0.375
vt 0.53125 0.40625
vt 0.5 0.40625
vt 0.5 0.375
vt 0.53125 0.625
vt 0.625 0.625
vt 0.625 0.65625
vt 0.53125 0.65625
vt 0.46875 0.4375
vt 0.46875 0.46875
vt 0.375 0.46875
vt 0.375 0.4375
vt 0.625 0.5625
vt 0.625 0.59375
vt 0.53125 0.59375
vt 0.53125 0.5625
vt 0.625 0.53125
vt 0.53125 0.53125
vt 0.53125 0.5
vt 0.625 0.5
vn 1 0 0
vn -1 0 0
vn 0 0.7372773368101242 0.6755902076156601
vn 0 -0.7372773368101242 -0.6755902076156601
vn 0 -0.6755902076156601 0.7372773368101242
vn 0 0.6755902076156601 -0.7372773368101242
usemtl m_ede1f5c5-55f8-8291-5e71-77e3daa0a758
f 750/2125/532 749/2126/532 751/2127/532 752/2128/532
f 755/2129/533 753/2130/533 754/2131/533 756/2132/533
f 753/2133/534 749/2134/534 750/2135/534 754/2136/534
f 752/2137/535 751/2138/535 755/2139/535 756/2140/535
f 751/2141/536 749/2142/536 753/2143/536 755/2144/536
f 754/2145/537 750/2146/537 752/2147/537 756/2148/537
o mesh
v -0.13437499999999974 0.017628097880803516 0.19261920820070472
v -0.13437499999999974 0.0725198022495759 0.13271542458488214
v -0.13437499999999974 0.015324106203271876 0.19050798880190578
v -0.13437499999999974 0.07021581057204426 0.1306042051860832
v -0.14062499999999972 0.017628097880803516 0.19261920820070472
v -0.14062499999999972 0.0725198022495759 0.13271542458488214
v -0.14062499999999972 0.015324106203271876 0.19050798880190578
v -0.14062499999999972 0.07021581057204426 0.1306042051860832
vt 0.625 0.46875
vt 0.59375 0.46875
vt 0.59375 0.4375
vt 0.625 0.4375
vt 0.59375 0.375
vt 0.59375 0.40625
vt 0.5625 0.40625
vt 0.5625 0.375
vt 0 0.34375
vt 0.03125 0.34375
vt 0.03125 0.375
vt 0 0.375
vt 0.09375 0.34375
vt 0.09375 0.375
vt 0.0625 0.375
vt 0.0625 0.34375
vt 0.65625 0.375
vt 0.65625 0.40625
vt 0.625 0.40625
vt 0.625 0.375
vt 0.6875 1
vt 0.65625 1
vt 0.65625 0.96875
vt 0.6875 0.96875
vn 1 0 0
vn -1 0 0
vn 0 0.7372773368101242 0.6755902076156601
vn 0 -0.7372773368101242 -0.6755902076156601
vn 0 -0.6755902076156601 0.7372773368101242
vn 0 0.6755902076156601 -0.7372773368101242
usemtl m_ede1f5c5-55f8-8291-5e71-77e3daa0a758
f 758/2149/538 757/2150/538 759/2151/538 760/2152/538
f 763/2153/539 761/2154/539 762/2155/539 764/2156/539
f 761/2157/540 757/2158/540 758/2159/540 762/2160/540
f 760/2161/541 759/2162/541 763/2163/541 764/2164/541
f 759/2165/542 757/2166/542 761/2167/542 763/2168/542
f 762/2169/543 758/2170/543 760/2171/543 764/2172/543
o mesh
v 0.01562499999999993 0.017628097880803516 0.19261920820070472
v 0.01562499999999993 0.0725198022495759 0.13271542458488214
v 0.01562499999999993 0.015324106203271876 0.19050798880190578
v 0.01562499999999993 0.07021581057204426 0.1306042051860832
v 0.009374999999999939 0.017628097880803516 0.19261920820070472
v 0.009374999999999939 0.0725198022495759 0.13271542458488214
v 0.009374999999999939 0.015324106203271876 0.19050798880190578
v 0.009374999999999939 0.07021581057204426 0.1306042051860832
vt 0.6875 0.9375
vt 0.65625 0.9375
vt 0.65625 0.90625
vt 0.6875 0.90625
vt 0.15625 0.3125
vt 0.15625 0.34375
vt 0.125 0.34375
vt 0.125 0.3125
vt 0.65625 0.84375
vt 0.6875 0.84375
vt 0.6875 0.875
vt 0.65625 0.875
vt 0.21875 0.3125
vt 0.21875 0.34375
vt 0.1875 0.34375
vt 0.1875 0.3125
vt 0.6875 0.78125
vt 0.6875 0.8125
vt 0.65625 0.8125
vt 0.65625 0.78125
vt 0.28125 0.34375
vt 0.25 0.34375
vt 0.25 0.3125
vt 0.28125 0.3125
vn 1 0 0
vn -1 0 0
vn 0 0.7372773368101242 0.6755902076156601
vn 0 -0.7372773368101242 -0.6755902076156601
vn 0 -0.6755902076156601 0.7372773368101242
vn 0 0.6755902076156601 -0.7372773368101242
usemtl m_ede1f5c5-55f8-8291-5e71-77e3daa0a758
f 766/2173/544 765/2174/544 767/2175/544 768/2176/544
f 771/2177/545 769/2178/545 770/2179/545 772/2180/545
f 769/2181/546 765/2182/546 766/2183/546 770/2184/546
f 768/2185/547 767/2186/547 771/2187/547 772/2188/547
f 767/2189/548 765/2190/548 769/2191/548 771/2192/548
f 770/2193/549 766/2194/549 768/2195/549 772/2196/549
o mesh
v -0.056249999999999724 0.04062045955083646 0.16312177826929058
v -0.056249999999999724 0.040893080721869805 0.15687772688440396
v -0.056249999999999724 -0.0015268872971481613 0.16128158536481546
v -0.056249999999999724 -0.0012542661261148134 0.15503753397992887
v -0.06874999999999973 0.04062045955083646 0.16312177826929058
v -0.06874999999999973 0.040893080721869805 0.15687772688440396
v -0.06874999999999973 -0.0015268872971481613 0.16128158536481546
v -0.06874999999999973 -0.0012542661261148134 0.15503753397992887
vt 0.6875 0.75
vt 0.65625 0.75
vt 0.65625 0.71875
vt 0.6875 0.71875
vt 0.34375 0.3125
vt 0.34375 0.34375
vt 0.3125 0.34375
vt 0.3125 0.3125
vt 0.65625 0.65625
vt 0.6875 0.65625
vt 0.6875 0.6875
vt 0.65625 0.6875
vt 0.40625 0.3125
vt 0.40625 0.34375
vt 0.375 0.34375
vt 0.375 0.3125
vt 0.6875 0.59375
vt 0.6875 0.625
vt 0.65625 0.625
vt 0.65625 0.59375
vt 0.46875 0.34375
vt 0.4375 0.34375
vt 0.4375 0.3125
vt 0.46875 0.3125
vn 1 0 0
vn -1 0 0
vn 0 0.9990482215818579 0.04361938736533588
vn 0 -0.9990482215818579 -0.04361938736533588
vn 0 -0.04361938736533588 0.9990482215818579
vn 0 0.04361938736533588 -0.9990482215818579
usemtl m_ede1f5c5-55f8-8291-5e71-77e3daa0a758
f 774/2197/550 773/2198/550 775/2199/550 776/2200/550
f 779/2201/551 777/2202/551 778/2203/551 780/2204/551
f 777/2205/552 773/2206/552 774/2207/552 778/2208/552
f 776/2209/553 775/2210/553 779/2211/553 780/2212/553
f 775/2213/554 773/2214/554 777/2215/554 779/2216/554
f 778/2217/555 774/2218/555 776/2219/555 780/2220/555
o plane
v 0.009375000000000272 0.016476102042037737 0.19156359850130522
v 0.009375000000000272 0.07136780641081013 0.13165981488548262
v -0.13437499999999972 0.016476102042037737 0.19156359850130522
v -0.13437499999999972 0.07136780641081013 0.13165981488548262
vt 0.3125 0.34375
vt 0.3125 0.40625
vt 0.21875 0.40625
vt 0.21875 0.34375
vn 0 0.7372773368101242 0.6755902076156601
usemtl m_ede1f5c5-55f8-8291-5e71-77e3daa0a758
f 781/2221/556 782/2222/556 784/2223/556 783/2224/556
o mesh
v 0.17187500000000033 0.011101667405674046 0.19511597215696902
v 0.17187500000000033 0.07443824936964218 0.12599622183101988
v 0.17187500000000033 0.008797675728142409 0.19300475275817008
v 0.17187500000000033 0.07213425769211054 0.12388500243222095
v 0.015625000000000333 0.011101667405674046 0.19511597215696902
v 0.015625000000000333 0.07443824936964218 0.12599622183101988
v 0.015625000000000333 0.008797675728142409 0.19300475275817008
v 0.015625000000000333 0.07213425769211054 0.12388500243222095
vt 0.5625 0.46875
vt 0.5 0.46875
vt 0.5 0.4375
vt 0.5625 0.4375
vt 0.1875 0.375
vt 0.1875 0.40625
vt 0.125 0.40625
vt 0.125 0.375
vt 0 0.40625
vt 0.09375 0.40625
vt 0.09375 0.46875
vt 0 0.46875
vt 0.625 0.9375
vt 0.625 1
vt 0.53125 1
vt 0.53125 0.9375
vt 0.625 0.875
vt 0.625 0.90625
vt 0.53125 0.90625
vt 0.53125 0.875
vt 0.21875 0.46875
vt 0.125 0.46875
vt 0.125 0.4375
vt 0.21875 0.4375
vn 1 0 0
vn -1 0 0
vn 0 0.7372773368101242 0.6755902076156601
vn 0 -0.7372773368101242 -0.6755902076156601
vn 0 -0.6755902076156601 0.7372773368101242
vn 0 0.6755902076156601 -0.7372773368101242
usemtl m_ede1f5c5-55f8-8291-5e71-77e3daa0a758
f 786/2225/557 785/2226/557 787/2227/557 788/2228/557
f 791/2229/558 789/2230/558 790/2231/558 792/2232/558
f 789/2233/559 785/2234/559 786/2235/559 790/2236/559
f 788/2237/560 787/2238/560 791/2239/560 792/2240/560
f 787/2241/561 785/2242/561 789/2243/561 791/2244/561
f 790/2245/562 786/2246/562 788/2247/562 792/2248/562
o mesh
v 0.17187500000000033 0.07251980224957595 0.1327154245848821
v 0.17187500000000033 0.07674224104717381 0.12810744122981882
v 0.17187500000000033 0.0702158105720443 0.13060420518608315
v 0.17187500000000033 0.07443824936964218 0.12599622183101988
v 0.015625000000000333 0.07251980224957595 0.1327154245848821
v 0.015625000000000333 0.07674224104717381 0.12810744122981882
v 0.015625000000000333 0.0702158105720443 0.13060420518608315
v 0.015625000000000333 0.07443824936964218 0.12599622183101988
vt 0.34375 0.40625
vt 0.3125 0.40625
vt 0.3125 0.375
vt 0.34375 0.375
vt 0.40625 0.375
vt 0.40625 0.40625
vt 0.375 0.40625
vt 0.375 0.375
vt 0.53125 0.8125
vt 0.625 0.8125
vt 0.625 0.84375
vt 0.53125 0.84375
vt 0.625 0.75
vt 0.625 0.78125
vt 0.53125 0.78125
vt 0.53125 0.75
vt 0.34375 0.4375
vt 0.34375 0.46875
vt 0.25 0.46875
vt 0.25 0.4375
vt 0.625 0.71875
vt 0.53125 0.71875
vt 0.53125 0.6875
vt 0.625 0.6875
vn 1 0 0
vn -1 0 0
vn 0 0.7372773368101242 0.6755902076156601
vn 0 -0.7372773368101242 -0.6755902076156601
vn 0 -0.6755902076156601 0.7372773368101242
vn 0 0.6755902076156601 -0.7372773368101242
usemtl m_ede1f5c5-55f8-8291-5e71-77e3daa0a758
f 794/2249/563 793/2250/563 795/2251/563 796/2252/563
f 799/2253/564 797/2254/564 798/2255/564 800/2256/564
f 797/2257/565 793/2258/565 794/2259/565 798/2260/565
f 796/2261/566 795/2262/566 799/2263/566 800/2264/566
f 795/2265/567 793/2266/567 797/2267/567 799/2268/567
f 798/2269/568 794/2270/568 796/2271/568 800/2272/568
o mesh
v 0.17187500000000033 0.013405659083205707 0.19722719155576796
v 0.17187500000000033 0.01762809788080357 0.19261920820070466
v 0.17187500000000033 0.011101667405674066 0.195115972156969
v 0.17187500000000033 0.015324106203271938 0.19050798880190573
v 0.015625000000000333 0.013405659083205707 0.19722719155576796
v 0.015625000000000333 0.01762809788080357 0.19261920820070466
v 0.015625000000000333 0.011101667405674066 0.195115972156969
v 0.015625000000000333 0.015324106203271938 0.19050798880190573
vt 0.46875 0.40625
vt 0.4375 0.40625
vt 0.4375 0.375
vt 0.46875 0.375
vt 0.53125 0.375
vt 0.53125 0.40625
vt 0.5 0.40625
vt 0.5 0.375
vt 0.53125 0.625
vt 0.625 0.625
vt 0.625 0.65625
vt 0.53125 0.65625
vt 0.46875 0.4375
vt 0.46875 0.46875
vt 0.375 0.46875
vt 0.375 0.4375
vt 0.625 0.5625
vt 0.625 0.59375
vt 0.53125 0.59375
vt 0.53125 0.5625
vt 0.625 0.53125
vt 0.53125 0.53125
vt 0.53125 0.5
vt 0.625 0.5
vn 1 0 0
vn -1 0 0
vn 0 0.7372773368101242 0.6755902076156601
vn 0 -0.7372773368101242 -0.6755902076156601
vn 0 -0.6755902076156601 0.7372773368101242
vn 0 0.6755902076156601 -0.7372773368101242
usemtl m_ede1f5c5-55f8-8291-5e71-77e3daa0a758
f 802/2273/569 801/2274/569 803/2275/569 804/2276/569
f 807/2277/570 805/2278/570 806/2279/570 808/2280/570
f 805/2281/571 801/2282/571 802/2283/571 806/2284/571
f 804/2285/572 803/2286/572 807/2287/572 808/2288/572
f 803/2289/573 801/2290/573 805/2291/573 807/2292/573
f 806/2293/574 802/2294/574 804/2295/574 808/2296/574
o mesh
v 0.021875000000000325 0.017628097880803516 0.19261920820070472
v 0.021875000000000325 0.0725198022495759 0.13271542458488214
v 0.021875000000000325 0.015324106203271876 0.19050798880190578
v 0.021875000000000325 0.07021581057204426 0.1306042051860832
v 0.015625000000000333 0.017628097880803516 0.19261920820070472
v 0.015625000000000333 0.0725198022495759 0.13271542458488214
v 0.015625000000000333 0.015324106203271876 0.19050798880190578
v 0.015625000000000333 0.07021581057204426 0.1306042051860832
vt 0.625 0.46875
vt 0.59375 0.46875
vt 0.59375 0.4375
vt 0.625 0.4375
vt 0.59375 0.375
vt 0.59375 0.40625
vt 0.5625 0.40625
vt 0.5625 0.375
vt 0 0.34375
vt 0.03125 0.34375
vt 0.03125 0.375
vt 0 0.375
vt 0.09375 0.34375
vt 0.09375 0.375
vt 0.0625 0.375
vt 0.0625 0.34375
vt 0.65625 0.375
vt 0.65625 0.40625
vt 0.625 0.40625
vt 0.625 0.375
vt 0.6875 1
vt 0.65625 1
vt 0.65625 0.96875
vt 0.6875 0.96875
vn 1 0 0
vn -1 0 0
vn 0 0.7372773368101242 0.6755902076156601
vn 0 -0.7372773368101242 -0.6755902076156601
vn 0 -0.6755902076156601 0.7372773368101242
vn 0 0.6755902076156601 -0.7372773368101242
usemtl m_ede1f5c5-55f8-8291-5e71-77e3daa0a758
f 810/2297/575 809/2298/575 811/2299/575 812/2300/575
f 815/2301/576 813/2302/576 814/2303/576 816/2304/576
f 813/2305/577 809/2306/577 810/2307/577 814/2308/577
f 812/2309/578 811/2310/578 815/2311/578 816/2312/578
f 811/2313/579 809/2314/579 813/2315/579 815/2316/579
f 814/2317/580 810/2318/580 812/2319/580 816/2320/580
o mesh
v 0.171875 0.017628097880803516 0.19261920820070472
v 0.171875 0.0725198022495759 0.13271542458488214
v 0.171875 0.015324106203271876 0.19050798880190578
v 0.171875 0.07021581057204426 0.1306042051860832
v 0.16562500000000002 0.017628097880803516 0.19261920820070472
v 0.16562500000000002 0.0725198022495759 0.13271542458488214
v 0.16562500000000002 0.015324106203271876 0.19050798880190578
v 0.16562500000000002 0.07021581057204426 0.1306042051860832
vt 0.6875 0.9375
vt 0.65625 0.9375
vt 0.65625 0.90625
vt 0.6875 0.90625
vt 0.15625 0.3125
vt 0.15625 0.34375
vt 0.125 0.34375
vt 0.125 0.3125
vt 0.65625 0.84375
vt 0.6875 0.84375
vt 0.6875 0.875
vt 0.65625 0.875
vt 0.21875 0.3125
vt 0.21875 0.34375
vt 0.1875 0.34375
vt 0.1875 0.3125
vt 0.6875 0.78125
vt 0.6875 0.8125
vt 0.65625 0.8125
vt 0.65625 0.78125
vt 0.28125 0.34375
vt 0.25 0.34375
vt 0.25 0.3125
vt 0.28125 0.3125
vn 1 0 0
vn -1 0 0
vn 0 0.7372773368101242 0.6755902076156601
vn 0 -0.7372773368101242 -0.6755902076156601
vn 0 -0.6755902076156601 0.7372773368101242
vn 0 0.6755902076156601 -0.7372773368101242
usemtl m_ede1f5c5-55f8-8291-5e71-77e3daa0a758
f 818/2321/581 817/2322/581 819/2323/581 820/2324/581
f 823/2325/582 821/2326/582 822/2327/582 824/2328/582
f 821/2329/583 817/2330/583 818/2331/583 822/2332/583
f 820/2333/584 819/2334/584 823/2335/584 824/2336/584
f 819/2337/585 817/2338/585 821/2339/585 823/2340/585
f 822/2341/586 818/2342/586 820/2343/586 824/2344/586
o mesh
v 0.10000000000000034 0.04062045955083646 0.16312177826929058
v 0.10000000000000034 0.040893080721869805 0.15687772688440396
v 0.10000000000000034 -0.0015268872971481613 0.16128158536481546
v 0.10000000000000034 -0.0012542661261148134 0.15503753397992887
v 0.08750000000000033 0.04062045955083646 0.16312177826929058
v 0.08750000000000033 0.040893080721869805 0.15687772688440396
v 0.08750000000000033 -0.0015268872971481613 0.16128158536481546
v 0.08750000000000033 -0.0012542661261148134 0.15503753397992887
vt 0.6875 0.75
vt 0.65625 0.75
vt 0.65625 0.71875
vt 0.6875 0.71875
vt 0.34375 0.3125
vt 0.34375 0.34375
vt 0.3125 0.34375
vt 0.3125 0.3125
vt 0.65625 0.65625
vt 0.6875 0.65625
vt 0.6875 0.6875
vt 0.65625 0.6875
vt 0.40625 0.3125
vt 0.40625 0.34375
vt 0.375 0.34375
vt 0.375 0.3125
vt 0.6875 0.59375
vt 0.6875 0.625
vt 0.65625 0.625
vt 0.65625 0.59375
vt 0.46875 0.34375
vt 0.4375 0.34375
vt 0.4375 0.3125
vt 0.46875 0.3125
vn 1 0 0
vn -1 0 0
vn 0 0.9990482215818579 0.04361938736533588
vn 0 -0.9990482215818579 -0.04361938736533588
vn 0 -0.04361938736533588 0.9990482215818579
vn 0 0.04361938736533588 -0.9990482215818579
usemtl m_ede1f5c5-55f8-8291-5e71-77e3daa0a758
f 826/2345/587 825/2346/587 827/2347/587 828/2348/587
f 831/2349/588 829/2350/588 830/2351/588 832/2352/588
f 829/2353/589 825/2354/589 826/2355/589 830/2356/589
f 828/2357/590 827/2358/590 831/2359/590 832/2360/590
f 827/2361/591 825/2362/591 829/2363/591 831/2364/591
f 830/2365/592 826/2366/592 828/2367/592 832/2368/592
o plane
v 0.16562500000000033 0.016476102042037737 0.19156359850130522
v 0.16562500000000033 0.07136780641081013 0.13165981488548262
v 0.02187500000000034 0.016476102042037737 0.19156359850130522
v 0.02187500000000034 0.07136780641081013 0.13165981488548262
vt 0.3125 0.34375
vt 0.3125 0.40625
vt 0.21875 0.40625
vt 0.21875 0.34375
vn 0 0.7372773368101242 0.6755902076156601
usemtl m_ede1f5c5-55f8-8291-5e71-77e3daa0a758
f 833/2369/593 834/2370/593 836/2371/593 835/2372/593
o mesh
v 0.32812500000000033 0.011101667405674046 0.19511597215696902
v 0.32812500000000033 0.07443824936964218 0.12599622183101988
v 0.32812500000000033 0.008797675728142409 0.19300475275817008
v 0.32812500000000033 0.07213425769211054 0.12388500243222095
v 0.17187500000000033 0.011101667405674046 0.19511597215696902
v 0.17187500000000033 0.07443824936964218 0.12599622183101988
v 0.17187500000000033 0.008797675728142409 0.19300475275817008
v 0.17187500000000033 0.07213425769211054 0.12388500243222095
vt 0.5625 0.46875
vt 0.5 0.46875
vt 0.5 0.4375
vt 0.5625 0.4375
vt 0.1875 0.375
vt 0.1875 0.40625
vt 0.125 0.40625
vt 0.125 0.375
vt 0 0.40625
vt 0.09375 0.40625
vt 0.09375 0.46875
vt 0 0.46875
vt 0.625 0.9375
vt 0.625 1
vt 0.53125 1
vt 0.53125 0.9375
vt 0.625 0.875
vt 0.625 0.90625
vt 0.53125 0.90625
vt 0.53125 0.875
vt 0.21875 0.46875
vt 0.125 0.46875
vt 0.125 0.4375
vt 0.21875 0.4375
vn 1 0 0
vn -1 0 0
vn 0 0.7372773368101242 0.6755902076156601
vn 0 -0.7372773368101242 -0.6755902076156601
vn 0 -0.6755902076156601 0.7372773368101242
vn 0 0.6755902076156601 -0.7372773368101242
usemtl m_ede1f5c5-55f8-8291-5e71-77e3daa0a758
f 838/2373/594 837/2374/594 839/2375/594 840/2376/594
f 843/2377/595 841/2378/595 842/2379/595 844/2380/595
f 841/2381/596 837/2382/596 838/2383/596 842/2384/596
f 840/2385/597 839/2386/597 843/2387/597 844/2388/597
f 839/2389/598 837/2390/598 841/2391/598 843/2392/598
f 842/2393/599 838/2394/599 840/2395/599 844/2396/599
o mesh
v 0.32812500000000033 0.07251980224957595 0.1327154245848821
v 0.32812500000000033 0.07674224104717381 0.12810744122981882
v 0.32812500000000033 0.0702158105720443 0.13060420518608315
v 0.32812500000000033 0.07443824936964218 0.12599622183101988
v 0.17187500000000033 0.07251980224957595 0.1327154245848821
v 0.17187500000000033 0.07674224104717381 0.12810744122981882
v 0.17187500000000033 0.0702158105720443 0.13060420518608315
v 0.17187500000000033 0.07443824936964218 0.12599622183101988
vt 0.34375 0.40625
vt 0.3125 0.40625
vt 0.3125 0.375
vt 0.34375 0.375
vt 0.40625 0.375
vt 0.40625 0.40625
vt 0.375 0.40625
vt 0.375 0.375
vt 0.53125 0.8125
vt 0.625 0.8125
vt 0.625 0.84375
vt 0.53125 0.84375
vt 0.625 0.75
vt 0.625 0.78125
vt 0.53125 0.78125
vt 0.53125 0.75
vt 0.34375 0.4375
vt 0.34375 0.46875
vt 0.25 0.46875
vt 0.25 0.4375
vt 0.625 0.71875
vt 0.53125 0.71875
vt 0.53125 0.6875
vt 0.625 0.6875
vn 1 0 0
vn -1 0 0
vn 0 0.7372773368101242 0.6755902076156601
vn 0 -0.7372773368101242 -0.6755902076156601
vn 0 -0.6755902076156601 0.7372773368101242
vn 0 0.6755902076156601 -0.7372773368101242
usemtl m_ede1f5c5-55f8-8291-5e71-77e3daa0a758
f 846/2397/600 845/2398/600 847/2399/600 848/2400/600
f 851/2401/601 849/2402/601 850/2403/601 852/2404/601
f 849/2405/602 845/2406/602 846/2407/602 850/2408/602
f 848/2409/603 847/2410/603 851/2411/603 852/2412/603
f 847/2413/604 845/2414/604 849/2415/604 851/2416/604
f 850/2417/605 846/2418/605 848/2419/605 852/2420/605
o mesh
v 0.32812500000000033 0.013405659083205707 0.19722719155576796
v 0.32812500000000033 0.01762809788080357 0.19261920820070466
v 0.32812500000000033 0.011101667405674066 0.195115972156969
v 0.32812500000000033 0.015324106203271938 0.19050798880190573
v 0.17187500000000033 0.013405659083205707 0.19722719155576796
v 0.17187500000000033 0.01762809788080357 0.19261920820070466
v 0.17187500000000033 0.011101667405674066 0.195115972156969
v 0.17187500000000033 0.015324106203271938 0.19050798880190573
vt 0.46875 0.40625
vt 0.4375 0.40625
vt 0.4375 0.375
vt 0.46875 0.375
vt 0.53125 0.375
vt 0.53125 0.40625
vt 0.5 0.40625
vt 0.5 0.375
vt 0.53125 0.625
vt 0.625 0.625
vt 0.625 0.65625
vt 0.53125 0.65625
vt 0.46875 0.4375
vt 0.46875 0.46875
vt 0.375 0.46875
vt 0.375 0.4375
vt 0.625 0.5625
vt 0.625 0.59375
vt 0.53125 0.59375
vt 0.53125 0.5625
vt 0.625 0.53125
vt 0.53125 0.53125
vt 0.53125 0.5
vt 0.625 0.5
vn 1 0 0
vn -1 0 0
vn 0 0.7372773368101242 0.6755902076156601
vn 0 -0.7372773368101242 -0.6755902076156601
vn 0 -0.6755902076156601 0.7372773368101242
vn 0 0.6755902076156601 -0.7372773368101242
usemtl m_ede1f5c5-55f8-8291-5e71-77e3daa0a758
f 854/2421/606 853/2422/606 855/2423/606 856/2424/606
f 859/2425/607 857/2426/607 858/2427/607 860/2428/607
f 857/2429/608 853/2430/608 854/2431/608 858/2432/608
f 856/2433/609 855/2434/609 859/2435/609 860/2436/609
f 855/2437/610 853/2438/610 857/2439/610 859/2440/610
f 858/2441/611 854/2442/611 856/2443/611 860/2444/611
o mesh
v 0.1781250000000003 0.017628097880803516 0.19261920820070472
v 0.1781250000000003 0.0725198022495759 0.13271542458488214
v 0.1781250000000003 0.015324106203271876 0.19050798880190578
v 0.1781250000000003 0.07021581057204426 0.1306042051860832
v 0.17187500000000033 0.017628097880803516 0.19261920820070472
v 0.17187500000000033 0.0725198022495759 0.13271542458488214
v 0.17187500000000033 0.015324106203271876 0.19050798880190578
v 0.17187500000000033 0.07021581057204426 0.1306042051860832
vt 0.625 0.46875
vt 0.59375 0.46875
vt 0.59375 0.4375
vt 0.625 0.4375
vt 0.59375 0.375
vt 0.59375 0.40625
vt 0.5625 0.40625
vt 0.5625 0.375
vt 0 0.34375
vt 0.03125 0.34375
vt 0.03125 0.375
vt 0 0.375
vt 0.09375 0.34375
vt 0.09375 0.375
vt 0.0625 0.375
vt 0.0625 0.34375
vt 0.65625 0.375
vt 0.65625 0.40625
vt 0.625 0.40625
vt 0.625 0.375
vt 0.6875 1
vt 0.65625 1
vt 0.65625 0.96875
vt 0.6875 0.96875
vn 1 0 0
vn -1 0 0
vn 0 0.7372773368101242 0.6755902076156601
vn 0 -0.7372773368101242 -0.6755902076156601
vn 0 -0.6755902076156601 0.7372773368101242
vn 0 0.6755902076156601 -0.7372773368101242
usemtl m_ede1f5c5-55f8-8291-5e71-77e3daa0a758
f 862/2445/612 861/2446/612 863/2447/612 864/2448/612
f 867/2449/613 865/2450/613 866/2451/613 868/2452/613
f 865/2453/614 861/2454/614 862/2455/614 866/2456/614
f 864/2457/615 863/2458/615 867/2459/615 868/2460/615
f 863/2461/616 861/2462/616 865/2463/616 867/2464/616
f 866/2465/617 862/2466/617 864/2467/617 868/2468/617
o mesh
v 0.3281249999999998 0.017628097880803516 0.19261920820070472
v 0.3281249999999998 0.0725198022495759 0.13271542458488214
v 0.3281249999999998 0.015324106203271876 0.19050798880190578
v 0.3281249999999998 0.07021581057204426 0.1306042051860832
v 0.3218749999999998 0.017628097880803516 0.19261920820070472
v 0.3218749999999998 0.0725198022495759 0.13271542458488214
v 0.3218749999999998 0.015324106203271876 0.19050798880190578
v 0.3218749999999998 0.07021581057204426 0.1306042051860832
vt 0.6875 0.9375
vt 0.65625 0.9375
vt 0.65625 0.90625
vt 0.6875 0.90625
vt 0.15625 0.3125
vt 0.15625 0.34375
vt 0.125 0.34375
vt 0.125 0.3125
vt 0.65625 0.84375
vt 0.6875 0.84375
vt 0.6875 0.875
vt 0.65625 0.875
vt 0.21875 0.3125
vt 0.21875 0.34375
vt 0.1875 0.34375
vt 0.1875 0.3125
vt 0.6875 0.78125
vt 0.6875 0.8125
vt 0.65625 0.8125
vt 0.65625 0.78125
vt 0.28125 0.34375
vt 0.25 0.34375
vt 0.25 0.3125
vt 0.28125 0.3125
vn 1 0 0
vn -1 0 0
vn 0 0.7372773368101242 0.6755902076156601
vn 0 -0.7372773368101242 -0.6755902076156601
vn 0 -0.6755902076156601 0.7372773368101242
vn 0 0.6755902076156601 -0.7372773368101242
usemtl m_ede1f5c5-55f8-8291-5e71-77e3daa0a758
f 870/2469/618 869/2470/618 871/2471/618 872/2472/618
f 875/2473/619 873/2474/619 874/2475/619 876/2476/619
f 873/2477/620 869/2478/620 870/2479/620 874/2480/620
f 872/2481/621 871/2482/621 875/2483/621 876/2484/621
f 871/2485/622 869/2486/622 873/2487/622 875/2488/622
f 874/2489/623 870/2490/623 872/2491/623 876/2492/623
o mesh
v 0.2562500000000003 0.04062045955083646 0.16312177826929058
v 0.2562500000000003 0.040893080721869805 0.15687772688440396
v 0.2562500000000003 -0.0015268872971481613 0.16128158536481546
v 0.2562500000000003 -0.0012542661261148134 0.15503753397992887
v 0.24375000000000033 0.04062045955083646 0.16312177826929058
v 0.24375000000000033 0.040893080721869805 0.15687772688440396
v 0.24375000000000033 -0.0015268872971481613 0.16128158536481546
v 0.24375000000000033 -0.0012542661261148134 0.15503753397992887
vt 0.6875 0.75
vt 0.65625 0.75
vt 0.65625 0.71875
vt 0.6875 0.71875
vt 0.34375 0.3125
vt 0.34375 0.34375
vt 0.3125 0.34375
vt 0.3125 0.3125
vt 0.65625 0.65625
vt 0.6875 0.65625
vt 0.6875 0.6875
vt 0.65625 0.6875
vt 0.40625 0.3125
vt 0.40625 0.34375
vt 0.375 0.34375
vt 0.375 0.3125
vt 0.6875 0.59375
vt 0.6875 0.625
vt 0.65625 0.625
vt 0.65625 0.59375
vt 0.46875 0.34375
vt 0.4375 0.34375
vt 0.4375 0.3125
vt 0.46875 0.3125
vn 1 0 0
vn -1 0 0
vn 0 0.9990482215818579 0.04361938736533588
vn 0 -0.9990482215818579 -0.04361938736533588
vn 0 -0.04361938736533588 0.9990482215818579
vn 0 0.04361938736533588 -0.9990482215818579
usemtl m_ede1f5c5-55f8-8291-5e71-77e3daa0a758
f 878/2493/624 877/2494/624 879/2495/624 880/2496/624
f 883/2497/625 881/2498/625 882/2499/625 884/2500/625
f 881/2501/626 877/2502/626 878/2503/626 882/2504/626
f 880/2505/627 879/2506/627 883/2507/627 884/2508/627
f 879/2509/628 877/2510/628 881/2511/628 883/2512/628
f 882/2513/629 878/2514/629 880/2515/629 884/2516/629
o plane
v 0.32187500000000036 0.016476102042037737 0.19156359850130522
v 0.32187500000000036 0.07136780641081013 0.13165981488548262
v 0.17812500000000034 0.016476102042037737 0.19156359850130522
v 0.17812500000000034 0.07136780641081013 0.13165981488548262
vt 0.3125 0.34375
vt 0.3125 0.40625
vt 0.21875 0.40625
vt 0.21875 0.34375
vn 0 0.7372773368101242 0.6755902076156601
usemtl m_ede1f5c5-55f8-8291-5e71-77e3daa0a758
f 885/2517/630 886/2518/630 888/2519/630 887/2520/630
o mesh
v 0.4843750000000001 0.011101667405674046 0.19511597215696902
v 0.4843750000000001 0.07443824936964218 0.12599622183101988
v 0.4843750000000001 0.008797675728142409 0.19300475275817008
v 0.4843750000000001 0.07213425769211054 0.12388500243222095
v 0.3281250000000001 0.011101667405674046 0.19511597215696902
v 0.3281250000000001 0.07443824936964218 0.12599622183101988
v 0.3281250000000001 0.008797675728142409 0.19300475275817008
v 0.3281250000000001 0.07213425769211054 0.12388500243222095
vt 0.5625 0.46875
vt 0.5 0.46875
vt 0.5 0.4375
vt 0.5625 0.4375
vt 0.1875 0.375
vt 0.1875 0.40625
vt 0.125 0.40625
vt 0.125 0.375
vt 0 0.40625
vt 0.09375 0.40625
vt 0.09375 0.46875
vt 0 0.46875
vt 0.625 0.9375
vt 0.625 1
vt 0.53125 1
vt 0.53125 0.9375
vt 0.625 0.875
vt 0.625 0.90625
vt 0.53125 0.90625
vt 0.53125 0.875
vt 0.21875 0.46875
vt 0.125 0.46875
vt 0.125 0.4375
vt 0.21875 0.4375
vn 1 0 0
vn -1 0 0
vn 0 0.7372773368101242 0.6755902076156601
vn 0 -0.7372773368101242 -0.6755902076156601
vn 0 -0.6755902076156601 0.7372773368101242
vn 0 0.6755902076156601 -0.7372773368101242
usemtl m_ede1f5c5-55f8-8291-5e71-77e3daa0a758
f 890/2521/631 889/2522/631 891/2523/631 892/2524/631
f 895/2525/632 893/2526/632 894/2527/632 896/2528/632
f 893/2529/633 889/2530/633 890/2531/633 894/2532/633
f 892/2533/634 891/2534/634 895/2535/634 896/2536/634
f 891/2537/635 889/2538/635 893/2539/635 895/2540/635
f 894/2541/636 890/2542/636 892/2543/636 896/2544/636
o mesh
v 0.4843750000000001 0.07251980224957595 0.1327154245848821
v 0.4843750000000001 0.07674224104717381 0.12810744122981882
v 0.4843750000000001 0.0702158105720443 0.13060420518608315
v 0.4843750000000001 0.07443824936964218 0.12599622183101988
v 0.3281250000000001 0.07251980224957595 0.1327154245848821
v 0.3281250000000001 0.07674224104717381 0.12810744122981882
v 0.3281250000000001 0.0702158105720443 0.13060420518608315
v 0.3281250000000001 0.07443824936964218 0.12599622183101988
vt 0.34375 0.40625
vt 0.3125 0.40625
vt 0.3125 0.375
vt 0.34375 0.375
vt 0.40625 0.375
vt 0.40625 0.40625
vt 0.375 0.40625
vt 0.375 0.375
vt 0.53125 0.8125
vt 0.625 0.8125
vt 0.625 0.84375
vt 0.53125 0.84375
vt 0.625 0.75
vt 0.625 0.78125
vt 0.53125 0.78125
vt 0.53125 0.75
vt 0.34375 0.4375
vt 0.34375 0.46875
vt 0.25 0.46875
vt 0.25 0.4375
vt 0.625 0.71875
vt 0.53125 0.71875
vt 0.53125 0.6875
vt 0.625 0.6875
vn 1 0 0
vn -1 0 0
vn 0 0.7372773368101242 0.6755902076156601
vn 0 -0.7372773368101242 -0.6755902076156601
vn 0 -0.6755902076156601 0.7372773368101242
vn 0 0.6755902076156601 -0.7372773368101242
usemtl m_ede1f5c5-55f8-8291-5e71-77e3daa0a758
f 898/2545/637 897/2546/637 899/2547/637 900/2548/637
f 903/2549/638 901/2550/638 902/2551/638 904/2552/638
f 901/2553/639 897/2554/639 898/2555/639 902/2556/639
f 900/2557/640 899/2558/640 903/2559/640 904/2560/640
f 899/2561/641 897/2562/641 901/2563/641 903/2564/641
f 902/2565/642 898/2566/642 900/2567/642 904/2568/642
o mesh
v 0.4843750000000001 0.013405659083205707 0.19722719155576796
v 0.4843750000000001 0.01762809788080357 0.19261920820070466
v 0.4843750000000001 0.011101667405674066 0.195115972156969
v 0.4843750000000001 0.015324106203271938 0.19050798880190573
v 0.3281250000000001 0.013405659083205707 0.19722719155576796
v 0.3281250000000001 0.01762809788080357 0.19261920820070466
v 0.3281250000000001 0.011101667405674066 0.195115972156969
v 0.3281250000000001 0.015324106203271938 0.19050798880190573
vt 0.46875 0.40625
vt 0.4375 0.40625
vt 0.4375 0.375
vt 0.46875 0.375
vt 0.53125 0.375
vt 0.53125 0.40625
vt 0.5 0.40625
vt 0.5 0.375
vt 0.53125 0.625
vt 0.625 0.625
vt 0.625 0.65625
vt 0.53125 0.65625
vt 0.46875 0.4375
vt 0.46875 0.46875
vt 0.375 0.46875
vt 0.375 0.4375
vt 0.625 0.5625
vt 0.625 0.59375
vt 0.53125 0.59375
vt 0.53125 0.5625
vt 0.625 0.53125
vt 0.53125 0.53125
vt 0.53125 0.5
vt 0.625 0.5
vn 1 0 0
vn -1 0 0
vn 0 0.7372773368101242 0.6755902076156601
vn 0 -0.7372773368101242 -0.6755902076156601
vn 0 -0.6755902076156601 0.7372773368101242
vn 0 0.6755902076156601 -0.7372773368101242
usemtl m_ede1f5c5-55f8-8291-5e71-77e3daa0a758
f 906/2569/643 905/2570/643 907/2571/643 908/2572/643
f 911/2573/644 909/2574/644 910/2575/644 912/2576/644
f 909/2577/645 905/2578/645 906/2579/645 910/2580/645
f 908/2581/646 907/2582/646 911/2583/646 912/2584/646
f 907/2585/647 905/2586/647 909/2587/647 911/2588/647
f 910/2589/648 906/2590/648 908/2591/648 912/2592/648
o mesh
v 0.3343750000000001 0.017628097880803516 0.19261920820070472
v 0.3343750000000001 0.0725198022495759 0.13271542458488214
v 0.3343750000000001 0.015324106203271876 0.19050798880190578
v 0.3343750000000001 0.07021581057204426 0.1306042051860832
v 0.3281250000000001 0.017628097880803516 0.19261920820070472
v 0.3281250000000001 0.0725198022495759 0.13271542458488214
v 0.3281250000000001 0.015324106203271876 0.19050798880190578
v 0.3281250000000001 0.07021581057204426 0.1306042051860832
vt 0.625 0.46875
vt 0.59375 0.46875
vt 0.59375 0.4375
vt 0.625 0.4375
vt 0.59375 0.375
vt 0.59375 0.40625
vt 0.5625 0.40625
vt 0.5625 0.375
vt 0 0.34375
vt 0.03125 0.34375
vt 0.03125 0.375
vt 0 0.375
vt 0.09375 0.34375
vt 0.09375 0.375
vt 0.0625 0.375
vt 0.0625 0.34375
vt 0.65625 0.375
vt 0.65625 0.40625
vt 0.625 0.40625
vt 0.625 0.375
vt 0.6875 1
vt 0.65625 1
vt 0.65625 0.96875
vt 0.6875 0.96875
vn 1 0 0
vn -1 0 0
vn 0 0.7372773368101242 0.6755902076156601
vn 0 -0.7372773368101242 -0.6755902076156601
vn 0 -0.6755902076156601 0.7372773368101242
vn 0 0.6755902076156601 -0.7372773368101242
usemtl m_ede1f5c5-55f8-8291-5e71-77e3daa0a758
f 914/2593/649 913/2594/649 915/2595/649 916/2596/649
f 919/2597/650 917/2598/650 918/2599/650 920/2600/650
f 917/2601/651 913/2602/651 914/2603/651 918/2604/651
f 916/2605/652 915/2606/652 919/2607/652 920/2608/652
f 915/2609/653 913/2610/653 917/2611/653 919/2612/653
f 918/2613/654 914/2614/654 916/2615/654 920/2616/654
o mesh
v 0.4843749999999998 0.017628097880803516 0.19261920820070472
v 0.4843749999999998 0.0725198022495759 0.13271542458488214
v 0.4843749999999998 0.015324106203271876 0.19050798880190578
v 0.4843749999999998 0.07021581057204426 0.1306042051860832
v 0.4781249999999998 0.017628097880803516 0.19261920820070472
v 0.4781249999999998 0.0725198022495759 0.13271542458488214
v 0.4781249999999998 0.015324106203271876 0.19050798880190578
v 0.4781249999999998 0.07021581057204426 0.1306042051860832
vt 0.6875 0.9375
vt 0.65625 0.9375
vt 0.65625 0.90625
vt 0.6875 0.90625
vt 0.15625 0.3125
vt 0.15625 0.34375
vt 0.125 0.34375
vt 0.125 0.3125
vt 0.65625 0.84375
vt 0.6875 0.84375
vt 0.6875 0.875
vt 0.65625 0.875
vt 0.21875 0.3125
vt 0.21875 0.34375
vt 0.1875 0.34375
vt 0.1875 0.3125
vt 0.6875 0.78125
vt 0.6875 0.8125
vt 0.65625 0.8125
vt 0.65625 0.78125
vt 0.28125 0.34375
vt 0.25 0.34375
vt 0.25 0.3125
vt 0.28125 0.3125
vn 1 0 0
vn -1 0 0
vn 0 0.7372773368101242 0.6755902076156601
vn 0 -0.7372773368101242 -0.6755902076156601
vn 0 -0.6755902076156601 0.7372773368101242
vn 0 0.6755902076156601 -0.7372773368101242
usemtl m_ede1f5c5-55f8-8291-5e71-77e3daa0a758
f 922/2617/655 921/2618/655 923/2619/655 924/2620/655
f 927/2621/656 925/2622/656 926/2623/656 928/2624/656
f 925/2625/657 921/2626/657 922/2627/657 926/2628/657
f 924/2629/658 923/2630/658 927/2631/658 928/2632/658
f 923/2633/659 921/2634/659 925/2635/659 927/2636/659
f 926/2637/660 922/2638/660 924/2639/660 928/2640/660
o mesh
v 0.4125000000000001 0.04062045955083646 0.16312177826929058
v 0.4125000000000001 0.040893080721869805 0.15687772688440396
v 0.4125000000000001 -0.0015268872971481613 0.16128158536481546
v 0.4125000000000001 -0.0012542661261148134 0.15503753397992887
v 0.40000000000000013 0.04062045955083646 0.16312177826929058
v 0.40000000000000013 0.040893080721869805 0.15687772688440396
v 0.40000000000000013 -0.0015268872971481613 0.16128158536481546
v 0.40000000000000013 -0.0012542661261148134 0.15503753397992887
vt 0.6875 0.75
vt 0.65625 0.75
vt 0.65625 0.71875
vt 0.6875 0.71875
vt 0.34375 0.3125
vt 0.34375 0.34375
vt 0.3125 0.34375
vt 0.3125 0.3125
vt 0.65625 0.65625
vt 0.6875 0.65625
vt 0.6875 0.6875
vt 0.65625 0.6875
vt 0.40625 0.3125
vt 0.40625 0.34375
vt 0.375 0.34375
vt 0.375 0.3125
vt 0.6875 0.59375
vt 0.6875 0.625
vt 0.65625 0.625
vt 0.65625 0.59375
vt 0.46875 0.34375
vt 0.4375 0.34375
vt 0.4375 0.3125
vt 0.46875 0.3125
vn 1 0 0
vn -1 0 0
vn 0 0.9990482215818579 0.04361938736533588
vn 0 -0.9990482215818579 -0.04361938736533588
vn 0 -0.04361938736533588 0.9990482215818579
vn 0 0.04361938736533588 -0.9990482215818579
usemtl m_ede1f5c5-55f8-8291-5e71-77e3daa0a758
f 930/2641/661 929/2642/661 931/2643/661 932/2644/661
f 935/2645/662 933/2646/662 934/2647/662 936/2648/662
f 933/2649/663 929/2650/663 930/2651/663 934/2652/663
f 932/2653/664 931/2654/664 935/2655/664 936/2656/664
f 931/2657/665 929/2658/665 933/2659/665 935/2660/665
f 934/2661/666 930/2662/666 932/2663/666 936/2664/666
o plane
v 0.47812500000000013 0.016476102042037737 0.19156359850130522
v 0.47812500000000013 0.07136780641081013 0.13165981488548262
v 0.3343750000000001 0.016476102042037737 0.19156359850130522
v 0.3343750000000001 0.07136780641081013 0.13165981488548262
vt 0.3125 0.34375
vt 0.3125 0.40625
vt 0.21875 0.40625
vt 0.21875 0.34375
vn 0 0.7372773368101242 0.6755902076156601
usemtl m_ede1f5c5-55f8-8291-5e71-77e3daa0a758
f 937/2665/667 938/2666/667 940/2667/667 939/2668/667
o mesh
v -0.3281249999999998 0.011101667405674084 0.2888659721569692
v -0.3281249999999998 0.07443824936964222 0.21974622183102002
v -0.3281249999999998 0.008797675728142447 0.28675475275817025
v -0.3281249999999998 0.07213425769211057 0.2176350024322211
v -0.4843749999999998 0.011101667405674084 0.2888659721569692
v -0.4843749999999998 0.07443824936964222 0.21974622183102002
v -0.4843749999999998 0.008797675728142447 0.28675475275817025
v -0.4843749999999998 0.07213425769211057 0.2176350024322211
vt 0.5625 0.46875
vt 0.5 0.46875
vt 0.5 0.4375
vt 0.5625 0.4375
vt 0.1875 0.375
vt 0.1875 0.40625
vt 0.125 0.40625
vt 0.125 0.375
vt 0 0.40625
vt 0.09375 0.40625
vt 0.09375 0.46875
vt 0 0.46875
vt 0.625 0.9375
vt 0.625 1
vt 0.53125 1
vt 0.53125 0.9375
vt 0.625 0.875
vt 0.625 0.90625
vt 0.53125 0.90625
vt 0.53125 0.875
vt 0.21875 0.46875
vt 0.125 0.46875
vt 0.125 0.4375
vt 0.21875 0.4375
vn 1 0 0
vn -1 0 0
vn 0 0.7372773368101242 0.6755902076156601
vn 0 -0.7372773368101242 -0.6755902076156601
vn 0 -0.6755902076156601 0.7372773368101242
vn 0 0.6755902076156601 -0.7372773368101242
usemtl m_ede1f5c5-55f8-8291-5e71-77e3daa0a758
f 942/2669/668 941/2670/668 943/2671/668 944/2672/668
f 947/2673/669 945/2674/669 946/2675/669 948/2676/669
f 945/2677/670 941/2678/670 942/2679/670 946/2680/670
f 944/2681/671 943/2682/671 947/2683/671 948/2684/671
f 943/2685/672 941/2686/672 945/2687/672 947/2688/672
f 946/2689/673 942/2690/673 944/2691/673 948/2692/673
o mesh
v -0.3281249999999998 0.072519802249576 0.22646542458488222
v -0.3281249999999998 0.07674224104717385 0.22185744122981899
v -0.3281249999999998 0.07021581057204435 0.2243542051860833
v -0.3281249999999998 0.07443824936964222 0.21974622183102002
v -0.4843749999999998 0.072519802249576 0.22646542458488222
v -0.4843749999999998 0.07674224104717385 0.22185744122981899
v -0.4843749999999998 0.07021581057204435 0.2243542051860833
v -0.4843749999999998 0.07443824936964222 0.21974622183102002
vt 0.34375 0.40625
vt 0.3125 0.40625
vt 0.3125 0.375
vt 0.34375 0.375
vt 0.40625 0.375
vt 0.40625 0.40625
vt 0.375 0.40625
vt 0.375 0.375
vt 0.53125 0.8125
vt 0.625 0.8125
vt 0.625 0.84375
vt 0.53125 0.84375
vt 0.625 0.75
vt 0.625 0.78125
vt 0.53125 0.78125
vt 0.53125 0.75
vt 0.34375 0.4375
vt 0.34375 0.46875
vt 0.25 0.46875
vt 0.25 0.4375
vt 0.625 0.71875
vt 0.53125 0.71875
vt 0.53125 0.6875
vt 0.625 0.6875
vn 1 0 0
vn -1 0 0
vn 0 0.7372773368101242 0.6755902076156601
vn 0 -0.7372773368101242 -0.6755902076156601
vn 0 -0.6755902076156601 0.7372773368101242
vn 0 0.6755902076156601 -0.7372773368101242
usemtl m_ede1f5c5-55f8-8291-5e71-77e3daa0a758
f 950/2693/674 949/2694/674 951/2695/674 952/2696/674
f 955/2697/675 953/2698/675 954/2699/675 956/2700/675
f 953/2701/676 949/2702/676 950/2703/676 954/2704/676
f 952/2705/677 951/2706/677 955/2707/677 956/2708/677
f 951/2709/678 949/2710/678 953/2711/678 955/2712/678
f 954/2713/679 950/2714/679 952/2715/679 956/2716/679
o mesh
v -0.3281249999999998 0.013405659083205748 0.29097719155576807
v -0.3281249999999998 0.017628097880803613 0.28636920820070483
v -0.3281249999999998 0.011101667405674108 0.28886597215696913
v -0.3281249999999998 0.01532410620327198 0.2842579888019059
v -0.4843749999999998 0.013405659083205748 0.29097719155576807
v -0.4843749999999998 0.017628097880803613 0.28636920820070483
v -0.4843749999999998 0.011101667405674108 0.28886597215696913
v -0.4843749999999998 0.01532410620327198 0.2842579888019059
vt 0.46875 0.40625
vt 0.4375 0.40625
vt 0.4375 0.375
vt 0.46875 0.375
vt 0.53125 0.375
vt 0.53125 0.40625
vt 0.5 0.40625
vt 0.5 0.375
vt 0.53125 0.625
vt 0.625 0.625
vt 0.625 0.65625
vt 0.53125 0.65625
vt 0.46875 0.4375
vt 0.46875 0.46875
vt 0.375 0.46875
vt 0.375 0.4375
vt 0.625 0.5625
vt 0.625 0.59375
vt 0.53125 0.59375
vt 0.53125 0.5625
vt 0.625 0.53125
vt 0.53125 0.53125
vt 0.53125 0.5
vt 0.625 0.5
vn 1 0 0
vn -1 0 0
vn 0 0.7372773368101242 0.6755902076156601
vn 0 -0.7372773368101242 -0.6755902076156601
vn 0 -0.6755902076156601 0.7372773368101242
vn 0 0.6755902076156601 -0.7372773368101242
usemtl m_ede1f5c5-55f8-8291-5e71-77e3daa0a758
f 958/2717/680 957/2718/680 959/2719/680 960/2720/680
f 963/2721/681 961/2722/681 962/2723/681 964/2724/681
f 961/2725/682 957/2726/682 958/2727/682 962/2728/682
f 960/2729/683 959/2730/683 963/2731/683 964/2732/683
f 959/2733/684 957/2734/684 961/2735/684 963/2736/684
f 962/2737/685 958/2738/685 960/2739/685 964/2740/685
o mesh
v -0.4781249999999998 0.01762809788080353 0.2863692082007049
v -0.4781249999999998 0.07251980224957591 0.2264654245848823
v -0.4781249999999998 0.01532410620327189 0.28425798880190595
v -0.4781249999999998 0.07021581057204428 0.22435420518608337
v -0.4843749999999998 0.01762809788080353 0.2863692082007049
v -0.4843749999999998 0.07251980224957591 0.2264654245848823
v -0.4843749999999998 0.01532410620327189 0.28425798880190595
v -0.4843749999999998 0.07021581057204428 0.22435420518608337
vt 0.625 0.46875
vt 0.59375 0.46875
vt 0.59375 0.4375
vt 0.625 0.4375
vt 0.59375 0.375
vt 0.59375 0.40625
vt 0.5625 0.40625
vt 0.5625 0.375
vt 0 0.34375
vt 0.03125 0.34375
vt 0.03125 0.375
vt 0 0.375
vt 0.09375 0.34375
vt 0.09375 0.375
vt 0.0625 0.375
vt 0.0625 0.34375
vt 0.65625 0.375
vt 0.65625 0.40625
vt 0.625 0.40625
vt 0.625 0.375
vt 0.6875 1
vt 0.65625 1
vt 0.65625 0.96875
vt 0.6875 0.96875
vn 1 0 0
vn -1 0 0
vn 0 0.7372773368101242 0.6755902076156601
vn 0 -0.7372773368101242 -0.6755902076156601
vn 0 -0.6755902076156601 0.7372773368101242
vn 0 0.6755902076156601 -0.7372773368101242
usemtl m_ede1f5c5-55f8-8291-5e71-77e3daa0a758
f 966/2741/686 965/2742/686 967/2743/686 968/2744/686
f 971/2745/687 969/2746/687 970/2747/687 972/2748/687
f 969/2749/688 965/2750/688 966/2751/688 970/2752/688
f 968/2753/689 967/2754/689 971/2755/689 972/2756/689
f 967/2757/690 965/2758/690 969/2759/690 971/2760/690
f 970/2761/691 966/2762/691 968/2763/691 972/2764/691
o mesh
v -0.3281250000000001 0.01762809788080353 0.2863692082007049
v -0.3281250000000001 0.07251980224957591 0.2264654245848823
v -0.3281250000000001 0.01532410620327189 0.28425798880190595
v -0.3281250000000001 0.07021581057204428 0.22435420518608337
v -0.3343750000000001 0.01762809788080353 0.2863692082007049
v -0.3343750000000001 0.07251980224957591 0.2264654245848823
v -0.3343750000000001 0.01532410620327189 0.28425798880190595
v -0.3343750000000001 0.07021581057204428 0.22435420518608337
vt 0.6875 0.9375
vt 0.65625 0.9375
vt 0.65625 0.90625
vt 0.6875 0.90625
vt 0.15625 0.3125
vt 0.15625 0.34375
vt 0.125 0.34375
vt 0.125 0.3125
vt 0.65625 0.84375
vt 0.6875 0.84375
vt 0.6875 0.875
vt 0.65625 0.875
vt 0.21875 0.3125
vt 0.21875 0.34375
vt 0.1875 0.34375
vt 0.1875 0.3125
vt 0.6875 0.78125
vt 0.6875 0.8125
vt 0.65625 0.8125
vt 0.65625 0.78125
vt 0.28125 0.34375
vt 0.25 0.34375
vt 0.25 0.3125
vt 0.28125 0.3125
vn 1 0 0
vn -1 0 0
vn 0 0.7372773368101242 0.6755902076156601
vn 0 -0.7372773368101242 -0.6755902076156601
vn 0 -0.6755902076156601 0.7372773368101242
vn 0 0.6755902076156601 -0.7372773368101242
usemtl m_ede1f5c5-55f8-8291-5e71-77e3daa0a758
f 974/2765/692 973/2766/692 975/2767/692 976/2768/692
f 979/2769/693 977/2770/693 978/2771/693 980/2772/693
f 977/2773/694 973/2774/694 974/2775/694 978/2776/694
f 976/2777/695 975/2778/695 979/2779/695 980/2780/695
f 975/2781/696 973/2782/696 977/2783/696 979/2784/696
f 978/2785/697 974/2786/697 976/2787/697 980/2788/697
o mesh
v -0.3999999999999998 0.04062045955083649 0.2568717782692907
v -0.3999999999999998 0.04089308072186984 0.2506277268844041
v -0.3999999999999998 -0.0015268872971481266 0.25503158536481557
v -0.3999999999999998 -0.0012542661261147788 0.24878753397992898
v -0.41249999999999976 0.04062045955083649 0.2568717782692907
v -0.41249999999999976 0.04089308072186984 0.2506277268844041
v -0.41249999999999976 -0.0015268872971481266 0.25503158536481557
v -0.41249999999999976 -0.0012542661261147788 0.24878753397992898
vt 0.6875 0.75
vt 0.65625 0.75
vt 0.65625 0.71875
vt 0.6875 0.71875
vt 0.34375 0.3125
vt 0.34375 0.34375
vt 0.3125 0.34375
vt 0.3125 0.3125
vt 0.65625 0.65625
vt 0.6875 0.65625
vt 0.6875 0.6875
vt 0.65625 0.6875
vt 0.40625 0.3125
vt 0.40625 0.34375
vt 0.375 0.34375
vt 0.375 0.3125
vt 0.6875 0.59375
vt 0.6875 0.625
vt 0.65625 0.625
vt 0.65625 0.59375
vt 0.46875 0.34375
vt 0.4375 0.34375
vt 0.4375 0.3125
vt 0.46875 0.3125
vn 1 0 0
vn -1 0 0
vn 0 0.9990482215818579 0.04361938736533588
vn 0 -0.9990482215818579 -0.04361938736533588
vn 0 -0.04361938736533588 0.9990482215818579
vn 0 0.04361938736533588 -0.9990482215818579
usemtl m_ede1f5c5-55f8-8291-5e71-77e3daa0a758
f 982/2789/698 981/2790/698 983/2791/698 984/2792/698
f 987/2793/699 985/2794/699 986/2795/699 988/2796/699
f 985/2797/700 981/2798/700 982/2799/700 986/2800/700
f 984/2801/701 983/2802/701 987/2803/701 988/2804/701
f 983/2805/702 981/2806/702 985/2807/702 987/2808/702
f 986/2809/703 982/2810/703 984/2811/703 988/2812/703
o plane
v -0.33437499999999976 0.016476102042037772 0.2853135985013054
v -0.33437499999999976 0.07136780641081016 0.22540981488548278
v -0.4781249999999998 0.016476102042037772 0.2853135985013054
v -0.4781249999999998 0.07136780641081016 0.22540981488548278
vt 0.3125 0.34375
vt 0.3125 0.40625
vt 0.21875 0.40625
vt 0.21875 0.34375
vn 0 0.7372773368101242 0.6755902076156601
usemtl m_ede1f5c5-55f8-8291-5e71-77e3daa0a758
f 989/2813/704 990/2814/704 992/2815/704 991/2816/704
o mesh
v -0.17187499999999975 0.011101667405674084 0.2888659721569692
v -0.17187499999999975 0.07443824936964222 0.21974622183102002
v -0.17187499999999975 0.008797675728142447 0.28675475275817025
v -0.17187499999999975 0.07213425769211057 0.2176350024322211
v -0.3281249999999998 0.011101667405674084 0.2888659721569692
v -0.3281249999999998 0.07443824936964222 0.21974622183102002
v -0.3281249999999998 0.008797675728142447 0.28675475275817025
v -0.3281249999999998 0.07213425769211057 0.2176350024322211
vt 0.5625 0.46875
vt 0.5 0.46875
vt 0.5 0.4375
vt 0.5625 0.4375
vt 0.1875 0.375
vt 0.1875 0.40625
vt 0.125 0.40625
vt 0.125 0.375
vt 0 0.40625
vt 0.09375 0.40625
vt 0.09375 0.46875
vt 0 0.46875
vt 0.625 0.9375
vt 0.625 1
vt 0.53125 1
vt 0.53125 0.9375
vt 0.625 0.875
vt 0.625 0.90625
vt 0.53125 0.90625
vt 0.53125 0.875
vt 0.21875 0.46875
vt 0.125 0.46875
vt 0.125 0.4375
vt 0.21875 0.4375
vn 1 0 0
vn -1 0 0
vn 0 0.7372773368101242 0.6755902076156601
vn 0 -0.7372773368101242 -0.6755902076156601
vn 0 -0.6755902076156601 0.7372773368101242
vn 0 0.6755902076156601 -0.7372773368101242
usemtl m_ede1f5c5-55f8-8291-5e71-77e3daa0a758
f 994/2817/705 993/2818/705 995/2819/705 996/2820/705
f 999/2821/706 997/2822/706 998/2823/706 1000/2824/706
f 997/2825/707 993/2826/707 994/2827/707 998/2828/707
f 996/2829/708 995/2830/708 999/2831/708 1000/2832/708
f 995/2833/709 993/2834/709 997/2835/709 999/2836/709
f 998/2837/710 994/2838/710 996/2839/710 1000/2840/710
o mesh
v -0.17187499999999975 0.072519802249576 0.22646542458488222
v -0.17187499999999975 0.07674224104717385 0.22185744122981899
v -0.17187499999999975 0.07021581057204435 0.2243542051860833
v -0.17187499999999975 0.07443824936964222 0.21974622183102002
v -0.3281249999999998 0.072519802249576 0.22646542458488222
v -0.3281249999999998 0.07674224104717385 0.22185744122981899
v -0.3281249999999998 0.07021581057204435 0.2243542051860833
v -0.3281249999999998 0.07443824936964222 0.21974622183102002
vt 0.34375 0.40625
vt 0.3125 0.40625
vt 0.3125 0.375
vt 0.34375 0.375
vt 0.40625 0.375
vt 0.40625 0.40625
vt 0.375 0.40625
vt 0.375 0.375
vt 0.53125 0.8125
vt 0.625 0.8125
vt 0.625 0.84375
vt 0.53125 0.84375
vt 0.625 0.75
vt 0.625 0.78125
vt 0.53125 0.78125
vt 0.53125 0.75
vt 0.34375 0.4375
vt 0.34375 0.46875
vt 0.25 0.46875
vt 0.25 0.4375
vt 0.625 0.71875
vt 0.53125 0.71875
vt 0.53125 0.6875
vt 0.625 0.6875
vn 1 0 0
vn -1 0 0
vn 0 0.7372773368101242 0.6755902076156601
vn 0 -0.7372773368101242 -0.6755902076156601
vn 0 -0.6755902076156601 0.7372773368101242
vn 0 0.6755902076156601 -0.7372773368101242
usemtl m_ede1f5c5-55f8-8291-5e71-77e3daa0a758
f 1002/2841/711 1001/2842/711 1003/2843/711 1004/2844/711
f 1007/2845/712 1005/2846/712 1006/2847/712 1008/2848/712
f 1005/2849/713 1001/2850/713 1002/2851/713 1006/2852/713
f 1004/2853/714 1003/2854/714 1007/2855/714 1008/2856/714
f 1003/2857/715 1001/2858/715 1005/2859/715 1007/2860/715
f 1006/2861/716 1002/2862/716 1004/2863/716 1008/2864/716
o mesh
v -0.17187499999999975 0.013405659083205748 0.29097719155576807
v -0.17187499999999975 0.017628097880803613 0.28636920820070483
v -0.17187499999999975 0.011101667405674108 0.28886597215696913
v -0.17187499999999975 0.01532410620327198 0.2842579888019059
v -0.3281249999999998 0.013405659083205748 0.29097719155576807
v -0.3281249999999998 0.017628097880803613 0.28636920820070483
v -0.3281249999999998 0.011101667405674108 0.28886597215696913
v -0.3281249999999998 0.01532410620327198 0.2842579888019059
vt 0.46875 0.40625
vt 0.4375 0.40625
vt 0.4375 0.375
vt 0.46875 0.375
vt 0.53125 0.375
vt 0.53125 0.40625
vt 0.5 0.40625
vt 0.5 0.375
vt 0.53125 0.625
vt 0.625 0.625
vt 0.625 0.65625
vt 0.53125 0.65625
vt 0.46875 0.4375
vt 0.46875 0.46875
vt 0.375 0.46875
vt 0.375 0.4375
vt 0.625 0.5625
vt 0.625 0.59375
vt 0.53125 0.59375
vt 0.53125 0.5625
vt 0.625 0.53125
vt 0.53125 0.53125
vt 0.53125 0.5
vt 0.625 0.5
vn 1 0 0
vn -1 0 0
vn 0 0.7372773368101242 0.6755902076156601
vn 0 -0.7372773368101242 -0.6755902076156601
vn 0 -0.6755902076156601 0.7372773368101242
vn 0 0.6755902076156601 -0.7372773368101242
usemtl m_ede1f5c5-55f8-8291-5e71-77e3daa0a758
f 1010/2865/717 1009/2866/717 1011/2867/717 1012/2868/717
f 1015/2869/718 1013/2870/718 1014/2871/718 1016/2872/718
f 1013/2873/719 1009/2874/719 1010/2875/719 1014/2876/719
f 1012/2877/720 1011/2878/720 1015/2879/720 1016/2880/720
f 1011/2881/721 1009/2882/721 1013/2883/721 1015/2884/721
f 1014/2885/722 1010/2886/722 1012/2887/722 1016/2888/722
o mesh
v -0.32187499999999974 0.01762809788080353 0.2863692082007049
v -0.32187499999999974 0.07251980224957591 0.2264654245848823
v -0.32187499999999974 0.01532410620327189 0.28425798880190595
v -0.32187499999999974 0.07021581057204428 0.22435420518608337
v -0.3281249999999998 0.01762809788080353 0.2863692082007049
v -0.3281249999999998 0.07251980224957591 0.2264654245848823
v -0.3281249999999998 0.01532410620327189 0.28425798880190595
v -0.3281249999999998 0.07021581057204428 0.22435420518608337
vt 0.625 0.46875
vt 0.59375 0.46875
vt 0.59375 0.4375
vt 0.625 0.4375
vt 0.59375 0.375
vt 0.59375 0.40625
vt 0.5625 0.40625
vt 0.5625 0.375
vt 0 0.34375
vt 0.03125 0.34375
vt 0.03125 0.375
vt 0 0.375
vt 0.09375 0.34375
vt 0.09375 0.375
vt 0.0625 0.375
vt 0.0625 0.34375
vt 0.65625 0.375
vt 0.65625 0.40625
vt 0.625 0.40625
vt 0.625 0.375
vt 0.6875 1
vt 0.65625 1
vt 0.65625 0.96875
vt 0.6875 0.96875
vn 1 0 0
vn -1 0 0
vn 0 0.7372773368101242 0.6755902076156601
vn 0 -0.7372773368101242 -0.6755902076156601
vn 0 -0.6755902076156601 0.7372773368101242
vn 0 0.6755902076156601 -0.7372773368101242
usemtl m_ede1f5c5-55f8-8291-5e71-77e3daa0a758
f 1018/2889/723 1017/2890/723 1019/2891/723 1020/2892/723
f 1023/2893/724 1021/2894/724 1022/2895/724 1024/2896/724
f 1021/2897/725 1017/2898/725 1018/2899/725 1022/2900/725
f 1020/2901/726 1019/2902/726 1023/2903/726 1024/2904/726
f 1019/2905/727 1017/2906/727 1021/2907/727 1023/2908/727
f 1022/2909/728 1018/2910/728 1020/2911/728 1024/2912/728
o mesh
v -0.17187500000000006 0.01762809788080353 0.2863692082007049
v -0.17187500000000006 0.07251980224957591 0.2264654245848823
v -0.17187500000000006 0.01532410620327189 0.28425798880190595
v -0.17187500000000006 0.07021581057204428 0.22435420518608337
v -0.17812500000000006 0.01762809788080353 0.2863692082007049
v -0.17812500000000006 0.07251980224957591 0.2264654245848823
v -0.17812500000000006 0.01532410620327189 0.28425798880190595
v -0.17812500000000006 0.07021581057204428 0.22435420518608337
vt 0.6875 0.9375
vt 0.65625 0.9375
vt 0.65625 0.90625
vt 0.6875 0.90625
vt 0.15625 0.3125
vt 0.15625 0.34375
vt 0.125 0.34375
vt 0.125 0.3125
vt 0.65625 0.84375
vt 0.6875 0.84375
vt 0.6875 0.875
vt 0.65625 0.875
vt 0.21875 0.3125
vt 0.21875 0.34375
vt 0.1875 0.34375
vt 0.1875 0.3125
vt 0.6875 0.78125
vt 0.6875 0.8125
vt 0.65625 0.8125
vt 0.65625 0.78125
vt 0.28125 0.34375
vt 0.25 0.34375
vt 0.25 0.3125
vt 0.28125 0.3125
vn 1 0 0
vn -1 0 0
vn 0 0.7372773368101242 0.6755902076156601
vn 0 -0.7372773368101242 -0.6755902076156601
vn 0 -0.6755902076156601 0.7372773368101242
vn 0 0.6755902076156601 -0.7372773368101242
usemtl m_ede1f5c5-55f8-8291-5e71-77e3daa0a758
f 1026/2913/729 1025/2914/729 1027/2915/729 1028/2916/729
f 1031/2917/730 1029/2918/730 1030/2919/730 1032/2920/730
f 1029/2921/731 1025/2922/731 1026/2923/731 1030/2924/731
f 1028/2925/732 1027/2926/732 1031/2927/732 1032/2928/732
f 1027/2929/733 1025/2930/733 1029/2931/733 1031/2932/733
f 1030/2933/734 1026/2934/734 1028/2935/734 1032/2936/734
o mesh
v -0.24374999999999974 0.04062045955083649 0.2568717782692907
v -0.24374999999999974 0.04089308072186984 0.2506277268844041
v -0.24374999999999974 -0.0015268872971481266 0.25503158536481557
v -0.24374999999999974 -0.0012542661261147788 0.24878753397992898
v -0.25624999999999976 0.04062045955083649 0.2568717782692907
v -0.25624999999999976 0.04089308072186984 0.2506277268844041
v -0.25624999999999976 -0.0015268872971481266 0.25503158536481557
v -0.25624999999999976 -0.0012542661261147788 0.24878753397992898
vt 0.6875 0.75
vt 0.65625 0.75
vt 0.65625 0.71875
vt 0.6875 0.71875
vt 0.34375 0.3125
vt 0.34375 0.34375
vt 0.3125 0.34375
vt 0.3125 0.3125
vt 0.65625 0.65625
vt 0.6875 0.65625
vt 0.6875 0.6875
vt 0.65625 0.6875
vt 0.40625 0.3125
vt 0.40625 0.34375
vt 0.375 0.34375
vt 0.375 0.3125
vt 0.6875 0.59375
vt 0.6875 0.625
vt 0.65625 0.625
vt 0.65625 0.59375
vt 0.46875 0.34375
vt 0.4375 0.34375
vt 0.4375 0.3125
vt 0.46875 0.3125
vn 1 0 0
vn -1 0 0
vn 0 0.9990482215818579 0.04361938736533588
vn 0 -0.9990482215818579 -0.04361938736533588
vn 0 -0.04361938736533588 0.9990482215818579
vn 0 0.04361938736533588 -0.9990482215818579
usemtl m_ede1f5c5-55f8-8291-5e71-77e3daa0a758
f 1034/2937/735 1033/2938/735 1035/2939/735 1036/2940/735
f 1039/2941/736 1037/2942/736 1038/2943/736 1040/2944/736
f 1037/2945/737 1033/2946/737 1034/2947/737 1038/2948/737
f 1036/2949/738 1035/2950/738 1039/2951/738 1040/2952/738
f 1035/2953/739 1033/2954/739 1037/2955/739 1039/2956/739
f 1038/2957/740 1034/2958/740 1036/2959/740 1040/2960/740
o plane
v -0.17812499999999976 0.016476102042037772 0.2853135985013054
v -0.17812499999999976 0.07136780641081016 0.22540981488548278
v -0.32187499999999974 0.016476102042037772 0.2853135985013054
v -0.32187499999999974 0.07136780641081016 0.22540981488548278
vt 0.3125 0.34375
vt 0.3125 0.40625
vt 0.21875 0.40625
vt 0.21875 0.34375
vn 0 0.7372773368101242 0.6755902076156601
usemtl m_ede1f5c5-55f8-8291-5e71-77e3daa0a758
f 1041/2961/741 1042/2962/741 1044/2963/741 1043/2964/741
o mesh
v -0.015624999999999778 0.011101667405674084 0.2888659721569692
v -0.015624999999999778 0.07443824936964222 0.21974622183102002
v -0.015624999999999778 0.008797675728142447 0.28675475275817025
v -0.015624999999999778 0.07213425769211057 0.2176350024322211
v -0.17187499999999978 0.011101667405674084 0.2888659721569692
v -0.17187499999999978 0.07443824936964222 0.21974622183102002
v -0.17187499999999978 0.008797675728142447 0.28675475275817025
v -0.17187499999999978 0.07213425769211057 0.2176350024322211
vt 0.5625 0.46875
vt 0.5 0.46875
vt 0.5 0.4375
vt 0.5625 0.4375
vt 0.1875 0.375
vt 0.1875 0.40625
vt 0.125 0.40625
vt 0.125 0.375
vt 0 0.40625
vt 0.09375 0.40625
vt 0.09375 0.46875
vt 0 0.46875
vt 0.625 0.9375
vt 0.625 1
vt 0.53125 1
vt 0.53125 0.9375
vt 0.625 0.875
vt 0.625 0.90625
vt 0.53125 0.90625
vt 0.53125 0.875
vt 0.21875 0.46875
vt 0.125 0.46875
vt 0.125 0.4375
vt 0.21875 0.4375
vn 1 0 0
vn -1 0 0
vn 0 0.7372773368101242 0.6755902076156601
vn 0 -0.7372773368101242 -0.6755902076156601
vn 0 -0.6755902076156601 0.7372773368101242
vn 0 0.6755902076156601 -0.7372773368101242
usemtl m_ede1f5c5-55f8-8291-5e71-77e3daa0a758
f 1046/2965/742 1045/2966/742 1047/2967/742 1048/2968/742
f 1051/2969/743 1049/2970/743 1050/2971/743 1052/2972/743
f 1049/2973/744 1045/2974/744 1046/2975/744 1050/2976/744
f 1048/2977/745 1047/2978/745 1051/2979/745 1052/2980/745
f 1047/2981/746 1045/2982/746 1049/2983/746 1051/2984/746
f 1050/2985/747 1046/2986/747 1048/2987/747 1052/2988/747
o mesh
v -0.015624999999999778 0.072519802249576 0.22646542458488222
v -0.015624999999999778 0.07674224104717385 0.22185744122981899
v -0.015624999999999778 0.07021581057204435 0.2243542051860833
v -0.015624999999999778 0.07443824936964222 0.21974622183102002
v -0.17187499999999978 0.072519802249576 0.22646542458488222
v -0.17187499999999978 0.07674224104717385 0.22185744122981899
v -0.17187499999999978 0.07021581057204435 0.2243542051860833
v -0.17187499999999978 0.07443824936964222 0.21974622183102002
vt 0.34375 0.40625
vt 0.3125 0.40625
vt 0.3125 0.375
vt 0.34375 0.375
vt 0.40625 0.375
vt 0.40625 0.40625
vt 0.375 0.40625
vt 0.375 0.375
vt 0.53125 0.8125
vt 0.625 0.8125
vt 0.625 0.84375
vt 0.53125 0.84375
vt 0.625 0.75
vt 0.625 0.78125
vt 0.53125 0.78125
vt 0.53125 0.75
vt 0.34375 0.4375
vt 0.34375 0.46875
vt 0.25 0.46875
vt 0.25 0.4375
vt 0.625 0.71875
vt 0.53125 0.71875
vt 0.53125 0.6875
vt 0.625 0.6875
vn 1 0 0
vn -1 0 0
vn 0 0.7372773368101242 0.6755902076156601
vn 0 -0.7372773368101242 -0.6755902076156601
vn 0 -0.6755902076156601 0.7372773368101242
vn 0 0.6755902076156601 -0.7372773368101242
usemtl m_ede1f5c5-55f8-8291-5e71-77e3daa0a758
f 1054/2989/748 1053/2990/748 1055/2991/748 1056/2992/748
f 1059/2993/749 1057/2994/749 1058/2995/749 1060/2996/749
f 1057/2997/750 1053/2998/750 1054/2999/750 1058/3000/750
f 1056/3001/751 1055/3002/751 1059/3003/751 1060/3004/751
f 1055/3005/752 1053/3006/752 1057/3007/752 1059/3008/752
f 1058/3009/753 1054/3010/753 1056/3011/753 1060/3012/753
o mesh
v -0.015624999999999778 0.013405659083205748 0.29097719155576807
v -0.015624999999999778 0.017628097880803613 0.28636920820070483
v -0.015624999999999778 0.011101667405674108 0.28886597215696913
v -0.015624999999999778 0.01532410620327198 0.2842579888019059
v -0.17187499999999978 0.013405659083205748 0.29097719155576807
v -0.17187499999999978 0.017628097880803613 0.28636920820070483
v -0.17187499999999978 0.011101667405674108 0.28886597215696913
v -0.17187499999999978 0.01532410620327198 0.2842579888019059
vt 0.46875 0.40625
vt 0.4375 0.40625
vt 0.4375 0.375
vt 0.46875 0.375
vt 0.53125 0.375
vt 0.53125 0.40625
vt 0.5 0.40625
vt 0.5 0.375
vt 0.53125 0.625
vt 0.625 0.625
vt 0.625 0.65625
vt 0.53125 0.65625
vt 0.46875 0.4375
vt 0.46875 0.46875
vt 0.375 0.46875
vt 0.375 0.4375
vt 0.625 0.5625
vt 0.625 0.59375
vt 0.53125 0.59375
vt 0.53125 0.5625
vt 0.625 0.53125
vt 0.53125 0.53125
vt 0.53125 0.5
vt 0.625 0.5
vn 1 0 0
vn -1 0 0
vn 0 0.7372773368101242 0.6755902076156601
vn 0 -0.7372773368101242 -0.6755902076156601
vn 0 -0.6755902076156601 0.7372773368101242
vn 0 0.6755902076156601 -0.7372773368101242
usemtl m_ede1f5c5-55f8-8291-5e71-77e3daa0a758
f 1062/3013/754 1061/3014/754 1063/3015/754 1064/3016/754
f 1067/3017/755 1065/3018/755 1066/3019/755 1068/3020/755
f 1065/3021/756 1061/3022/756 1062/3023/756 1066/3024/756
f 1064/3025/757 1063/3026/757 1067/3027/757 1068/3028/757
f 1063/3029/758 1061/3030/758 1065/3031/758 1067/3032/758
f 1066/3033/759 1062/3034/759 1064/3035/759 1068/3036/759
o mesh
v -0.1656249999999998 0.01762809788080353 0.2863692082007049
v -0.1656249999999998 0.07251980224957591 0.2264654245848823
v -0.1656249999999998 0.01532410620327189 0.28425798880190595
v -0.1656249999999998 0.07021581057204428 0.22435420518608337
v -0.17187499999999978 0.01762809788080353 0.2863692082007049
v -0.17187499999999978 0.07251980224957591 0.2264654245848823
v -0.17187499999999978 0.01532410620327189 0.28425798880190595
v -0.17187499999999978 0.07021581057204428 0.22435420518608337
vt 0.625 0.46875
vt 0.59375 0.46875
vt 0.59375 0.4375
vt 0.625 0.4375
vt 0.59375 0.375
vt 0.59375 0.40625
vt 0.5625 0.40625
vt 0.5625 0.375
vt 0 0.34375
vt 0.03125 0.34375
vt 0.03125 0.375
vt 0 0.375
vt 0.09375 0.34375
vt 0.09375 0.375
vt 0.0625 0.375
vt 0.0625 0.34375
vt 0.65625 0.375
vt 0.65625 0.40625
vt 0.625 0.40625
vt 0.625 0.375
vt 0.6875 1
vt 0.65625 1
vt 0.65625 0.96875
vt 0.6875 0.96875
vn 1 0 0
vn -1 0 0
vn 0 0.7372773368101242 0.6755902076156601
vn 0 -0.7372773368101242 -0.6755902076156601
vn 0 -0.6755902076156601 0.7372773368101242
vn 0 0.6755902076156601 -0.7372773368101242
usemtl m_ede1f5c5-55f8-8291-5e71-77e3daa0a758
f 1070/3037/760 1069/3038/760 1071/3039/760 1072/3040/760
f 1075/3041/761 1073/3042/761 1074/3043/761 1076/3044/761
f 1073/3045/762 1069/3046/762 1070/3047/762 1074/3048/762
f 1072/3049/763 1071/3050/763 1075/3051/763 1076/3052/763
f 1071/3053/764 1069/3054/764 1073/3055/764 1075/3056/764
f 1074/3057/765 1070/3058/765 1072/3059/765 1076/3060/765
o mesh
v -0.015625000000000097 0.01762809788080353 0.2863692082007049
v -0.015625000000000097 0.07251980224957591 0.2264654245848823
v -0.015625000000000097 0.01532410620327189 0.28425798880190595
v -0.015625000000000097 0.07021581057204428 0.22435420518608337
v -0.02187500000000009 0.01762809788080353 0.2863692082007049
v -0.02187500000000009 0.07251980224957591 0.2264654245848823
v -0.02187500000000009 0.01532410620327189 0.28425798880190595
v -0.02187500000000009 0.07021581057204428 0.22435420518608337
vt 0.6875 0.9375
vt 0.65625 0.9375
vt 0.65625 0.90625
vt 0.6875 0.90625
vt 0.15625 0.3125
vt 0.15625 0.34375
vt 0.125 0.34375
vt 0.125 0.3125
vt 0.65625 0.84375
vt 0.6875 0.84375
vt 0.6875 0.875
vt 0.65625 0.875
vt 0.21875 0.3125
vt 0.21875 0.34375
vt 0.1875 0.34375
vt 0.1875 0.3125
vt 0.6875 0.78125
vt 0.6875 0.8125
vt 0.65625 0.8125
vt 0.65625 0.78125
vt 0.28125 0.34375
vt 0.25 0.34375
vt 0.25 0.3125
vt 0.28125 0.3125
vn 1 0 0
vn -1 0 0
vn 0 0.7372773368101242 0.6755902076156601
vn 0 -0.7372773368101242 -0.6755902076156601
vn 0 -0.6755902076156601 0.7372773368101242
vn 0 0.6755902076156601 -0.7372773368101242
usemtl m_ede1f5c5-55f8-8291-5e71-77e3daa0a758
f 1078/3061/766 1077/3062/766 1079/3063/766 1080/3064/766
f 1083/3065/767 1081/3066/767 1082/3067/767 1084/3068/767
f 1081/3069/768 1077/3070/768 1078/3071/768 1082/3072/768
f 1080/3073/769 1079/3074/769 1083/3075/769 1084/3076/769
f 1079/3077/770 1077/3078/770 1081/3079/770 1083/3080/770
f 1082/3081/771 1078/3082/771 1080/3083/771 1084/3084/771
o mesh
v -0.08749999999999977 0.04062045955083649 0.2568717782692907
v -0.08749999999999977 0.04089308072186984 0.2506277268844041
v -0.08749999999999977 -0.0015268872971481266 0.25503158536481557
v -0.08749999999999977 -0.0012542661261147788 0.24878753397992898
v -0.09999999999999978 0.04062045955083649 0.2568717782692907
v -0.09999999999999978 0.04089308072186984 0.2506277268844041
v -0.09999999999999978 -0.0015268872971481266 0.25503158536481557
v -0.09999999999999978 -0.0012542661261147788 0.24878753397992898
vt 0.6875 0.75
vt 0.65625 0.75
vt 0.65625 0.71875
vt 0.6875 0.71875
vt 0.34375 0.3125
vt 0.34375 0.34375
vt 0.3125 0.34375
vt 0.3125 0.3125
vt 0.65625 0.65625
vt 0.6875 0.65625
vt 0.6875 0.6875
vt 0.65625 0.6875
vt 0.40625 0.3125
vt 0.40625 0.34375
vt 0.375 0.34375
vt 0.375 0.3125
vt 0.6875 0.59375
vt 0.6875 0.625
vt 0.65625 0.625
vt 0.65625 0.59375
vt 0.46875 0.34375
vt 0.4375 0.34375
vt 0.4375 0.3125
vt 0.46875 0.3125
vn 1 0 0
vn -1 0 0
vn 0 0.9990482215818579 0.04361938736533588
vn 0 -0.9990482215818579 -0.04361938736533588
vn 0 -0.04361938736533588 0.9990482215818579
vn 0 0.04361938736533588 -0.9990482215818579
usemtl m_ede1f5c5-55f8-8291-5e71-77e3daa0a758
f 1086/3085/772 1085/3086/772 1087/3087/772 1088/3088/772
f 1091/3089/773 1089/3090/773 1090/3091/773 1092/3092/773
f 1089/3093/774 1085/3094/774 1086/3095/774 1090/3096/774
f 1088/3097/775 1087/3098/775 1091/3099/775 1092/3100/775
f 1087/3101/776 1085/3102/776 1089/3103/776 1091/3104/776
f 1090/3105/777 1086/3106/777 1088/3107/777 1092/3108/777
o plane
v -0.021874999999999784 0.016476102042037772 0.2853135985013054
v -0.021874999999999784 0.07136780641081016 0.22540981488548278
v -0.16562499999999977 0.016476102042037772 0.2853135985013054
v -0.16562499999999977 0.07136780641081016 0.22540981488548278
vt 0.3125 0.34375
vt 0.3125 0.40625
vt 0.21875 0.40625
vt 0.21875 0.34375
vn 0 0.7372773368101242 0.6755902076156601
usemtl m_ede1f5c5-55f8-8291-5e71-77e3daa0a758
f 1093/3109/778 1094/3110/778 1096/3111/778 1095/3112/778
o mesh
v 0.14062500000000022 0.011101667405674084 0.2888659721569692
v 0.14062500000000022 0.07443824936964222 0.21974622183102002
v 0.14062500000000022 0.008797675728142447 0.28675475275817025
v 0.14062500000000022 0.07213425769211057 0.2176350024322211
v -0.015624999999999778 0.011101667405674084 0.2888659721569692
v -0.015624999999999778 0.07443824936964222 0.21974622183102002
v -0.015624999999999778 0.008797675728142447 0.28675475275817025
v -0.015624999999999778 0.07213425769211057 0.2176350024322211
vt 0.5625 0.46875
vt 0.5 0.46875
vt 0.5 0.4375
vt 0.5625 0.4375
vt 0.1875 0.375
vt 0.1875 0.40625
vt 0.125 0.40625
vt 0.125 0.375
vt 0 0.40625
vt 0.09375 0.40625
vt 0.09375 0.46875
vt 0 0.46875
vt 0.625 0.9375
vt 0.625 1
vt 0.53125 1
vt 0.53125 0.9375
vt 0.625 0.875
vt 0.625 0.90625
vt 0.53125 0.90625
vt 0.53125 0.875
vt 0.21875 0.46875
vt 0.125 0.46875
vt 0.125 0.4375
vt 0.21875 0.4375
vn 1 0 0
vn -1 0 0
vn 0 0.7372773368101242 0.6755902076156601
vn 0 -0.7372773368101242 -0.6755902076156601
vn 0 -0.6755902076156601 0.7372773368101242
vn 0 0.6755902076156601 -0.7372773368101242
usemtl m_ede1f5c5-55f8-8291-5e71-77e3daa0a758
f 1098/3113/779 1097/3114/779 1099/3115/779 1100/3116/779
f 1103/3117/780 1101/3118/780 1102/3119/780 1104/3120/780
f 1101/3121/781 1097/3122/781 1098/3123/781 1102/3124/781
f 1100/3125/782 1099/3126/782 1103/3127/782 1104/3128/782
f 1099/3129/783 1097/3130/783 1101/3131/783 1103/3132/783
f 1102/3133/784 1098/3134/784 1100/3135/784 1104/3136/784
o mesh
v 0.14062500000000022 0.072519802249576 0.22646542458488222
v 0.14062500000000022 0.07674224104717385 0.22185744122981899
v 0.14062500000000022 0.07021581057204435 0.2243542051860833
v 0.14062500000000022 0.07443824936964222 0.21974622183102002
v -0.015624999999999778 0.072519802249576 0.22646542458488222
v -0.015624999999999778 0.07674224104717385 0.22185744122981899
v -0.015624999999999778 0.07021581057204435 0.2243542051860833
v -0.015624999999999778 0.07443824936964222 0.21974622183102002
vt 0.34375 0.40625
vt 0.3125 0.40625
vt 0.3125 0.375
vt 0.34375 0.375
vt 0.40625 0.375
vt 0.40625 0.40625
vt 0.375 0.40625
vt 0.375 0.375
vt 0.53125 0.8125
vt 0.625 0.8125
vt 0.625 0.84375
vt 0.53125 0.84375
vt 0.625 0.75
vt 0.625 0.78125
vt 0.53125 0.78125
vt 0.53125 0.75
vt 0.34375 0.4375
vt 0.34375 0.46875
vt 0.25 0.46875
vt 0.25 0.4375
vt 0.625 0.71875
vt 0.53125 0.71875
vt 0.53125 0.6875
vt 0.625 0.6875
vn 1 0 0
vn -1 0 0
vn 0 0.7372773368101242 0.6755902076156601
vn 0 -0.7372773368101242 -0.6755902076156601
vn 0 -0.6755902076156601 0.7372773368101242
vn 0 0.6755902076156601 -0.7372773368101242
usemtl m_ede1f5c5-55f8-8291-5e71-77e3daa0a758
f 1106/3137/785 1105/3138/785 1107/3139/785 1108/3140/785
f 1111/3141/786 1109/3142/786 1110/3143/786 1112/3144/786
f 1109/3145/787 1105/3146/787 1106/3147/787 1110/3148/787
f 1108/3149/788 1107/3150/788 1111/3151/788 1112/3152/788
f 1107/3153/789 1105/3154/789 1109/3155/789 1111/3156/789
f 1110/3157/790 1106/3158/790 1108/3159/790 1112/3160/790
o mesh
v 0.14062500000000022 0.013405659083205748 0.29097719155576807
v 0.14062500000000022 0.017628097880803613 0.28636920820070483
v 0.14062500000000022 0.011101667405674108 0.28886597215696913
v 0.14062500000000022 0.01532410620327198 0.2842579888019059
v -0.015624999999999778 0.013405659083205748 0.29097719155576807
v -0.015624999999999778 0.017628097880803613 0.28636920820070483
v -0.015624999999999778 0.011101667405674108 0.28886597215696913
v -0.015624999999999778 0.01532410620327198 0.2842579888019059
vt 0.46875 0.40625
vt 0.4375 0.40625
vt 0.4375 0.375
vt 0.46875 0.375
vt 0.53125 0.375
vt 0.53125 0.40625
vt 0.5 0.40625
vt 0.5 0.375
vt 0.53125 0.625
vt 0.625 0.625
vt 0.625 0.65625
vt 0.53125 0.65625
vt 0.46875 0.4375
vt 0.46875 0.46875
vt 0.375 0.46875
vt 0.375 0.4375
vt 0.625 0.5625
vt 0.625 0.59375
vt 0.53125 0.59375
vt 0.53125 0.5625
vt 0.625 0.53125
vt 0.53125 0.53125
vt 0.53125 0.5
vt 0.625 0.5
vn 1 0 0
vn -1 0 0
vn 0 0.7372773368101242 0.6755902076156601
vn 0 -0.7372773368101242 -0.6755902076156601
vn 0 -0.6755902076156601 0.7372773368101242
vn 0 0.6755902076156601 -0.7372773368101242
usemtl m_ede1f5c5-55f8-8291-5e71-77e3daa0a758
f 1114/3161/791 1113/3162/791 1115/3163/791 1116/3164/791
f 1119/3165/792 1117/3166/792 1118/3167/792 1120/3168/792
f 1117/3169/793 1113/3170/793 1114/3171/793 1118/3172/793
f 1116/3173/794 1115/3174/794 1119/3175/794 1120/3176/794
f 1115/3177/795 1113/3178/795 1117/3179/795 1119/3180/795
f 1118/3181/796 1114/3182/796 1116/3183/796 1120/3184/796
o mesh
v -0.009374999999999786 0.01762809788080353 0.2863692082007049
v -0.009374999999999786 0.07251980224957591 0.2264654245848823
v -0.009374999999999786 0.01532410620327189 0.28425798880190595
v -0.009374999999999786 0.07021581057204428 0.22435420518608337
v -0.015624999999999778 0.01762809788080353 0.2863692082007049
v -0.015624999999999778 0.07251980224957591 0.2264654245848823
v -0.015624999999999778 0.01532410620327189 0.28425798880190595
v -0.015624999999999778 0.07021581057204428 0.22435420518608337
vt 0.625 0.46875
vt 0.59375 0.46875
vt 0.59375 0.4375
vt 0.625 0.4375
vt 0.59375 0.375
vt 0.59375 0.40625
vt 0.5625 0.40625
vt 0.5625 0.375
vt 0 0.34375
vt 0.03125 0.34375
vt 0.03125 0.375
vt 0 0.375
vt 0.09375 0.34375
vt 0.09375 0.375
vt 0.0625 0.375
vt 0.0625 0.34375
vt 0.65625 0.375
vt 0.65625 0.40625
vt 0.625 0.40625
vt 0.625 0.375
vt 0.6875 1
vt 0.65625 1
vt 0.65625 0.96875
vt 0.6875 0.96875
vn 1 0 0
vn -1 0 0
vn 0 0.7372773368101242 0.6755902076156601
vn 0 -0.7372773368101242 -0.6755902076156601
vn 0 -0.6755902076156601 0.7372773368101242
vn 0 0.6755902076156601 -0.7372773368101242
usemtl m_ede1f5c5-55f8-8291-5e71-77e3daa0a758
f 1122/3185/797 1121/3186/797 1123/3187/797 1124/3188/797
f 1127/3189/798 1125/3190/798 1126/3191/798 1128/3192/798
f 1125/3193/799 1121/3194/799 1122/3195/799 1126/3196/799
f 1124/3197/800 1123/3198/800 1127/3199/800 1128/3200/800
f 1123/3201/801 1121/3202/801 1125/3203/801 1127/3204/801
f 1126/3205/802 1122/3206/802 1124/3207/802 1128/3208/802
o mesh
v 0.1406249999999999 0.01762809788080353 0.2863692082007049
v 0.1406249999999999 0.07251980224957591 0.2264654245848823
v 0.1406249999999999 0.01532410620327189 0.28425798880190595
v 0.1406249999999999 0.07021581057204428 0.22435420518608337
v 0.1343749999999999 0.01762809788080353 0.2863692082007049
v 0.1343749999999999 0.07251980224957591 0.2264654245848823
v 0.1343749999999999 0.01532410620327189 0.28425798880190595
v 0.1343749999999999 0.07021581057204428 0.22435420518608337
vt 0.6875 0.9375
vt 0.65625 0.9375
vt 0.65625 0.90625
vt 0.6875 0.90625
vt 0.15625 0.3125
vt 0.15625 0.34375
vt 0.125 0.34375
vt 0.125 0.3125
vt 0.65625 0.84375
vt 0.6875 0.84375
vt 0.6875 0.875
vt 0.65625 0.875
vt 0.21875 0.3125
vt 0.21875 0.34375
vt 0.1875 0.34375
vt 0.1875 0.3125
vt 0.6875 0.78125
vt 0.6875 0.8125
vt 0.65625 0.8125
vt 0.65625 0.78125
vt 0.28125 0.34375
vt 0.25 0.34375
vt 0.25 0.3125
vt 0.28125 0.3125
vn 1 0 0
vn -1 0 0
vn 0 0.7372773368101242 0.6755902076156601
vn 0 -0.7372773368101242 -0.6755902076156601
vn 0 -0.6755902076156601 0.7372773368101242
vn 0 0.6755902076156601 -0.7372773368101242
usemtl m_ede1f5c5-55f8-8291-5e71-77e3daa0a758
f 1130/3209/803 1129/3210/803 1131/3211/803 1132/3212/803
f 1135/3213/804 1133/3214/804 1134/3215/804 1136/3216/804
f 1133/3217/805 1129/3218/805 1130/3219/805 1134/3220/805
f 1132/3221/806 1131/3222/806 1135/3223/806 1136/3224/806
f 1131/3225/807 1129/3226/807 1133/3227/807 1135/3228/807
f 1134/3229/808 1130/3230/808 1132/3231/808 1136/3232/808
o mesh
v 0.06875000000000023 0.04062045955083649 0.2568717782692907
v 0.06875000000000023 0.04089308072186984 0.2506277268844041
v 0.06875000000000023 -0.0015268872971481266 0.25503158536481557
v 0.06875000000000023 -0.0012542661261147788 0.24878753397992898
v 0.05625000000000022 0.04062045955083649 0.2568717782692907
v 0.05625000000000022 0.04089308072186984 0.2506277268844041
v 0.05625000000000022 -0.0015268872971481266 0.25503158536481557
v 0.05625000000000022 -0.0012542661261147788 0.24878753397992898
vt 0.6875 0.75
vt 0.65625 0.75
vt 0.65625 0.71875
vt 0.6875 0.71875
vt 0.34375 0.3125
vt 0.34375 0.34375
vt 0.3125 0.34375
vt 0.3125 0.3125
vt 0.65625 0.65625
vt 0.6875 0.65625
vt 0.6875 0.6875
vt 0.65625 0.6875
vt 0.40625 0.3125
vt 0.40625 0.34375
vt 0.375 0.34375
vt 0.375 0.3125
vt 0.6875 0.59375
vt 0.6875 0.625
vt 0.65625 0.625
vt 0.65625 0.59375
vt 0.46875 0.34375
vt 0.4375 0.34375
vt 0.4375 0.3125
vt 0.46875 0.3125
vn 1 0 0
vn -1 0 0
vn 0 0.9990482215818579 0.04361938736533588
vn 0 -0.9990482215818579 -0.04361938736533588
vn 0 -0.04361938736533588 0.9990482215818579
vn 0 0.04361938736533588 -0.9990482215818579
usemtl m_ede1f5c5-55f8-8291-5e71-77e3daa0a758
f 1138/3233/809 1137/3234/809 1139/3235/809 1140/3236/809
f 1143/3237/810 1141/3238/810 1142/3239/810 1144/3240/810
f 1141/3241/811 1137/3242/811 1138/3243/811 1142/3244/811
f 1140/3245/812 1139/3246/812 1143/3247/812 1144/3248/812
f 1139/3249/813 1137/3250/813 1141/3251/813 1143/3252/813
f 1142/3253/814 1138/3254/814 1140/3255/814 1144/3256/814
o plane
v 0.13437500000000022 0.016476102042037772 0.2853135985013054
v 0.13437500000000022 0.07136780641081016 0.22540981488548278
v -0.009374999999999772 0.016476102042037772 0.2853135985013054
v -0.009374999999999772 0.07136780641081016 0.22540981488548278
vt 0.3125 0.34375
vt 0.3125 0.40625
vt 0.21875 0.40625
vt 0.21875 0.34375
vn 0 0.7372773368101242 0.6755902076156601
usemtl m_ede1f5c5-55f8-8291-5e71-77e3daa0a758
f 1145/3257/815 1146/3258/815 1148/3259/815 1147/3260/815
o mesh
v 0.2968750000000002 0.011101667405674084 0.2888659721569692
v 0.2968750000000002 0.07443824936964222 0.21974622183102002
v 0.2968750000000002 0.008797675728142447 0.28675475275817025
v 0.2968750000000002 0.07213425769211057 0.2176350024322211
v 0.14062500000000022 0.011101667405674084 0.2888659721569692
v 0.14062500000000022 0.07443824936964222 0.21974622183102002
v 0.14062500000000022 0.008797675728142447 0.28675475275817025
v 0.14062500000000022 0.07213425769211057 0.2176350024322211
vt 0.5625 0.46875
vt 0.5 0.46875
vt 0.5 0.4375
vt 0.5625 0.4375
vt 0.1875 0.375
vt 0.1875 0.40625
vt 0.125 0.40625
vt 0.125 0.375
vt 0 0.40625
vt 0.09375 0.40625
vt 0.09375 0.46875
vt 0 0.46875
vt 0.625 0.9375
vt 0.625 1
vt 0.53125 1
vt 0.53125 0.9375
vt 0.625 0.875
vt 0.625 0.90625
vt 0.53125 0.90625
vt 0.53125 0.875
vt 0.21875 0.46875
vt 0.125 0.46875
vt 0.125 0.4375
vt 0.21875 0.4375
vn 1 0 0
vn -1 0 0
vn 0 0.7372773368101242 0.6755902076156601
vn 0 -0.7372773368101242 -0.6755902076156601
vn 0 -0.6755902076156601 0.7372773368101242
vn 0 0.6755902076156601 -0.7372773368101242
usemtl m_ede1f5c5-55f8-8291-5e71-77e3daa0a758
f 1150/3261/816 1149/3262/816 1151/3263/816 1152/3264/816
f 1155/3265/817 1153/3266/817 1154/3267/817 1156/3268/817
f 1153/3269/818 1149/3270/818 1150/3271/818 1154/3272/818
f 1152/3273/819 1151/3274/819 1155/3275/819 1156/3276/819
f 1151/3277/820 1149/3278/820 1153/3279/820 1155/3280/820
f 1154/3281/821 1150/3282/821 1152/3283/821 1156/3284/821
o mesh
v 0.2968750000000002 0.072519802249576 0.22646542458488222
v 0.2968750000000002 0.07674224104717385 0.22185744122981899
v 0.2968750000000002 0.07021581057204435 0.2243542051860833
v 0.2968750000000002 0.07443824936964222 0.21974622183102002
v 0.14062500000000022 0.072519802249576 0.22646542458488222
v 0.14062500000000022 0.07674224104717385 0.22185744122981899
v 0.14062500000000022 0.07021581057204435 0.2243542051860833
v 0.14062500000000022 0.07443824936964222 0.21974622183102002
vt 0.34375 0.40625
vt 0.3125 0.40625
vt 0.3125 0.375
vt 0.34375 0.375
vt 0.40625 0.375
vt 0.40625 0.40625
vt 0.375 0.40625
vt 0.375 0.375
vt 0.53125 0.8125
vt 0.625 0.8125
vt 0.625 0.84375
vt 0.53125 0.84375
vt 0.625 0.75
vt 0.625 0.78125
vt 0.53125 0.78125
vt 0.53125 0.75
vt 0.34375 0.4375
vt 0.34375 0.46875
vt 0.25 0.46875
vt 0.25 0.4375
vt 0.625 0.71875
vt 0.53125 0.71875
vt 0.53125 0.6875
vt 0.625 0.6875
vn 1 0 0
vn -1 0 0
vn 0 0.7372773368101242 0.6755902076156601
vn 0 -0.7372773368101242 -0.6755902076156601
vn 0 -0.6755902076156601 0.7372773368101242
vn 0 0.6755902076156601 -0.7372773368101242
usemtl m_ede1f5c5-55f8-8291-5e71-77e3daa0a758
f 1158/3285/822 1157/3286/822 1159/3287/822 1160/3288/822
f 1163/3289/823 1161/3290/823 1162/3291/823 1164/3292/823
f 1161/3293/824 1157/3294/824 1158/3295/824 1162/3296/824
f 1160/3297/825 1159/3298/825 1163/3299/825 1164/3300/825
f 1159/3301/826 1157/3302/826 1161/3303/826 1163/3304/826
f 1162/3305/827 1158/3306/827 1160/3307/827 1164/3308/827
o mesh
v 0.2968750000000002 0.013405659083205748 0.29097719155576807
v 0.2968750000000002 0.017628097880803613 0.28636920820070483
v 0.2968750000000002 0.011101667405674108 0.28886597215696913
v 0.2968750000000002 0.01532410620327198 0.2842579888019059
v 0.14062500000000022 0.013405659083205748 0.29097719155576807
v 0.14062500000000022 0.017628097880803613 0.28636920820070483
v 0.14062500000000022 0.011101667405674108 0.28886597215696913
v 0.14062500000000022 0.01532410620327198 0.2842579888019059
vt 0.46875 0.40625
vt 0.4375 0.40625
vt 0.4375 0.375
vt 0.46875 0.375
vt 0.53125 0.375
vt 0.53125 0.40625
vt 0.5 0.40625
vt 0.5 0.375
vt 0.53125 0.625
vt 0.625 0.625
vt 0.625 0.65625
vt 0.53125 0.65625
vt 0.46875 0.4375
vt 0.46875 0.46875
vt 0.375 0.46875
vt 0.375 0.4375
vt 0.625 0.5625
vt 0.625 0.59375
vt 0.53125 0.59375
vt 0.53125 0.5625
vt 0.625 0.53125
vt 0.53125 0.53125
vt 0.53125 0.5
vt 0.625 0.5
vn 1 0 0
vn -1 0 0
vn 0 0.7372773368101242 0.6755902076156601
vn 0 -0.7372773368101242 -0.6755902076156601
vn 0 -0.6755902076156601 0.7372773368101242
vn 0 0.6755902076156601 -0.7372773368101242
usemtl m_ede1f5c5-55f8-8291-5e71-77e3daa0a758
f 1166/3309/828 1165/3310/828 1167/3311/828 1168/3312/828
f 1171/3313/829 1169/3314/829 1170/3315/829 1172/3316/829
f 1169/3317/830 1165/3318/830 1166/3319/830 1170/3320/830
f 1168/3321/831 1167/3322/831 1171/3323/831 1172/3324/831
f 1167/3325/832 1165/3326/832 1169/3327/832 1171/3328/832
f 1170/3329/833 1166/3330/833 1168/3331/833 1172/3332/833
o mesh
v 0.1468750000000002 0.01762809788080353 0.2863692082007049
v 0.1468750000000002 0.07251980224957591 0.2264654245848823
v 0.1468750000000002 0.01532410620327189 0.28425798880190595
v 0.1468750000000002 0.07021581057204428 0.22435420518608337
v 0.14062500000000022 0.01762809788080353 0.2863692082007049
v 0.14062500000000022 0.07251980224957591 0.2264654245848823
v 0.14062500000000022 0.01532410620327189 0.28425798880190595
v 0.14062500000000022 0.07021581057204428 0.22435420518608337
vt 0.625 0.46875
vt 0.59375 0.46875
vt 0.59375 0.4375
vt 0.625 0.4375
vt 0.59375 0.375
vt 0.59375 0.40625
vt 0.5625 0.40625
vt 0.5625 0.375
vt 0 0.34375
vt 0.03125 0.34375
vt 0.03125 0.375
vt 0 0.375
vt 0.09375 0.34375
vt 0.09375 0.375
vt 0.0625 0.375
vt 0.0625 0.34375
vt 0.65625 0.375
vt 0.65625 0.40625
vt 0.625 0.40625
vt 0.625 0.375
vt 0.6875 1
vt 0.65625 1
vt 0.65625 0.96875
vt 0.6875 0.96875
vn 1 0 0
vn -1 0 0
vn 0 0.7372773368101242 0.6755902076156601
vn 0 -0.7372773368101242 -0.6755902076156601
vn 0 -0.6755902076156601 0.7372773368101242
vn 0 0.6755902076156601 -0.7372773368101242
usemtl m_ede1f5c5-55f8-8291-5e71-77e3daa0a758
f 1174/3333/834 1173/3334/834 1175/3335/834 1176/3336/834
f 1179/3337/835 1177/3338/835 1178/3339/835 1180/3340/835
f 1177/3341/836 1173/3342/836 1174/3343/836 1178/3344/836
f 1176/3345/837 1175/3346/837 1179/3347/837 1180/3348/837
f 1175/3349/838 1173/3350/838 1177/3351/838 1179/3352/838
f 1178/3353/839 1174/3354/839 1176/3355/839 1180/3356/839
o mesh
v 0.2968749999999999 0.01762809788080353 0.2863692082007049
v 0.2968749999999999 0.07251980224957591 0.2264654245848823
v 0.2968749999999999 0.01532410620327189 0.28425798880190595
v 0.2968749999999999 0.07021581057204428 0.22435420518608337
v 0.2906249999999999 0.01762809788080353 0.2863692082007049
v 0.2906249999999999 0.07251980224957591 0.2264654245848823
v 0.2906249999999999 0.01532410620327189 0.28425798880190595
v 0.2906249999999999 0.07021581057204428 0.22435420518608337
vt 0.6875 0.9375
vt 0.65625 0.9375
vt 0.65625 0.90625
vt 0.6875 0.90625
vt 0.15625 0.3125
vt 0.15625 0.34375
vt 0.125 0.34375
vt 0.125 0.3125
vt 0.65625 0.84375
vt 0.6875 0.84375
vt 0.6875 0.875
vt 0.65625 0.875
vt 0.21875 0.3125
vt 0.21875 0.34375
vt 0.1875 0.34375
vt 0.1875 0.3125
vt 0.6875 0.78125
vt 0.6875 0.8125
vt 0.65625 0.8125
vt 0.65625 0.78125
vt 0.28125 0.34375
vt 0.25 0.34375
vt 0.25 0.3125
vt 0.28125 0.3125
vn 1 0 0
vn -1 0 0
vn 0 0.7372773368101242 0.6755902076156601
vn 0 -0.7372773368101242 -0.6755902076156601
vn 0 -0.6755902076156601 0.7372773368101242
vn 0 0.6755902076156601 -0.7372773368101242
usemtl m_ede1f5c5-55f8-8291-5e71-77e3daa0a758
f 1182/3357/840 1181/3358/840 1183/3359/840 1184/3360/840
f 1187/3361/841 1185/3362/841 1186/3363/841 1188/3364/841
f 1185/3365/842 1181/3366/842 1182/3367/842 1186/3368/842
f 1184/3369/843 1183/3370/843 1187/3371/843 1188/3372/843
f 1183/3373/844 1181/3374/844 1185/3375/844 1187/3376/844
f 1186/3377/845 1182/3378/845 1184/3379/845 1188/3380/845
o mesh
v 0.22500000000000023 0.04062045955083649 0.2568717782692907
v 0.22500000000000023 0.04089308072186984 0.2506277268844041
v 0.22500000000000023 -0.0015268872971481266 0.25503158536481557
v 0.22500000000000023 -0.0012542661261147788 0.24878753397992898
v 0.21250000000000022 0.04062045955083649 0.2568717782692907
v 0.21250000000000022 0.04089308072186984 0.2506277268844041
v 0.21250000000000022 -0.0015268872971481266 0.25503158536481557
v 0.21250000000000022 -0.0012542661261147788 0.24878753397992898
vt 0.6875 0.75
vt 0.65625 0.75
vt 0.65625 0.71875
vt 0.6875 0.71875
vt 0.34375 0.3125
vt 0.34375 0.34375
vt 0.3125 0.34375
vt 0.3125 0.3125
vt 0.65625 0.65625
vt 0.6875 0.65625
vt 0.6875 0.6875
vt 0.65625 0.6875
vt 0.40625 0.3125
vt 0.40625 0.34375
vt 0.375 0.34375
vt 0.375 0.3125
vt 0.6875 0.59375
vt 0.6875 0.625
vt 0.65625 0.625
vt 0.65625 0.59375
vt 0.46875 0.34375
vt 0.4375 0.34375
vt 0.4375 0.3125
vt 0.46875 0.3125
vn 1 0 0
vn -1 0 0
vn 0 0.9990482215818579 0.04361938736533588
vn 0 -0.9990482215818579 -0.04361938736533588
vn 0 -0.04361938736533588 0.9990482215818579
vn 0 0.04361938736533588 -0.9990482215818579
usemtl m_ede1f5c5-55f8-8291-5e71-77e3daa0a758
f 1190/3381/846 1189/3382/846 1191/3383/846 1192/3384/846
f 1195/3385/847 1193/3386/847 1194/3387/847 1196/3388/847
f 1193/3389/848 1189/3390/848 1190/3391/848 1194/3392/848
f 1192/3393/849 1191/3394/849 1195/3395/849 1196/3396/849
f 1191/3397/850 1189/3398/850 1193/3399/850 1195/3400/850
f 1194/3401/851 1190/3402/851 1192/3403/851 1196/3404/851
o plane
v 0.29062500000000024 0.016476102042037772 0.2853135985013054
v 0.29062500000000024 0.07136780641081016 0.22540981488548278
v 0.14687500000000023 0.016476102042037772 0.2853135985013054
v 0.14687500000000023 0.07136780641081016 0.22540981488548278
vt 0.3125 0.34375
vt 0.3125 0.40625
vt 0.21875 0.40625
vt 0.21875 0.34375
vn 0 0.7372773368101242 0.6755902076156601
usemtl m_ede1f5c5-55f8-8291-5e71-77e3daa0a758
f 1197/3405/852 1198/3406/852 1200/3407/852 1199/3408/852
o mesh
v 0.4531250000000002 0.011101667405674084 0.2888659721569692
v 0.4531250000000002 0.07443824936964222 0.21974622183102002
v 0.4531250000000002 0.008797675728142447 0.28675475275817025
v 0.4531250000000002 0.07213425769211057 0.2176350024322211
v 0.2968750000000002 0.011101667405674084 0.2888659721569692
v 0.2968750000000002 0.07443824936964222 0.21974622183102002
v 0.2968750000000002 0.008797675728142447 0.28675475275817025
v 0.2968750000000002 0.07213425769211057 0.2176350024322211
vt 0.5625 0.46875
vt 0.5 0.46875
vt 0.5 0.4375
vt 0.5625 0.4375
vt 0.1875 0.375
vt 0.1875 0.40625
vt 0.125 0.40625
vt 0.125 0.375
vt 0 0.40625
vt 0.09375 0.40625
vt 0.09375 0.46875
vt 0 0.46875
vt 0.625 0.9375
vt 0.625 1
vt 0.53125 1
vt 0.53125 0.9375
vt 0.625 0.875
vt 0.625 0.90625
vt 0.53125 0.90625
vt 0.53125 0.875
vt 0.21875 0.46875
vt 0.125 0.46875
vt 0.125 0.4375
vt 0.21875 0.4375
vn 1 0 0
vn -1 0 0
vn 0 0.7372773368101242 0.6755902076156601
vn 0 -0.7372773368101242 -0.6755902076156601
vn 0 -0.6755902076156601 0.7372773368101242
vn 0 0.6755902076156601 -0.7372773368101242
usemtl m_ede1f5c5-55f8-8291-5e71-77e3daa0a758
f 1202/3409/853 1201/3410/853 1203/3411/853 1204/3412/853
f 1207/3413/854 1205/3414/854 1206/3415/854 1208/3416/854
f 1205/3417/855 1201/3418/855 1202/3419/855 1206/3420/855
f 1204/3421/856 1203/3422/856 1207/3423/856 1208/3424/856
f 1203/3425/857 1201/3426/857 1205/3427/857 1207/3428/857
f 1206/3429/858 1202/3430/858 1204/3431/858 1208/3432/858
o mesh
v 0.4531250000000002 0.072519802249576 0.22646542458488222
v 0.4531250000000002 0.07674224104717385 0.22185744122981899
v 0.4531250000000002 0.07021581057204435 0.2243542051860833
v 0.4531250000000002 0.07443824936964222 0.21974622183102002
v 0.2968750000000002 0.072519802249576 0.22646542458488222
v 0.2968750000000002 0.07674224104717385 0.22185744122981899
v 0.2968750000000002 0.07021581057204435 0.2243542051860833
v 0.2968750000000002 0.07443824936964222 0.21974622183102002
vt 0.34375 0.40625
vt 0.3125 0.40625
vt 0.3125 0.375
vt 0.34375 0.375
vt 0.40625 0.375
vt 0.40625 0.40625
vt 0.375 0.40625
vt 0.375 0.375
vt 0.53125 0.8125
vt 0.625 0.8125
vt 0.625 0.84375
vt 0.53125 0.84375
vt 0.625 0.75
vt 0.625 0.78125
vt 0.53125 0.78125
vt 0.53125 0.75
vt 0.34375 0.4375
vt 0.34375 0.46875
vt 0.25 0.46875
vt 0.25 0.4375
vt 0.625 0.71875
vt 0.53125 0.71875
vt 0.53125 0.6875
vt 0.625 0.6875
vn 1 0 0
vn -1 0 0
vn 0 0.7372773368101242 0.6755902076156601
vn 0 -0.7372773368101242 -0.6755902076156601
vn 0 -0.6755902076156601 0.7372773368101242
vn 0 0.6755902076156601 -0.7372773368101242
usemtl m_ede1f5c5-55f8-8291-5e71-77e3daa0a758
f 1210/3433/859 1209/3434/859 1211/3435/859 1212/3436/859
f 1215/3437/860 1213/3438/860 1214/3439/860 1216/3440/860
f 1213/3441/861 1209/3442/861 1210/3443/861 1214/3444/861
f 1212/3445/862 1211/3446/862 1215/3447/862 1216/3448/862
f 1211/3449/863 1209/3450/863 1213/3451/863 1215/3452/863
f 1214/3453/864 1210/3454/864 1212/3455/864 1216/3456/864
o mesh
v 0.4531250000000002 0.013405659083205748 0.29097719155576807
v 0.4531250000000002 0.017628097880803613 0.28636920820070483
v 0.4531250000000002 0.011101667405674108 0.28886597215696913
v 0.4531250000000002 0.01532410620327198 0.2842579888019059
v 0.2968750000000002 0.013405659083205748 0.29097719155576807
v 0.2968750000000002 0.017628097880803613 0.28636920820070483
v 0.2968750000000002 0.011101667405674108 0.28886597215696913
v 0.2968750000000002 0.01532410620327198 0.2842579888019059
vt 0.46875 0.40625
vt 0.4375 0.40625
vt 0.4375 0.375
vt 0.46875 0.375
vt 0.53125 0.375
vt 0.53125 0.40625
vt 0.5 0.40625
vt 0.5 0.375
vt 0.53125 0.625
vt 0.625 0.625
vt 0.625 0.65625
vt 0.53125 0.65625
vt 0.46875 0.4375
vt 0.46875 0.46875
vt 0.375 0.46875
vt 0.375 0.4375
vt 0.625 0.5625
vt 0.625 0.59375
vt 0.53125 0.59375
vt 0.53125 0.5625
vt 0.625 0.53125
vt 0.53125 0.53125
vt 0.53125 0.5
vt 0.625 0.5
vn 1 0 0
vn -1 0 0
vn 0 0.7372773368101242 0.6755902076156601
vn 0 -0.7372773368101242 -0.6755902076156601
vn 0 -0.6755902076156601 0.7372773368101242
vn 0 0.6755902076156601 -0.7372773368101242
usemtl m_ede1f5c5-55f8-8291-5e71-77e3daa0a758
f 1218/3457/865 1217/3458/865 1219/3459/865 1220/3460/865
f 1223/3461/866 1221/3462/866 1222/3463/866 1224/3464/866
f 1221/3465/867 1217/3466/867 1218/3467/867 1222/3468/867
f 1220/3469/868 1219/3470/868 1223/3471/868 1224/3472/868
f 1219/3473/869 1217/3474/869 1221/3475/869 1223/3476/869
f 1222/3477/870 1218/3478/870 1220/3479/870 1224/3480/870
o mesh
v 0.3031250000000002 0.01762809788080353 0.2863692082007049
v 0.3031250000000002 0.07251980224957591 0.2264654245848823
v 0.3031250000000002 0.01532410620327189 0.28425798880190595
v 0.3031250000000002 0.07021581057204428 0.22435420518608337
v 0.2968750000000002 0.01762809788080353 0.2863692082007049
v 0.2968750000000002 0.07251980224957591 0.2264654245848823
v 0.2968750000000002 0.01532410620327189 0.28425798880190595
v 0.2968750000000002 0.07021581057204428 0.22435420518608337
vt 0.625 0.46875
vt 0.59375 0.46875
vt 0.59375 0.4375
vt 0.625 0.4375
vt 0.59375 0.375
vt 0.59375 0.40625
vt 0.5625 0.40625
vt 0.5625 0.375
vt 0 0.34375
vt 0.03125 0.34375
vt 0.03125 0.375
vt 0 0.375
vt 0.09375 0.34375
vt 0.09375 0.375
vt 0.0625 0.375
vt 0.0625 0.34375
vt 0.65625 0.375
vt 0.65625 0.40625
vt 0.625 0.40625
vt 0.625 0.375
vt 0.6875 1
vt 0.65625 1
vt 0.65625 0.96875
vt 0.6875 0.96875
vn 1 0 0
vn -1 0 0
vn 0 0.7372773368101242 0.6755902076156601
vn 0 -0.7372773368101242 -0.6755902076156601
vn 0 -0.6755902076156601 0.7372773368101242
vn 0 0.6755902076156601 -0.7372773368101242
usemtl m_ede1f5c5-55f8-8291-5e71-77e3daa0a758
f 1226/3481/871 1225/3482/871 1227/3483/871 1228/3484/871
f 1231/3485/872 1229/3486/872 1230/3487/872 1232/3488/872
f 1229/3489/873 1225/3490/873 1226/3491/873 1230/3492/873
f 1228/3493/874 1227/3494/874 1231/3495/874 1232/3496/874
f 1227/3497/875 1225/3498/875 1229/3499/875 1231/3500/875
f 1230/3501/876 1226/3502/876 1228/3503/876 1232/3504/876
o mesh
v 0.4531249999999999 0.01762809788080353 0.2863692082007049
v 0.4531249999999999 0.07251980224957591 0.2264654245848823
v 0.4531249999999999 0.01532410620327189 0.28425798880190595
v 0.4531249999999999 0.07021581057204428 0.22435420518608337
v 0.4468749999999999 0.01762809788080353 0.2863692082007049
v 0.4468749999999999 0.07251980224957591 0.2264654245848823
v 0.4468749999999999 0.01532410620327189 0.28425798880190595
v 0.4468749999999999 0.07021581057204428 0.22435420518608337
vt 0.6875 0.9375
vt 0.65625 0.9375
vt 0.65625 0.90625
vt 0.6875 0.90625
vt 0.15625 0.3125
vt 0.15625 0.34375
vt 0.125 0.34375
vt 0.125 0.3125
vt 0.65625 0.84375
vt 0.6875 0.84375
vt 0.6875 0.875
vt 0.65625 0.875
vt 0.21875 0.3125
vt 0.21875 0.34375
vt 0.1875 0.34375
vt 0.1875 0.3125
vt 0.6875 0.78125
vt 0.6875 0.8125
vt 0.65625 0.8125
vt 0.65625 0.78125
vt 0.28125 0.34375
vt 0.25 0.34375
vt 0.25 0.3125
vt 0.28125 0.3125
vn 1 0 0
vn -1 0 0
vn 0 0.7372773368101242 0.6755902076156601
vn 0 -0.7372773368101242 -0.6755902076156601
vn 0 -0.6755902076156601 0.7372773368101242
vn 0 0.6755902076156601 -0.7372773368101242
usemtl m_ede1f5c5-55f8-8291-5e71-77e3daa0a758
f 1234/3505/877 1233/3506/877 1235/3507/877 1236/3508/877
f 1239/3509/878 1237/3510/878 1238/3511/878 1240/3512/878
f 1237/3513/879 1233/3514/879 1234/3515/879 1238/3516/879
f 1236/3517/880 1235/3518/880 1239/3519/880 1240/3520/880
f 1235/3521/881 1233/3522/881 1237/3523/881 1239/3524/881
f 1238/3525/882 1234/3526/882 1236/3527/882 1240/3528/882
o mesh
v 0.3812500000000002 0.04062045955083649 0.2568717782692907
v 0.3812500000000002 0.04089308072186984 0.2506277268844041
v 0.3812500000000002 -0.0015268872971481266 0.25503158536481557
v 0.3812500000000002 -0.0012542661261147788 0.24878753397992898
v 0.36875000000000024 0.04062045955083649 0.2568717782692907
v 0.36875000000000024 0.04089308072186984 0.2506277268844041
v 0.36875000000000024 -0.0015268872971481266 0.25503158536481557
v 0.36875000000000024 -0.0012542661261147788 0.24878753397992898
vt 0.6875 0.75
vt 0.65625 0.75
vt 0.65625 0.71875
vt 0.6875 0.71875
vt 0.34375 0.3125
vt 0.34375 0.34375
vt 0.3125 0.34375
vt 0.3125 0.3125
vt 0.65625 0.65625
vt 0.6875 0.65625
vt 0.6875 0.6875
vt 0.65625 0.6875
vt 0.40625 0.3125
vt 0.40625 0.34375
vt 0.375 0.34375
vt 0.375 0.3125
vt 0.6875 0.59375
vt 0.6875 0.625
vt 0.65625 0.625
vt 0.65625 0.59375
vt 0.46875 0.34375
vt 0.4375 0.34375
vt 0.4375 0.3125
vt 0.46875 0.3125
vn 1 0 0
vn -1 0 0
vn 0 0.9990482215818579 0.04361938736533588
vn 0 -0.9990482215818579 -0.04361938736533588
vn 0 -0.04361938736533588 0.9990482215818579
vn 0 0.04361938736533588 -0.9990482215818579
usemtl m_ede1f5c5-55f8-8291-5e71-77e3daa0a758
f 1242/3529/883 1241/3530/883 1243/3531/883 1244/3532/883
f 1247/3533/884 1245/3534/884 1246/3535/884 1248/3536/884
f 1245/3537/885 1241/3538/885 1242/3539/885 1246/3540/885
f 1244/3541/886 1243/3542/886 1247/3543/886 1248/3544/886
f 1243/3545/887 1241/3546/887 1245/3547/887 1247/3548/887
f 1246/3549/888 1242/3550/888 1244/3551/888 1248/3552/888
o plane
v 0.44687500000000024 0.016476102042037772 0.2853135985013054
v 0.44687500000000024 0.07136780641081016 0.22540981488548278
v 0.3031250000000002 0.016476102042037772 0.2853135985013054
v 0.3031250000000002 0.07136780641081016 0.22540981488548278
vt 0.3125 0.34375
vt 0.3125 0.40625
vt 0.21875 0.40625
vt 0.21875 0.34375
vn 0 0.7372773368101242 0.6755902076156601
usemtl m_ede1f5c5-55f8-8291-5e71-77e3daa0a758
f 1249/3553/889 1250/3554/889 1252/3555/889 1251/3556/889
o mesh
v -0.3281249999999998 0.011101667405674084 0.1013659721569691
v -0.3281249999999998 0.07443824936964222 0.03224622183101997
v -0.3281249999999998 0.008797675728142447 0.09925475275817017
v -0.3281249999999998 0.07213425769211057 0.030135002432221024
v -0.4843749999999998 0.011101667405674084 0.1013659721569691
v -0.4843749999999998 0.07443824936964222 0.03224622183101997
v -0.4843749999999998 0.008797675728142447 0.09925475275817017
v -0.4843749999999998 0.07213425769211057 0.030135002432221024
vt 0.5625 0.46875
vt 0.5 0.46875
vt 0.5 0.4375
vt 0.5625 0.4375
vt 0.1875 0.375
vt 0.1875 0.40625
vt 0.125 0.40625
vt 0.125 0.375
vt 0 0.40625
vt 0.09375 0.40625
vt 0.09375 0.46875
vt 0 0.46875
vt 0.625 0.9375
vt 0.625 1
vt 0.53125 1
vt 0.53125 0.9375
vt 0.625 0.875
vt 0.625 0.90625
vt 0.53125 0.90625
vt 0.53125 0.875
vt 0.21875 0.46875
vt 0.125 0.46875
vt 0.125 0.4375
vt 0.21875 0.4375
vn 1 0 0
vn -1 0 0
vn 0 0.7372773368101242 0.6755902076156601
vn 0 -0.7372773368101242 -0.6755902076156601
vn 0 -0.6755902076156601 0.7372773368101242
vn 0 0.6755902076156601 -0.7372773368101242
usemtl m_ede1f5c5-55f8-8291-5e71-77e3daa0a758
f 1254/3557/890 1253/3558/890 1255/3559/890 1256/3560/890
f 1259/3561/891 1257/3562/891 1258/3563/891 1260/3564/891
f 1257/3565/892 1253/3566/892 1254/3567/892 1258/3568/892
f 1256/3569/893 1255/3570/893 1259/3571/893 1260/3572/893
f 1255/3573/894 1253/3574/894 1257/3575/894 1259/3576/894
f 1258/3577/895 1254/3578/895 1256/3579/895 1260/3580/895
o mesh
v -0.3281249999999998 0.072519802249576 0.03896542458488217
v -0.3281249999999998 0.07674224104717385 0.0343574412298189
v -0.3281249999999998 0.07021581057204435 0.03685420518608323
v -0.3281249999999998 0.07443824936964222 0.03224622183101997
v -0.4843749999999998 0.072519802249576 0.03896542458488217
v -0.4843749999999998 0.07674224104717385 0.0343574412298189
v -0.4843749999999998 0.07021581057204435 0.03685420518608323
v -0.4843749999999998 0.07443824936964222 0.03224622183101997
vt 0.34375 0.40625
vt 0.3125 0.40625
vt 0.3125 0.375
vt 0.34375 0.375
vt 0.40625 0.375
vt 0.40625 0.40625
vt 0.375 0.40625
vt 0.375 0.375
vt 0.53125 0.8125
vt 0.625 0.8125
vt 0.625 0.84375
vt 0.53125 0.84375
vt 0.625 0.75
vt 0.625 0.78125
vt 0.53125 0.78125
vt 0.53125 0.75
vt 0.34375 0.4375
vt 0.34375 0.46875
vt 0.25 0.46875
vt 0.25 0.4375
vt 0.625 0.71875
vt 0.53125 0.71875
vt 0.53125 0.6875
vt 0.625 0.6875
vn 1 0 0
vn -1 0 0
vn 0 0.7372773368101242 0.6755902076156601
vn 0 -0.7372773368101242 -0.6755902076156601
vn 0 -0.6755902076156601 0.7372773368101242
vn 0 0.6755902076156601 -0.7372773368101242
usemtl m_ede1f5c5-55f8-8291-5e71-77e3daa0a758
f 1262/3581/896 1261/3582/896 1263/3583/896 1264/3584/896
f 1267/3585/897 1265/3586/897 1266/3587/897 1268/3588/897
f 1265/3589/898 1261/3590/898 1262/3591/898 1266/3592/898
f 1264/3593/899 1263/3594/899 1267/3595/899 1268/3596/899
f 1263/3597/900 1261/3598/900 1265/3599/900 1267/3600/900
f 1266/3601/901 1262/3602/901 1264/3603/901 1268/3604/901
o mesh
v -0.3281249999999998 0.013405659083205748 0.10347719155576801
v -0.3281249999999998 0.017628097880803613 0.09886920820070474
v -0.3281249999999998 0.011101667405674108 0.10136597215696908
v -0.3281249999999998 0.01532410620327198 0.09675798880190581
v -0.4843749999999998 0.013405659083205748 0.10347719155576801
v -0.4843749999999998 0.017628097880803613 0.09886920820070474
v -0.4843749999999998 0.011101667405674108 0.10136597215696908
v -0.4843749999999998 0.01532410620327198 0.09675798880190581
vt 0.46875 0.40625
vt 0.4375 0.40625
vt 0.4375 0.375
vt 0.46875 0.375
vt 0.53125 0.375
vt 0.53125 0.40625
vt 0.5 0.40625
vt 0.5 0.375
vt 0.53125 0.625
vt 0.625 0.625
vt 0.625 0.65625
vt 0.53125 0.65625
vt 0.46875 0.4375
vt 0.46875 0.46875
vt 0.375 0.46875
vt 0.375 0.4375
vt 0.625 0.5625
vt 0.625 0.59375
vt 0.53125 0.59375
vt 0.53125 0.5625
vt 0.625 0.53125
vt 0.53125 0.53125
vt 0.53125 0.5
vt 0.625 0.5
vn 1 0 0
vn -1 0 0
vn 0 0.7372773368101242 0.6755902076156601
vn 0 -0.7372773368101242 -0.6755902076156601
vn 0 -0.6755902076156601 0.7372773368101242
vn 0 0.6755902076156601 -0.7372773368101242
usemtl m_ede1f5c5-55f8-8291-5e71-77e3daa0a758
f 1270/3605/902 1269/3606/902 1271/3607/902 1272/3608/902
f 1275/3609/903 1273/3610/903 1274/3611/903 1276/3612/903
f 1273/3613/904 1269/3614/904 1270/3615/904 1274/3616/904
f 1272/3617/905 1271/3618/905 1275/3619/905 1276/3620/905
f 1271/3621/906 1269/3622/906 1273/3623/906 1275/3624/906
f 1274/3625/907 1270/3626/907 1272/3627/907 1276/3628/907
o mesh
v -0.4781249999999998 0.01762809788080353 0.09886920820070484
v -0.4781249999999998 0.07251980224957591 0.03896542458488225
v -0.4781249999999998 0.01532410620327189 0.0967579888019059
v -0.4781249999999998 0.07021581057204428 0.036854205186083316
v -0.4843749999999998 0.01762809788080353 0.09886920820070484
v -0.4843749999999998 0.07251980224957591 0.03896542458488225
v -0.4843749999999998 0.01532410620327189 0.0967579888019059
v -0.4843749999999998 0.07021581057204428 0.036854205186083316
vt 0.625 0.46875
vt 0.59375 0.46875
vt 0.59375 0.4375
vt 0.625 0.4375
vt 0.59375 0.375
vt 0.59375 0.40625
vt 0.5625 0.40625
vt 0.5625 0.375
vt 0 0.34375
vt 0.03125 0.34375
vt 0.03125 0.375
vt 0 0.375
vt 0.09375 0.34375
vt 0.09375 0.375
vt 0.0625 0.375
vt 0.0625 0.34375
vt 0.65625 0.375
vt 0.65625 0.40625
vt 0.625 0.40625
vt 0.625 0.375
vt 0.6875 1
vt 0.65625 1
vt 0.65625 0.96875
vt 0.6875 0.96875
vn 1 0 0
vn -1 0 0
vn 0 0.7372773368101242 0.6755902076156601
vn 0 -0.7372773368101242 -0.6755902076156601
vn 0 -0.6755902076156601 0.7372773368101242
vn 0 0.6755902076156601 -0.7372773368101242
usemtl m_ede1f5c5-55f8-8291-5e71-77e3daa0a758
f 1278/3629/908 1277/3630/908 1279/3631/908 1280/3632/908
f 1283/3633/909 1281/3634/909 1282/3635/909 1284/3636/909
f 1281/3637/910 1277/3638/910 1278/3639/910 1282/3640/910
f 1280/3641/911 1279/3642/911 1283/3643/911 1284/3644/911
f 1279/3645/912 1277/3646/912 1281/3647/912 1283/3648/912
f 1282/3649/913 1278/3650/913 1280/3651/913 1284/3652/913
o mesh
v -0.3281250000000001 0.01762809788080353 0.09886920820070484
v -0.3281250000000001 0.07251980224957591 0.03896542458488225
v -0.3281250000000001 0.01532410620327189 0.0967579888019059
v -0.3281250000000001 0.07021581057204428 0.036854205186083316
v -0.3343750000000001 0.01762809788080353 0.09886920820070484
v -0.3343750000000001 0.07251980224957591 0.03896542458488225
v -0.3343750000000001 0.01532410620327189 0.0967579888019059
v -0.3343750000000001 0.07021581057204428 0.036854205186083316
vt 0.6875 0.9375
vt 0.65625 0.9375
vt 0.65625 0.90625
vt 0.6875 0.90625
vt 0.15625 0.3125
vt 0.15625 0.34375
vt 0.125 0.34375
vt 0.125 0.3125
vt 0.65625 0.84375
vt 0.6875 0.84375
vt 0.6875 0.875
vt 0.65625 0.875
vt 0.21875 0.3125
vt 0.21875 0.34375
vt 0.1875 0.34375
vt 0.1875 0.3125
vt 0.6875 0.78125
vt 0.6875 0.8125
vt 0.65625 0.8125
vt 0.65625 0.78125
vt 0.28125 0.34375
vt 0.25 0.34375
vt 0.25 0.3125
vt 0.28125 0.3125
vn 1 0 0
vn -1 0 0
vn 0 0.7372773368101242 0.6755902076156601
vn 0 -0.7372773368101242 -0.6755902076156601
vn 0 -0.6755902076156601 0.7372773368101242
vn 0 0.6755902076156601 -0.7372773368101242
usemtl m_ede1f5c5-55f8-8291-5e71-77e3daa0a758
f 1286/3653/914 1285/3654/914 1287/3655/914 1288/3656/914
f 1291/3657/915 1289/3658/915 1290/3659/915 1292/3660/915
f 1289/3661/916 1285/3662/916 1286/3663/916 1290/3664/916
f 1288/3665/917 1287/3666/917 1291/3667/917 1292/3668/917
f 1287/3669/918 1285/3670/918 1289/3671/918 1291/3672/918
f 1290/3673/919 1286/3674/919 1288/3675/919 1292/3676/919
o mesh
v -0.3999999999999998 0.04062045955083649 0.06937177826929063
v -0.3999999999999998 0.04089308072186984 0.06312772688440402
v -0.3999999999999998 -0.0015268872971481266 0.06753158536481552
v -0.3999999999999998 -0.0012542661261147788 0.06128753397992891
v -0.41249999999999976 0.04062045955083649 0.06937177826929063
v -0.41249999999999976 0.04089308072186984 0.06312772688440402
v -0.41249999999999976 -0.0015268872971481266 0.06753158536481552
v -0.41249999999999976 -0.0012542661261147788 0.06128753397992891
vt 0.6875 0.75
vt 0.65625 0.75
vt 0.65625 0.71875
vt 0.6875 0.71875
vt 0.34375 0.3125
vt 0.34375 0.34375
vt 0.3125 0.34375
vt 0.3125 0.3125
vt 0.65625 0.65625
vt 0.6875 0.65625
vt 0.6875 0.6875
vt 0.65625 0.6875
vt 0.40625 0.3125
vt 0.40625 0.34375
vt 0.375 0.34375
vt 0.375 0.3125
vt 0.6875 0.59375
vt 0.6875 0.625
vt 0.65625 0.625
vt 0.65625 0.59375
vt 0.46875 0.34375
vt 0.4375 0.34375
vt 0.4375 0.3125
vt 0.46875 0.3125
vn 1 0 0
vn -1 0 0
vn 0 0.9990482215818579 0.04361938736533588
vn 0 -0.9990482215818579 -0.04361938736533588
vn 0 -0.04361938736533588 0.9990482215818579
vn 0 0.04361938736533588 -0.9990482215818579
usemtl m_ede1f5c5-55f8-8291-5e71-77e3daa0a758
f 1294/3677/920 1293/3678/920 1295/3679/920 1296/3680/920
f 1299/3681/921 1297/3682/921 1298/3683/921 1300/3684/921
f 1297/3685/922 1293/3686/922 1294/3687/922 1298/3688/922
f 1296/3689/923 1295/3690/923 1299/3691/923 1300/3692/923
f 1295/3693/924 1293/3694/924 1297/3695/924 1299/3696/924
f 1298/3697/925 1294/3698/925 1296/3699/925 1300/3700/925
o plane
v -0.33437499999999976 0.016476102042037772 0.09781359850130529
v -0.33437499999999976 0.07136780641081016 0.0379098148854827
v -0.4781249999999998 0.016476102042037772 0.09781359850130529
v -0.4781249999999998 0.07136780641081016 0.0379098148854827
vt 0.3125 0.34375
vt 0.3125 0.40625
vt 0.21875 0.40625
vt 0.21875 0.34375
vn 0 0.7372773368101242 0.6755902076156601
usemtl m_ede1f5c5-55f8-8291-5e71-77e3daa0a758
f 1301/3701/926 1302/3702/926 1304/3703/926 1303/3704/926
o mesh
v -0.17187499999999975 0.011101667405674084 0.1013659721569691
v -0.17187499999999975 0.07443824936964222 0.03224622183101997
v -0.17187499999999975 0.008797675728142447 0.09925475275817017
v -0.17187499999999975 0.07213425769211057 0.030135002432221024
v -0.3281249999999998 0.011101667405674084 0.1013659721569691
v -0.3281249999999998 0.07443824936964222 0.03224622183101997
v -0.3281249999999998 0.008797675728142447 0.09925475275817017
v -0.3281249999999998 0.07213425769211057 0.030135002432221024
vt 0.5625 0.46875
vt 0.5 0.46875
vt 0.5 0.4375
vt 0.5625 0.4375
vt 0.1875 0.375
vt 0.1875 0.40625
vt 0.125 0.40625
vt 0.125 0.375
vt 0 0.40625
vt 0.09375 0.40625
vt 0.09375 0.46875
vt 0 0.46875
vt 0.625 0.9375
vt 0.625 1
vt 0.53125 1
vt 0.53125 0.9375
vt 0.625 0.875
vt 0.625 0.90625
vt 0.53125 0.90625
vt 0.53125 0.875
vt 0.21875 0.46875
vt 0.125 0.46875
vt 0.125 0.4375
vt 0.21875 0.4375
vn 1 0 0
vn -1 0 0
vn 0 0.7372773368101242 0.6755902076156601
vn 0 -0.7372773368101242 -0.6755902076156601
vn 0 -0.6755902076156601 0.7372773368101242
vn 0 0.6755902076156601 -0.7372773368101242
usemtl m_ede1f5c5-55f8-8291-5e71-77e3daa0a758
f 1306/3705/927 1305/3706/927 1307/3707/927 1308/3708/927
f 1311/3709/928 1309/3710/928 1310/3711/928 1312/3712/928
f 1309/3713/929 1305/3714/929 1306/3715/929 1310/3716/929
f 1308/3717/930 1307/3718/930 1311/3719/930 1312/3720/930
f 1307/3721/931 1305/3722/931 1309/3723/931 1311/3724/931
f 1310/3725/932 1306/3726/932 1308/3727/932 1312/3728/932
o mesh
v -0.17187499999999975 0.072519802249576 0.03896542458488217
v -0.17187499999999975 0.07674224104717385 0.0343574412298189
v -0.17187499999999975 0.07021581057204435 0.03685420518608323
v -0.17187499999999975 0.07443824936964222 0.03224622183101997
v -0.3281249999999998 0.072519802249576 0.03896542458488217
v -0.3281249999999998 0.07674224104717385 0.0343574412298189
v -0.3281249999999998 0.07021581057204435 0.03685420518608323
v -0.3281249999999998 0.07443824936964222 0.03224622183101997
vt 0.34375 0.40625
vt 0.3125 0.40625
vt 0.3125 0.375
vt 0.34375 0.375
vt 0.40625 0.375
vt 0.40625 0.40625
vt 0.375 0.40625
vt 0.375 0.375
vt 0.53125 0.8125
vt 0.625 0.8125
vt 0.625 0.84375
vt 0.53125 0.84375
vt 0.625 0.75
vt 0.625 0.78125
vt 0.53125 0.78125
vt 0.53125 0.75
vt 0.34375 0.4375
vt 0.34375 0.46875
vt 0.25 0.46875
vt 0.25 0.4375
vt 0.625 0.71875
vt 0.53125 0.71875
vt 0.53125 0.6875
vt 0.625 0.6875
vn 1 0 0
vn -1 0 0
vn 0 0.7372773368101242 0.6755902076156601
vn 0 -0.7372773368101242 -0.6755902076156601
vn 0 -0.6755902076156601 0.7372773368101242
vn 0 0.6755902076156601 -0.7372773368101242
usemtl m_ede1f5c5-55f8-8291-5e71-77e3daa0a758
f 1314/3729/933 1313/3730/933 1315/3731/933 1316/3732/933
f 1319/3733/934 1317/3734/934 1318/3735/934 1320/3736/934
f 1317/3737/935 1313/3738/935 1314/3739/935 1318/3740/935
f 1316/3741/936 1315/3742/936 1319/3743/936 1320/3744/936
f 1315/3745/937 1313/3746/937 1317/3747/937 1319/3748/937
f 1318/3749/938 1314/3750/938 1316/3751/938 1320/3752/938
o mesh
v -0.17187499999999975 0.013405659083205748 0.10347719155576801
v -0.17187499999999975 0.017628097880803613 0.09886920820070474
v -0.17187499999999975 0.011101667405674108 0.10136597215696908
v -0.17187499999999975 0.01532410620327198 0.09675798880190581
v -0.3281249999999998 0.013405659083205748 0.10347719155576801
v -0.3281249999999998 0.017628097880803613 0.09886920820070474
v -0.3281249999999998 0.011101667405674108 0.10136597215696908
v -0.3281249999999998 0.01532410620327198 0.09675798880190581
vt 0.46875 0.40625
vt 0.4375 0.40625
vt 0.4375 0.375
vt 0.46875 0.375
vt 0.53125 0.375
vt 0.53125 0.40625
vt 0.5 0.40625
vt 0.5 0.375
vt 0.53125 0.625
vt 0.625 0.625
vt 0.625 0.65625
vt 0.53125 0.65625
vt 0.46875 0.4375
vt 0.46875 0.46875
vt 0.375 0.46875
vt 0.375 0.4375
vt 0.625 0.5625
vt 0.625 0.59375
vt 0.53125 0.59375
vt 0.53125 0.5625
vt 0.625 0.53125
vt 0.53125 0.53125
vt 0.53125 0.5
vt 0.625 0.5
vn 1 0 0
vn -1 0 0
vn 0 0.7372773368101242 0.6755902076156601
vn 0 -0.7372773368101242 -0.6755902076156601
vn 0 -0.6755902076156601 0.7372773368101242
vn 0 0.6755902076156601 -0.7372773368101242
usemtl m_ede1f5c5-55f8-8291-5e71-77e3daa0a758
f 1322/3753/939 1321/3754/939 1323/3755/939 1324/3756/939
f 1327/3757/940 1325/3758/940 1326/3759/940 1328/3760/940
f 1325/3761/941 1321/3762/941 1322/3763/941 1326/3764/941
f 1324/3765/942 1323/3766/942 1327/3767/942 1328/3768/942
f 1323/3769/943 1321/3770/943 1325/3771/943 1327/3772/943
f 1326/3773/944 1322/3774/944 1324/3775/944 1328/3776/944
o mesh
v -0.32187499999999974 0.01762809788080353 0.09886920820070484
v -0.32187499999999974 0.07251980224957591 0.03896542458488225
v -0.32187499999999974 0.01532410620327189 0.0967579888019059
v -0.32187499999999974 0.07021581057204428 0.036854205186083316
v -0.3281249999999998 0.01762809788080353 0.09886920820070484
v -0.3281249999999998 0.07251980224957591 0.03896542458488225
v -0.3281249999999998 0.01532410620327189 0.0967579888019059
v -0.3281249999999998 0.07021581057204428 0.036854205186083316
vt 0.625 0.46875
vt 0.59375 0.46875
vt 0.59375 0.4375
vt 0.625 0.4375
vt 0.59375 0.375
vt 0.59375 0.40625
vt 0.5625 0.40625
vt 0.5625 0.375
vt 0 0.34375
vt 0.03125 0.34375
vt 0.03125 0.375
vt 0 0.375
vt 0.09375 0.34375
vt 0.09375 0.375
vt 0.0625 0.375
vt 0.0625 0.34375
vt 0.65625 0.375
vt 0.65625 0.40625
vt 0.625 0.40625
vt 0.625 0.375
vt 0.6875 1
vt 0.65625 1
vt 0.65625 0.96875
vt 0.6875 0.96875
vn 1 0 0
vn -1 0 0
vn 0 0.7372773368101242 0.6755902076156601
vn 0 -0.7372773368101242 -0.6755902076156601
vn 0 -0.6755902076156601 0.7372773368101242
vn 0 0.6755902076156601 -0.7372773368101242
usemtl m_ede1f5c5-55f8-8291-5e71-77e3daa0a758
f 1330/3777/945 1329/3778/945 1331/3779/945 1332/3780/945
f 1335/3781/946 1333/3782/946 1334/3783/946 1336/3784/946
f 1333/3785/947 1329/3786/947 1330/3787/947 1334/3788/947
f 1332/3789/948 1331/3790/948 1335/3791/948 1336/3792/948
f 1331/3793/949 1329/3794/949 1333/3795/949 1335/3796/949
f 1334/3797/950 1330/3798/950 1332/3799/950 1336/3800/950
o mesh
v -0.17187500000000006 0.01762809788080353 0.09886920820070484
v -0.17187500000000006 0.07251980224957591 0.03896542458488225
v -0.17187500000000006 0.01532410620327189 0.0967579888019059
v -0.17187500000000006 0.07021581057204428 0.036854205186083316
v -0.17812500000000006 0.01762809788080353 0.09886920820070484
v -0.17812500000000006 0.07251980224957591 0.03896542458488225
v -0.17812500000000006 0.01532410620327189 0.0967579888019059
v -0.17812500000000006 0.07021581057204428 0.036854205186083316
vt 0.6875 0.9375
vt 0.65625 0.9375
vt 0.65625 0.90625
vt 0.6875 0.90625
vt 0.15625 0.3125
vt 0.15625 0.34375
vt 0.125 0.34375
vt 0.125 0.3125
vt 0.65625 0.84375
vt 0.6875 0.84375
vt 0.6875 0.875
vt 0.65625 0.875
vt 0.21875 0.3125
vt 0.21875 0.34375
vt 0.1875 0.34375
vt 0.1875 0.3125
vt 0.6875 0.78125
vt 0.6875 0.8125
vt 0.65625 0.8125
vt 0.65625 0.78125
vt 0.28125 0.34375
vt 0.25 0.34375
vt 0.25 0.3125
vt 0.28125 0.3125
vn 1 0 0
vn -1 0 0
vn 0 0.7372773368101242 0.6755902076156601
vn 0 -0.7372773368101242 -0.6755902076156601
vn 0 -0.6755902076156601 0.7372773368101242
vn 0 0.6755902076156601 -0.7372773368101242
usemtl m_ede1f5c5-55f8-8291-5e71-77e3daa0a758
f 1338/3801/951 1337/3802/951 1339/3803/951 1340/3804/951
f 1343/3805/952 1341/3806/952 1342/3807/952 1344/3808/952
f 1341/3809/953 1337/3810/953 1338/3811/953 1342/3812/953
f 1340/3813/954 1339/3814/954 1343/3815/954 1344/3816/954
f 1339/3817/955 1337/3818/955 1341/3819/955 1343/3820/955
f 1342/3821/956 1338/3822/956 1340/3823/956 1344/3824/956
o mesh
v -0.24374999999999974 0.04062045955083649 0.06937177826929063
v -0.24374999999999974 0.04089308072186984 0.06312772688440402
v -0.24374999999999974 -0.0015268872971481266 0.06753158536481552
v -0.24374999999999974 -0.0012542661261147788 0.06128753397992891
v -0.25624999999999976 0.04062045955083649 0.06937177826929063
v -0.25624999999999976 0.04089308072186984 0.06312772688440402
v -0.25624999999999976 -0.0015268872971481266 0.06753158536481552
v -0.25624999999999976 -0.0012542661261147788 0.06128753397992891
vt 0.6875 0.75
vt 0.65625 0.75
vt 0.65625 0.71875
vt 0.6875 0.71875
vt 0.34375 0.3125
vt 0.34375 0.34375
vt 0.3125 0.34375
vt 0.3125 0.3125
vt 0.65625 0.65625
vt 0.6875 0.65625
vt 0.6875 0.6875
vt 0.65625 0.6875
vt 0.40625 0.3125
vt 0.40625 0.34375
vt 0.375 0.34375
vt 0.375 0.3125
vt 0.6875 0.59375
vt 0.6875 0.625
vt 0.65625 0.625
vt 0.65625 0.59375
vt 0.46875 0.34375
vt 0.4375 0.34375
vt 0.4375 0.3125
vt 0.46875 0.3125
vn 1 0 0
vn -1 0 0
vn 0 0.9990482215818579 0.04361938736533588
vn 0 -0.9990482215818579 -0.04361938736533588
vn 0 -0.04361938736533588 0.9990482215818579
vn 0 0.04361938736533588 -0.9990482215818579
usemtl m_ede1f5c5-55f8-8291-5e71-77e3daa0a758
f 1346/3825/957 1345/3826/957 1347/3827/957 1348/3828/957
f 1351/3829/958 1349/3830/958 1350/3831/958 1352/3832/958
f 1349/3833/959 1345/3834/959 1346/3835/959 1350/3836/959
f 1348/3837/960 1347/3838/960 1351/3839/960 1352/3840/960
f 1347/3841/961 1345/3842/961 1349/3843/961 1351/3844/961
f 1350/3845/962 1346/3846/962 1348/3847/962 1352/3848/962
o plane
v -0.17812499999999976 0.016476102042037772 0.09781359850130529
v -0.17812499999999976 0.07136780641081016 0.0379098148854827
v -0.32187499999999974 0.016476102042037772 0.09781359850130529
v -0.32187499999999974 0.07136780641081016 0.0379098148854827
vt 0.3125 0.34375
vt 0.3125 0.40625
vt 0.21875 0.40625
vt 0.21875 0.34375
vn 0 0.7372773368101242 0.6755902076156601
usemtl m_ede1f5c5-55f8-8291-5e71-77e3daa0a758
f 1353/3849/963 1354/3850/963 1356/3851/963 1355/3852/963
o mesh
v -0.015624999999999778 0.011101667405674084 0.1013659721569691
v -0.015624999999999778 0.07443824936964222 0.03224622183101997
v -0.015624999999999778 0.008797675728142447 0.09925475275817017
v -0.015624999999999778 0.07213425769211057 0.030135002432221024
v -0.17187499999999978 0.011101667405674084 0.1013659721569691
v -0.17187499999999978 0.07443824936964222 0.03224622183101997
v -0.17187499999999978 0.008797675728142447 0.09925475275817017
v -0.17187499999999978 0.07213425769211057 0.030135002432221024
vt 0.5625 0.46875
vt 0.5 0.46875
vt 0.5 0.4375
vt 0.5625 0.4375
vt 0.1875 0.375
vt 0.1875 0.40625
vt 0.125 0.40625
vt 0.125 0.375
vt 0 0.40625
vt 0.09375 0.40625
vt 0.09375 0.46875
vt 0 0.46875
vt 0.625 0.9375
vt 0.625 1
vt 0.53125 1
vt 0.53125 0.9375
vt 0.625 0.875
vt 0.625 0.90625
vt 0.53125 0.90625
vt 0.53125 0.875
vt 0.21875 0.46875
vt 0.125 0.46875
vt 0.125 0.4375
vt 0.21875 0.4375
vn 1 0 0
vn -1 0 0
vn 0 0.7372773368101242 0.6755902076156601
vn 0 -0.7372773368101242 -0.6755902076156601
vn 0 -0.6755902076156601 0.7372773368101242
vn 0 0.6755902076156601 -0.7372773368101242
usemtl m_ede1f5c5-55f8-8291-5e71-77e3daa0a758
f 1358/3853/964 1357/3854/964 1359/3855/964 1360/3856/964
f 1363/3857/965 1361/3858/965 1362/3859/965 1364/3860/965
f 1361/3861/966 1357/3862/966 1358/3863/966 1362/3864/966
f 1360/3865/967 1359/3866/967 1363/3867/967 1364/3868/967
f 1359/3869/968 1357/3870/968 1361/3871/968 1363/3872/968
f 1362/3873/969 1358/3874/969 1360/3875/969 1364/3876/969
o mesh
v -0.015624999999999778 0.072519802249576 0.03896542458488217
v -0.015624999999999778 0.07674224104717385 0.0343574412298189
v -0.015624999999999778 0.07021581057204435 0.03685420518608323
v -0.015624999999999778 0.07443824936964222 0.03224622183101997
v -0.17187499999999978 0.072519802249576 0.03896542458488217
v -0.17187499999999978 0.07674224104717385 0.0343574412298189
v -0.17187499999999978 0.07021581057204435 0.03685420518608323
v -0.17187499999999978 0.07443824936964222 0.03224622183101997
vt 0.34375 0.40625
vt 0.3125 0.40625
vt 0.3125 0.375
vt 0.34375 0.375
vt 0.40625 0.375
vt 0.40625 0.40625
vt 0.375 0.40625
vt 0.375 0.375
vt 0.53125 0.8125
vt 0.625 0.8125
vt 0.625 0.84375
vt 0.53125 0.84375
vt 0.625 0.75
vt 0.625 0.78125
vt 0.53125 0.78125
vt 0.53125 0.75
vt 0.34375 0.4375
vt 0.34375 0.46875
vt 0.25 0.46875
vt 0.25 0.4375
vt 0.625 0.71875
vt 0.53125 0.71875
vt 0.53125 0.6875
vt 0.625 0.6875
vn 1 0 0
vn -1 0 0
vn 0 0.7372773368101242 0.6755902076156601
vn 0 -0.7372773368101242 -0.6755902076156601
vn 0 -0.6755902076156601 0.7372773368101242
vn 0 0.6755902076156601 -0.7372773368101242
usemtl m_ede1f5c5-55f8-8291-5e71-77e3daa0a758
f 1366/3877/970 1365/3878/970 1367/3879/970 1368/3880/970
f 1371/3881/971 1369/3882/971 1370/3883/971 1372/3884/971
f 1369/3885/972 1365/3886/972 1366/3887/972 1370/3888/972
f 1368/3889/973 1367/3890/973 1371/3891/973 1372/3892/973
f 1367/3893/974 1365/3894/974 1369/3895/974 1371/3896/974
f 1370/3897/975 1366/3898/975 1368/3899/975 1372/3900/975
o mesh
v -0.015624999999999778 0.013405659083205748 0.10347719155576801
v -0.015624999999999778 0.017628097880803613 0.09886920820070474
v -0.015624999999999778 0.011101667405674108 0.10136597215696908
v -0.015624999999999778 0.01532410620327198 0.09675798880190581
v -0.17187499999999978 0.013405659083205748 0.10347719155576801
v -0.17187499999999978 0.017628097880803613 0.09886920820070474
v -0.17187499999999978 0.011101667405674108 0.10136597215696908
v -0.17187499999999978 0.01532410620327198 0.09675798880190581
vt 0.46875 0.40625
vt 0.4375 0.40625
vt 0.4375 0.375
vt 0.46875 0.375
vt 0.53125 0.375
vt 0.53125 0.40625
vt 0.5 0.40625
vt 0.5 0.375
vt 0.53125 0.625
vt 0.625 0.625
vt 0.625 0.65625
vt 0.53125 0.65625
vt 0.46875 0.4375
vt 0.46875 0.46875
vt 0.375 0.46875
vt 0.375 0.4375
vt 0.625 0.5625
vt 0.625 0.59375
vt 0.53125 0.59375
vt 0.53125 0.5625
vt 0.625 0.53125
vt 0.53125 0.53125
vt 0.53125 0.5
vt 0.625 0.5
vn 1 0 0
vn -1 0 0
vn 0 0.7372773368101242 0.6755902076156601
vn 0 -0.7372773368101242 -0.6755902076156601
vn 0 -0.6755902076156601 0.7372773368101242
vn 0 0.6755902076156601 -0.7372773368101242
usemtl m_ede1f5c5-55f8-8291-5e71-77e3daa0a758
f 1374/3901/976 1373/3902/976 1375/3903/976 1376/3904/976
f 1379/3905/977 1377/3906/977 1378/3907/977 1380/3908/977
f 1377/3909/978 1373/3910/978 1374/3911/978 1378/3912/978
f 1376/3913/979 1375/3914/979 1379/3915/979 1380/3916/979
f 1375/3917/980 1373/3918/980 1377/3919/980 1379/3920/980
f 1378/3921/981 1374/3922/981 1376/3923/981 1380/3924/981
o mesh
v -0.1656249999999998 0.01762809788080353 0.09886920820070484
v -0.1656249999999998 0.07251980224957591 0.03896542458488225
v -0.1656249999999998 0.01532410620327189 0.0967579888019059
v -0.1656249999999998 0.07021581057204428 0.036854205186083316
v -0.17187499999999978 0.01762809788080353 0.09886920820070484
v -0.17187499999999978 0.07251980224957591 0.03896542458488225
v -0.17187499999999978 0.01532410620327189 0.0967579888019059
v -0.17187499999999978 0.07021581057204428 0.036854205186083316
vt 0.625 0.46875
vt 0.59375 0.46875
vt 0.59375 0.4375
vt 0.625 0.4375
vt 0.59375 0.375
vt 0.59375 0.40625
vt 0.5625 0.40625
vt 0.5625 0.375
vt 0 0.34375
vt 0.03125 0.34375
vt 0.03125 0.375
vt 0 0.375
vt 0.09375 0.34375
vt 0.09375 0.375
vt 0.0625 0.375
vt 0.0625 0.34375
vt 0.65625 0.375
vt 0.65625 0.40625
vt 0.625 0.40625
vt 0.625 0.375
vt 0.6875 1
vt 0.65625 1
vt 0.65625 0.96875
vt 0.6875 0.96875
vn 1 0 0
vn -1 0 0
vn 0 0.7372773368101242 0.6755902076156601
vn 0 -0.7372773368101242 -0.6755902076156601
vn 0 -0.6755902076156601 0.7372773368101242
vn 0 0.6755902076156601 -0.7372773368101242
usemtl m_ede1f5c5-55f8-8291-5e71-77e3daa0a758
f 1382/3925/982 1381/3926/982 1383/3927/982 1384/3928/982
f 1387/3929/983 1385/3930/983 1386/3931/983 1388/3932/983
f 1385/3933/984 1381/3934/984 1382/3935/984 1386/3936/984
f 1384/3937/985 1383/3938/985 1387/3939/985 1388/3940/985
f 1383/3941/986 1381/3942/986 1385/3943/986 1387/3944/986
f 1386/3945/987 1382/3946/987 1384/3947/987 1388/3948/987
o mesh
v -0.015625000000000097 0.01762809788080353 0.09886920820070484
v -0.015625000000000097 0.07251980224957591 0.03896542458488225
v -0.015625000000000097 0.01532410620327189 0.0967579888019059
v -0.015625000000000097 0.07021581057204428 0.036854205186083316
v -0.02187500000000009 0.01762809788080353 0.09886920820070484
v -0.02187500000000009 0.07251980224957591 0.03896542458488225
v -0.02187500000000009 0.01532410620327189 0.0967579888019059
v -0.02187500000000009 0.07021581057204428 0.036854205186083316
vt 0.6875 0.9375
vt 0.65625 0.9375
vt 0.65625 0.90625
vt 0.6875 0.90625
vt 0.15625 0.3125
vt 0.15625 0.34375
vt 0.125 0.34375
vt 0.125 0.3125
vt 0.65625 0.84375
vt 0.6875 0.84375
vt 0.6875 0.875
vt 0.65625 0.875
vt 0.21875 0.3125
vt 0.21875 0.34375
vt 0.1875 0.34375
vt 0.1875 0.3125
vt 0.6875 0.78125
vt 0.6875 0.8125
vt 0.65625 0.8125
vt 0.65625 0.78125
vt 0.28125 0.34375
vt 0.25 0.34375
vt 0.25 0.3125
vt 0.28125 0.3125
vn 1 0 0
vn -1 0 0
vn 0 0.7372773368101242 0.6755902076156601
vn 0 -0.7372773368101242 -0.6755902076156601
vn 0 -0.6755902076156601 0.7372773368101242
vn 0 0.6755902076156601 -0.7372773368101242
usemtl m_ede1f5c5-55f8-8291-5e71-77e3daa0a758
f 1390/3949/988 1389/3950/988 1391/3951/988 1392/3952/988
f 1395/3953/989 1393/3954/989 1394/3955/989 1396/3956/989
f 1393/3957/990 1389/3958/990 1390/3959/990 1394/3960/990
f 1392/3961/991 1391/3962/991 1395/3963/991 1396/3964/991
f 1391/3965/992 1389/3966/992 1393/3967/992 1395/3968/992
f 1394/3969/993 1390/3970/993 1392/3971/993 1396/3972/993
o mesh
v -0.08749999999999977 0.04062045955083649 0.06937177826929063
v -0.08749999999999977 0.04089308072186984 0.06312772688440402
v -0.08749999999999977 -0.0015268872971481266 0.06753158536481552
v -0.08749999999999977 -0.0012542661261147788 0.06128753397992891
v -0.09999999999999978 0.04062045955083649 0.06937177826929063
v -0.09999999999999978 0.04089308072186984 0.06312772688440402
v -0.09999999999999978 -0.0015268872971481266 0.06753158536481552
v -0.09999999999999978 -0.0012542661261147788 0.06128753397992891
vt 0.6875 0.75
vt 0.65625 0.75
vt 0.65625 0.71875
vt 0.6875 0.71875
vt 0.34375 0.3125
vt 0.34375 0.34375
vt 0.3125 0.34375
vt 0.3125 0.3125
vt 0.65625 0.65625
vt 0.6875 0.65625
vt 0.6875 0.6875
vt 0.65625 0.6875
vt 0.40625 0.3125
vt 0.40625 0.34375
vt 0.375 0.34375
vt 0.375 0.3125
vt 0.6875 0.59375
vt 0.6875 0.625
vt 0.65625 0.625
vt 0.65625 0.59375
vt 0.46875 0.34375
vt 0.4375 0.34375
vt 0.4375 0.3125
vt 0.46875 0.3125
vn 1 0 0
vn -1 0 0
vn 0 0.9990482215818579 0.04361938736533588
vn 0 -0.9990482215818579 -0.04361938736533588
vn 0 -0.04361938736533588 0.9990482215818579
vn 0 0.04361938736533588 -0.9990482215818579
usemtl m_ede1f5c5-55f8-8291-5e71-77e3daa0a758
f 1398/3973/994 1397/3974/994 1399/3975/994 1400/3976/994
f 1403/3977/995 1401/3978/995 1402/3979/995 1404/3980/995
f 1401/3981/996 1397/3982/996 1398/3983/996 1402/3984/996
f 1400/3985/997 1399/3986/997 1403/3987/997 1404/3988/997
f 1399/3989/998 1397/3990/998 1401/3991/998 1403/3992/998
f 1402/3993/999 1398/3994/999 1400/3995/999 1404/3996/999
o plane
v -0.021874999999999784 0.016476102042037772 0.09781359850130529
v -0.021874999999999784 0.07136780641081016 0.0379098148854827
v -0.16562499999999977 0.016476102042037772 0.09781359850130529
v -0.16562499999999977 0.07136780641081016 0.0379098148854827
vt 0.3125 0.34375
vt 0.3125 0.40625
vt 0.21875 0.40625
vt 0.21875 0.34375
vn 0 0.7372773368101242 0.6755902076156601
usemtl m_ede1f5c5-55f8-8291-5e71-77e3daa0a758
f 1405/3997/1000 1406/3998/1000 1408/3999/1000 1407/4000/1000
o mesh
v 0.14062500000000022 0.011101667405674084 0.1013659721569691
v 0.14062500000000022 0.07443824936964222 0.03224622183101997
v 0.14062500000000022 0.008797675728142447 0.09925475275817017
v 0.14062500000000022 0.07213425769211057 0.030135002432221024
v -0.015624999999999778 0.011101667405674084 0.1013659721569691
v -0.015624999999999778 0.07443824936964222 0.03224622183101997
v -0.015624999999999778 0.008797675728142447 0.09925475275817017
v -0.015624999999999778 0.07213425769211057 0.030135002432221024
vt 0.5625 0.46875
vt 0.5 0.46875
vt 0.5 0.4375
vt 0.5625 0.4375
vt 0.1875 0.375
vt 0.1875 0.40625
vt 0.125 0.40625
vt 0.125 0.375
vt 0 0.40625
vt 0.09375 0.40625
vt 0.09375 0.46875
vt 0 0.46875
vt 0.625 0.9375
vt 0.625 1
vt 0.53125 1
vt 0.53125 0.9375
vt 0.625 0.875
vt 0.625 0.90625
vt 0.53125 0.90625
vt 0.53125 0.875
vt 0.21875 0.46875
vt 0.125 0.46875
vt 0.125 0.4375
vt 0.21875 0.4375
vn 1 0 0
vn -1 0 0
vn 0 0.7372773368101242 0.6755902076156601
vn 0 -0.7372773368101242 -0.6755902076156601
vn 0 -0.6755902076156601 0.7372773368101242
vn 0 0.6755902076156601 -0.7372773368101242
usemtl m_ede1f5c5-55f8-8291-5e71-77e3daa0a758
f 1410/4001/1001 1409/4002/1001 1411/4003/1001 1412/4004/1001
f 1415/4005/1002 1413/4006/1002 1414/4007/1002 1416/4008/1002
f 1413/4009/1003 1409/4010/1003 1410/4011/1003 1414/4012/1003
f 1412/4013/1004 1411/4014/1004 1415/4015/1004 1416/4016/1004
f 1411/4017/1005 1409/4018/1005 1413/4019/1005 1415/4020/1005
f 1414/4021/1006 1410/4022/1006 1412/4023/1006 1416/4024/1006
o mesh
v 0.14062500000000022 0.072519802249576 0.03896542458488217
v 0.14062500000000022 0.07674224104717385 0.0343574412298189
v 0.14062500000000022 0.07021581057204435 0.03685420518608323
v 0.14062500000000022 0.07443824936964222 0.03224622183101997
v -0.015624999999999778 0.072519802249576 0.03896542458488217
v -0.015624999999999778 0.07674224104717385 0.0343574412298189
v -0.015624999999999778 0.07021581057204435 0.03685420518608323
v -0.015624999999999778 0.07443824936964222 0.03224622183101997
vt 0.34375 0.40625
vt 0.3125 0.40625
vt 0.3125 0.375
vt 0.34375 0.375
vt 0.40625 0.375
vt 0.40625 0.40625
vt 0.375 0.40625
vt 0.375 0.375
vt 0.53125 0.8125
vt 0.625 0.8125
vt 0.625 0.84375
vt 0.53125 0.84375
vt 0.625 0.75
vt 0.625 0.78125
vt 0.53125 0.78125
vt 0.53125 0.75
vt 0.34375 0.4375
vt 0.34375 0.46875
vt 0.25 0.46875
vt 0.25 0.4375
vt 0.625 0.71875
vt 0.53125 0.71875
vt 0.53125 0.6875
vt 0.625 0.6875
vn 1 0 0
vn -1 0 0
vn 0 0.7372773368101242 0.6755902076156601
vn 0 -0.7372773368101242 -0.6755902076156601
vn 0 -0.6755902076156601 0.7372773368101242
vn 0 0.6755902076156601 -0.7372773368101242
usemtl m_ede1f5c5-55f8-8291-5e71-77e3daa0a758
f 1418/4025/1007 1417/4026/1007 1419/4027/1007 1420/4028/1007
f 1423/4029/1008 1421/4030/1008 1422/4031/1008 1424/4032/1008
f 1421/4033/1009 1417/4034/1009 1418/4035/1009 1422/4036/1009
f 1420/4037/1010 1419/4038/1010 1423/4039/1010 1424/4040/1010
f 1419/4041/1011 1417/4042/1011 1421/4043/1011 1423/4044/1011
f 1422/4045/1012 1418/4046/1012 1420/4047/1012 1424/4048/1012
o mesh
v 0.14062500000000022 0.013405659083205748 0.10347719155576801
v 0.14062500000000022 0.017628097880803613 0.09886920820070474
v 0.14062500000000022 0.011101667405674108 0.10136597215696908
v 0.14062500000000022 0.01532410620327198 0.09675798880190581
v -0.015624999999999778 0.013405659083205748 0.10347719155576801
v -0.015624999999999778 0.017628097880803613 0.09886920820070474
v -0.015624999999999778 0.011101667405674108 0.10136597215696908
v -0.015624999999999778 0.01532410620327198 0.09675798880190581
vt 0.46875 0.40625
vt 0.4375 0.40625
vt 0.4375 0.375
vt 0.46875 0.375
vt 0.53125 0.375
vt 0.53125 0.40625
vt 0.5 0.40625
vt 0.5 0.375
vt 0.53125 0.625
vt 0.625 0.625
vt 0.625 0.65625
vt 0.53125 0.65625
vt 0.46875 0.4375
vt 0.46875 0.46875
vt 0.375 0.46875
vt 0.375 0.4375
vt 0.625 0.5625
vt 0.625 0.59375
vt 0.53125 0.59375
vt 0.53125 0.5625
vt 0.625 0.53125
vt 0.53125 0.53125
vt 0.53125 0.5
vt 0.625 0.5
vn 1 0 0
vn -1 0 0
vn 0 0.7372773368101242 0.6755902076156601
vn 0 -0.7372773368101242 -0.6755902076156601
vn 0 -0.6755902076156601 0.7372773368101242
vn 0 0.6755902076156601 -0.7372773368101242
usemtl m_ede1f5c5-55f8-8291-5e71-77e3daa0a758
f 1426/4049/1013 1425/4050/1013 1427/4051/1013 1428/4052/1013
f 1431/4053/1014 1429/4054/1014 1430/4055/1014 1432/4056/1014
f 1429/4057/1015 1425/4058/1015 1426/4059/1015 1430/4060/1015
f 1428/4061/1016 1427/4062/1016 1431/4063/1016 1432/4064/1016
f 1427/4065/1017 1425/4066/1017 1429/4067/1017 1431/4068/1017
f 1430/4069/1018 1426/4070/1018 1428/4071/1018 1432/4072/1018
o mesh
v -0.009374999999999786 0.01762809788080353 0.09886920820070484
v -0.009374999999999786 0.07251980224957591 0.03896542458488225
v -0.009374999999999786 0.01532410620327189 0.0967579888019059
v -0.009374999999999786 0.07021581057204428 0.036854205186083316
v -0.015624999999999778 0.01762809788080353 0.09886920820070484
v -0.015624999999999778 0.07251980224957591 0.03896542458488225
v -0.015624999999999778 0.01532410620327189 0.0967579888019059
v -0.015624999999999778 0.07021581057204428 0.036854205186083316
vt 0.625 0.46875
vt 0.59375 0.46875
vt 0.59375 0.4375
vt 0.625 0.4375
vt 0.59375 0.375
vt 0.59375 0.40625
vt 0.5625 0.40625
vt 0.5625 0.375
vt 0 0.34375
vt 0.03125 0.34375
vt 0.03125 0.375
vt 0 0.375
vt 0.09375 0.34375
vt 0.09375 0.375
vt 0.0625 0.375
vt 0.0625 0.34375
vt 0.65625 0.375
vt 0.65625 0.40625
vt 0.625 0.40625
vt 0.625 0.375
vt 0.6875 1
vt 0.65625 1
vt 0.65625 0.96875
vt 0.6875 0.96875
vn 1 0 0
vn -1 0 0
vn 0 0.7372773368101242 0.6755902076156601
vn 0 -0.7372773368101242 -0.6755902076156601
vn 0 -0.6755902076156601 0.7372773368101242
vn 0 0.6755902076156601 -0.7372773368101242
usemtl m_ede1f5c5-55f8-8291-5e71-77e3daa0a758
f 1434/4073/1019 1433/4074/1019 1435/4075/1019 1436/4076/1019
f 1439/4077/1020 1437/4078/1020 1438/4079/1020 1440/4080/1020
f 1437/4081/1021 1433/4082/1021 1434/4083/1021 1438/4084/1021
f 1436/4085/1022 1435/4086/1022 1439/4087/1022 1440/4088/1022
f 1435/4089/1023 1433/4090/1023 1437/4091/1023 1439/4092/1023
f 1438/4093/1024 1434/4094/1024 1436/4095/1024 1440/4096/1024
o mesh
v 0.1406249999999999 0.01762809788080353 0.09886920820070484
v 0.1406249999999999 0.07251980224957591 0.03896542458488225
v 0.1406249999999999 0.01532410620327189 0.0967579888019059
v 0.1406249999999999 0.07021581057204428 0.036854205186083316
v 0.1343749999999999 0.01762809788080353 0.09886920820070484
v 0.1343749999999999 0.07251980224957591 0.03896542458488225
v 0.1343749999999999 0.01532410620327189 0.0967579888019059
v 0.1343749999999999 0.07021581057204428 0.036854205186083316
vt 0.6875 0.9375
vt 0.65625 0.9375
vt 0.65625 0.90625
vt 0.6875 0.90625
vt 0.15625 0.3125
vt 0.15625 0.34375
vt 0.125 0.34375
vt 0.125 0.3125
vt 0.65625 0.84375
vt 0.6875 0.84375
vt 0.6875 0.875
vt 0.65625 0.875
vt 0.21875 0.3125
vt 0.21875 0.34375
vt 0.1875 0.34375
vt 0.1875 0.3125
vt 0.6875 0.78125
vt 0.6875 0.8125
vt 0.65625 0.8125
vt 0.65625 0.78125
vt 0.28125 0.34375
vt 0.25 0.34375
vt 0.25 0.3125
vt 0.28125 0.3125
vn 1 0 0
vn -1 0 0
vn 0 0.7372773368101242 0.6755902076156601
vn 0 -0.7372773368101242 -0.6755902076156601
vn 0 -0.6755902076156601 0.7372773368101242
vn 0 0.6755902076156601 -0.7372773368101242
usemtl m_ede1f5c5-55f8-8291-5e71-77e3daa0a758
f 1442/4097/1025 1441/4098/1025 1443/4099/1025 1444/4100/1025
f 1447/4101/1026 1445/4102/1026 1446/4103/1026 1448/4104/1026
f 1445/4105/1027 1441/4106/1027 1442/4107/1027 1446/4108/1027
f 1444/4109/1028 1443/4110/1028 1447/4111/1028 1448/4112/1028
f 1443/4113/1029 1441/4114/1029 1445/4115/1029 1447/4116/1029
f 1446/4117/1030 1442/4118/1030 1444/4119/1030 1448/4120/1030
o mesh
v 0.06875000000000023 0.04062045955083649 0.06937177826929063
v 0.06875000000000023 0.04089308072186984 0.06312772688440402
v 0.06875000000000023 -0.0015268872971481266 0.06753158536481552
v 0.06875000000000023 -0.0012542661261147788 0.06128753397992891
v 0.05625000000000022 0.04062045955083649 0.06937177826929063
v 0.05625000000000022 0.04089308072186984 0.06312772688440402
v 0.05625000000000022 -0.0015268872971481266 0.06753158536481552
v 0.05625000000000022 -0.0012542661261147788 0.06128753397992891
vt 0.6875 0.75
vt 0.65625 0.75
vt 0.65625 0.71875
vt 0.6875 0.71875
vt 0.34375 0.3125
vt 0.34375 0.34375
vt 0.3125 0.34375
vt 0.3125 0.3125
vt 0.65625 0.65625
vt 0.6875 0.65625
vt 0.6875 0.6875
vt 0.65625 0.6875
vt 0.40625 0.3125
vt 0.40625 0.34375
vt 0.375 0.34375
vt 0.375 0.3125
vt 0.6875 0.59375
vt 0.6875 0.625
vt 0.65625 0.625
vt 0.65625 0.59375
vt 0.46875 0.34375
vt 0.4375 0.34375
vt 0.4375 0.3125
vt 0.46875 0.3125
vn 1 0 0
vn -1 0 0
vn 0 0.9990482215818579 0.04361938736533588
vn 0 -0.9990482215818579 -0.04361938736533588
vn 0 -0.04361938736533588 0.9990482215818579
vn 0 0.04361938736533588 -0.9990482215818579
usemtl m_ede1f5c5-55f8-8291-5e71-77e3daa0a758
f 1450/4121/1031 1449/4122/1031 1451/4123/1031 1452/4124/1031
f 1455/4125/1032 1453/4126/1032 1454/4127/1032 1456/4128/1032
f 1453/4129/1033 1449/4130/1033 1450/4131/1033 1454/4132/1033
f 1452/4133/1034 1451/4134/1034 1455/4135/1034 1456/4136/1034
f 1451/4137/1035 1449/4138/1035 1453/4139/1035 1455/4140/1035
f 1454/4141/1036 1450/4142/1036 1452/4143/1036 1456/4144/1036
o plane
v 0.13437500000000022 0.016476102042037772 0.09781359850130529
v 0.13437500000000022 0.07136780641081016 0.0379098148854827
v -0.009374999999999772 0.016476102042037772 0.09781359850130529
v -0.009374999999999772 0.07136780641081016 0.0379098148854827
vt 0.3125 0.34375
vt 0.3125 0.40625
vt 0.21875 0.40625
vt 0.21875 0.34375
vn 0 0.7372773368101242 0.6755902076156601
usemtl m_ede1f5c5-55f8-8291-5e71-77e3daa0a758
f 1457/4145/1037 1458/4146/1037 1460/4147/1037 1459/4148/1037
o mesh
v 0.2968750000000002 0.011101667405674084 0.1013659721569691
v 0.2968750000000002 0.07443824936964222 0.03224622183101997
v 0.2968750000000002 0.008797675728142447 0.09925475275817017
v 0.2968750000000002 0.07213425769211057 0.030135002432221024
v 0.14062500000000022 0.011101667405674084 0.1013659721569691
v 0.14062500000000022 0.07443824936964222 0.03224622183101997
v 0.14062500000000022 0.008797675728142447 0.09925475275817017
v 0.14062500000000022 0.07213425769211057 0.030135002432221024
vt 0.5625 0.46875
vt 0.5 0.46875
vt 0.5 0.4375
vt 0.5625 0.4375
vt 0.1875 0.375
vt 0.1875 0.40625
vt 0.125 0.40625
vt 0.125 0.375
vt 0 0.40625
vt 0.09375 0.40625
vt 0.09375 0.46875
vt 0 0.46875
vt 0.625 0.9375
vt 0.625 1
vt 0.53125 1
vt 0.53125 0.9375
vt 0.625 0.875
vt 0.625 0.90625
vt 0.53125 0.90625
vt 0.53125 0.875
vt 0.21875 0.46875
vt 0.125 0.46875
vt 0.125 0.4375
vt 0.21875 0.4375
vn 1 0 0
vn -1 0 0
vn 0 0.7372773368101242 0.6755902076156601
vn 0 -0.7372773368101242 -0.6755902076156601
vn 0 -0.6755902076156601 0.7372773368101242
vn 0 0.6755902076156601 -0.7372773368101242
usemtl m_ede1f5c5-55f8-8291-5e71-77e3daa0a758
f 1462/4149/1038 1461/4150/1038 1463/4151/1038 1464/4152/1038
f 1467/4153/1039 1465/4154/1039 1466/4155/1039 1468/4156/1039
f 1465/4157/1040 1461/4158/1040 1462/4159/1040 1466/4160/1040
f 1464/4161/1041 1463/4162/1041 1467/4163/1041 1468/4164/1041
f 1463/4165/1042 1461/4166/1042 1465/4167/1042 1467/4168/1042
f 1466/4169/1043 1462/4170/1043 1464/4171/1043 1468/4172/1043
o mesh
v 0.2968750000000002 0.072519802249576 0.03896542458488217
v 0.2968750000000002 0.07674224104717385 0.0343574412298189
v 0.2968750000000002 0.07021581057204435 0.03685420518608323
v 0.2968750000000002 0.07443824936964222 0.03224622183101997
v 0.14062500000000022 0.072519802249576 0.03896542458488217
v 0.14062500000000022 0.07674224104717385 0.0343574412298189
v 0.14062500000000022 0.07021581057204435 0.03685420518608323
v 0.14062500000000022 0.07443824936964222 0.03224622183101997
vt 0.34375 0.40625
vt 0.3125 0.40625
vt 0.3125 0.375
vt 0.34375 0.375
vt 0.40625 0.375
vt 0.40625 0.40625
vt 0.375 0.40625
vt 0.375 0.375
vt 0.53125 0.8125
vt 0.625 0.8125
vt 0.625 0.84375
vt 0.53125 0.84375
vt 0.625 0.75
vt 0.625 0.78125
vt 0.53125 0.78125
vt 0.53125 0.75
vt 0.34375 0.4375
vt 0.34375 0.46875
vt 0.25 0.46875
vt 0.25 0.4375
vt 0.625 0.71875
vt 0.53125 0.71875
vt 0.53125 0.6875
vt 0.625 0.6875
vn 1 0 0
vn -1 0 0
vn 0 0.7372773368101242 0.6755902076156601
vn 0 -0.7372773368101242 -0.6755902076156601
vn 0 -0.6755902076156601 0.7372773368101242
vn 0 0.6755902076156601 -0.7372773368101242
usemtl m_ede1f5c5-55f8-8291-5e71-77e3daa0a758
f 1470/4173/1044 1469/4174/1044 1471/4175/1044 1472/4176/1044
f 1475/4177/1045 1473/4178/1045 1474/4179/1045 1476/4180/1045
f 1473/4181/1046 1469/4182/1046 1470/4183/1046 1474/4184/1046
f 1472/4185/1047 1471/4186/1047 1475/4187/1047 1476/4188/1047
f 1471/4189/1048 1469/4190/1048 1473/4191/1048 1475/4192/1048
f 1474/4193/1049 1470/4194/1049 1472/4195/1049 1476/4196/1049
o mesh
v 0.2968750000000002 0.013405659083205748 0.10347719155576801
v 0.2968750000000002 0.017628097880803613 0.09886920820070474
v 0.2968750000000002 0.011101667405674108 0.10136597215696908
v 0.2968750000000002 0.01532410620327198 0.09675798880190581
v 0.14062500000000022 0.013405659083205748 0.10347719155576801
v 0.14062500000000022 0.017628097880803613 0.09886920820070474
v 0.14062500000000022 0.011101667405674108 0.10136597215696908
v 0.14062500000000022 0.01532410620327198 0.09675798880190581
vt 0.46875 0.40625
vt 0.4375 0.40625
vt 0.4375 0.375
vt 0.46875 0.375
vt 0.53125 0.375
vt 0.53125 0.40625
vt 0.5 0.40625
vt 0.5 0.375
vt 0.53125 0.625
vt 0.625 0.625
vt 0.625 0.65625
vt 0.53125 0.65625
vt 0.46875 0.4375
vt 0.46875 0.46875
vt 0.375 0.46875
vt 0.375 0.4375
vt 0.625 0.5625
vt 0.625 0.59375
vt 0.53125 0.59375
vt 0.53125 0.5625
vt 0.625 0.53125
vt 0.53125 0.53125
vt 0.53125 0.5
vt 0.625 0.5
vn 1 0 0
vn -1 0 0
vn 0 0.7372773368101242 0.6755902076156601
vn 0 -0.7372773368101242 -0.6755902076156601
vn 0 -0.6755902076156601 0.7372773368101242
vn 0 0.6755902076156601 -0.7372773368101242
usemtl m_ede1f5c5-55f8-8291-5e71-77e3daa0a758
f 1478/4197/1050 1477/4198/1050 1479/4199/1050 1480/4200/1050
f 1483/4201/1051 1481/4202/1051 1482/4203/1051 1484/4204/1051
f 1481/4205/1052 1477/4206/1052 1478/4207/1052 1482/4208/1052
f 1480/4209/1053 1479/4210/1053 1483/4211/1053 1484/4212/1053
f 1479/4213/1054 1477/4214/1054 1481/4215/1054 1483/4216/1054
f 1482/4217/1055 1478/4218/1055 1480/4219/1055 1484/4220/1055
o mesh
v 0.1468750000000002 0.01762809788080353 0.09886920820070484
v 0.1468750000000002 0.07251980224957591 0.03896542458488225
v 0.1468750000000002 0.01532410620327189 0.0967579888019059
v 0.1468750000000002 0.07021581057204428 0.036854205186083316
v 0.14062500000000022 0.01762809788080353 0.09886920820070484
v 0.14062500000000022 0.07251980224957591 0.03896542458488225
v 0.14062500000000022 0.01532410620327189 0.0967579888019059
v 0.14062500000000022 0.07021581057204428 0.036854205186083316
vt 0.625 0.46875
vt 0.59375 0.46875
vt 0.59375 0.4375
vt 0.625 0.4375
vt 0.59375 0.375
vt 0.59375 0.40625
vt 0.5625 0.40625
vt 0.5625 0.375
vt 0 0.34375
vt 0.03125 0.34375
vt 0.03125 0.375
vt 0 0.375
vt 0.09375 0.34375
vt 0.09375 0.375
vt 0.0625 0.375
vt 0.0625 0.34375
vt 0.65625 0.375
vt 0.65625 0.40625
vt 0.625 0.40625
vt 0.625 0.375
vt 0.6875 1
vt 0.65625 1
vt 0.65625 0.96875
vt 0.6875 0.96875
vn 1 0 0
vn -1 0 0
vn 0 0.7372773368101242 0.6755902076156601
vn 0 -0.7372773368101242 -0.6755902076156601
vn 0 -0.6755902076156601 0.7372773368101242
vn 0 0.6755902076156601 -0.7372773368101242
usemtl m_ede1f5c5-55f8-8291-5e71-77e3daa0a758
f 1486/4221/1056 1485/4222/1056 1487/4223/1056 1488/4224/1056
f 1491/4225/1057 1489/4226/1057 1490/4227/1057 1492/4228/1057
f 1489/4229/1058 1485/4230/1058 1486/4231/1058 1490/4232/1058
f 1488/4233/1059 1487/4234/1059 1491/4235/1059 1492/4236/1059
f 1487/4237/1060 1485/4238/1060 1489/4239/1060 1491/4240/1060
f 1490/4241/1061 1486/4242/1061 1488/4243/1061 1492/4244/1061
o mesh
v 0.2968749999999999 0.01762809788080353 0.09886920820070484
v 0.2968749999999999 0.07251980224957591 0.03896542458488225
v 0.2968749999999999 0.01532410620327189 0.0967579888019059
v 0.2968749999999999 0.07021581057204428 0.036854205186083316
v 0.2906249999999999 0.01762809788080353 0.09886920820070484
v 0.2906249999999999 0.07251980224957591 0.03896542458488225
v 0.2906249999999999 0.01532410620327189 0.0967579888019059
v 0.2906249999999999 0.07021581057204428 0.036854205186083316
vt 0.6875 0.9375
vt 0.65625 0.9375
vt 0.65625 0.90625
vt 0.6875 0.90625
vt 0.15625 0.3125
vt 0.15625 0.34375
vt 0.125 0.34375
vt 0.125 0.3125
vt 0.65625 0.84375
vt 0.6875 0.84375
vt 0.6875 0.875
vt 0.65625 0.875
vt 0.21875 0.3125
vt 0.21875 0.34375
vt 0.1875 0.34375
vt 0.1875 0.3125
vt 0.6875 0.78125
vt 0.6875 0.8125
vt 0.65625 0.8125
vt 0.65625 0.78125
vt 0.28125 0.34375
vt 0.25 0.34375
vt 0.25 0.3125
vt 0.28125 0.3125
vn 1 0 0
vn -1 0 0
vn 0 0.7372773368101242 0.6755902076156601
vn 0 -0.7372773368101242 -0.6755902076156601
vn 0 -0.6755902076156601 0.7372773368101242
vn 0 0.6755902076156601 -0.7372773368101242
usemtl m_ede1f5c5-55f8-8291-5e71-77e3daa0a758
f 1494/4245/1062 1493/4246/1062 1495/4247/1062 1496/4248/1062
f 1499/4249/1063 1497/4250/1063 1498/4251/1063 1500/4252/1063
f 1497/4253/1064 1493/4254/1064 1494/4255/1064 1498/4256/1064
f 1496/4257/1065 1495/4258/1065 1499/4259/1065 1500/4260/1065
f 1495/4261/1066 1493/4262/1066 1497/4263/1066 1499/4264/1066
f 1498/4265/1067 1494/4266/1067 1496/4267/1067 1500/4268/1067
o mesh
v 0.22500000000000023 0.04062045955083649 0.06937177826929063
v 0.22500000000000023 0.04089308072186984 0.06312772688440402
v 0.22500000000000023 -0.0015268872971481266 0.06753158536481552
v 0.22500000000000023 -0.0012542661261147788 0.06128753397992891
v 0.21250000000000022 0.04062045955083649 0.06937177826929063
v 0.21250000000000022 0.04089308072186984 0.06312772688440402
v 0.21250000000000022 -0.0015268872971481266 0.06753158536481552
v 0.21250000000000022 -0.0012542661261147788 0.06128753397992891
vt 0.6875 0.75
vt 0.65625 0.75
vt 0.65625 0.71875
vt 0.6875 0.71875
vt 0.34375 0.3125
vt 0.34375 0.34375
vt 0.3125 0.34375
vt 0.3125 0.3125
vt 0.65625 0.65625
vt 0.6875 0.65625
vt 0.6875 0.6875
vt 0.65625 0.6875
vt 0.40625 0.3125
vt 0.40625 0.34375
vt 0.375 0.34375
vt 0.375 0.3125
vt 0.6875 0.59375
vt 0.6875 0.625
vt 0.65625 0.625
vt 0.65625 0.59375
vt 0.46875 0.34375
vt 0.4375 0.34375
vt 0.4375 0.3125
vt 0.46875 0.3125
vn 1 0 0
vn -1 0 0
vn 0 0.9990482215818579 0.04361938736533588
vn 0 -0.9990482215818579 -0.04361938736533588
vn 0 -0.04361938736533588 0.9990482215818579
vn 0 0.04361938736533588 -0.9990482215818579
usemtl m_ede1f5c5-55f8-8291-5e71-77e3daa0a758
f 1502/4269/1068 1501/4270/1068 1503/4271/1068 1504/4272/1068
f 1507/4273/1069 1505/4274/1069 1506/4275/1069 1508/4276/1069
f 1505/4277/1070 1501/4278/1070 1502/4279/1070 1506/4280/1070
f 1504/4281/1071 1503/4282/1071 1507/4283/1071 1508/4284/1071
f 1503/4285/1072 1501/4286/1072 1505/4287/1072 1507/4288/1072
f 1506/4289/1073 1502/4290/1073 1504/4291/1073 1508/4292/1073
o plane
v 0.29062500000000024 0.016476102042037772 0.09781359850130529
v 0.29062500000000024 0.07136780641081016 0.0379098148854827
v 0.14687500000000023 0.016476102042037772 0.09781359850130529
v 0.14687500000000023 0.07136780641081016 0.0379098148854827
vt 0.3125 0.34375
vt 0.3125 0.40625
vt 0.21875 0.40625
vt 0.21875 0.34375
vn 0 0.7372773368101242 0.6755902076156601
usemtl m_ede1f5c5-55f8-8291-5e71-77e3daa0a758
f 1509/4293/1074 1510/4294/1074 1512/4295/1074 1511/4296/1074
o mesh
v 0.4531250000000002 0.011101667405674084 0.1013659721569691
v 0.4531250000000002 0.07443824936964222 0.03224622183101997
v 0.4531250000000002 0.008797675728142447 0.09925475275817017
v 0.4531250000000002 0.07213425769211057 0.030135002432221024
v 0.2968750000000002 0.011101667405674084 0.1013659721569691
v 0.2968750000000002 0.07443824936964222 0.03224622183101997
v 0.2968750000000002 0.008797675728142447 0.09925475275817017
v 0.2968750000000002 0.07213425769211057 0.030135002432221024
vt 0.5625 0.46875
vt 0.5 0.46875
vt 0.5 0.4375
vt 0.5625 0.4375
vt 0.1875 0.375
vt 0.1875 0.40625
vt 0.125 0.40625
vt 0.125 0.375
vt 0 0.40625
vt 0.09375 0.40625
vt 0.09375 0.46875
vt 0 0.46875
vt 0.625 0.9375
vt 0.625 1
vt 0.53125 1
vt 0.53125 0.9375
vt 0.625 0.875
vt 0.625 0.90625
vt 0.53125 0.90625
vt 0.53125 0.875
vt 0.21875 0.46875
vt 0.125 0.46875
vt 0.125 0.4375
vt 0.21875 0.4375
vn 1 0 0
vn -1 0 0
vn 0 0.7372773368101242 0.6755902076156601
vn 0 -0.7372773368101242 -0.6755902076156601
vn 0 -0.6755902076156601 0.7372773368101242
vn 0 0.6755902076156601 -0.7372773368101242
usemtl m_ede1f5c5-55f8-8291-5e71-77e3daa0a758
f 1514/4297/1075 1513/4298/1075 1515/4299/1075 1516/4300/1075
f 1519/4301/1076 1517/4302/1076 1518/4303/1076 1520/4304/1076
f 1517/4305/1077 1513/4306/1077 1514/4307/1077 1518/4308/1077
f 1516/4309/1078 1515/4310/1078 1519/4311/1078 1520/4312/1078
f 1515/4313/1079 1513/4314/1079 1517/4315/1079 1519/4316/1079
f 1518/4317/1080 1514/4318/1080 1516/4319/1080 1520/4320/1080
o mesh
v 0.4531250000000002 0.072519802249576 0.03896542458488217
v 0.4531250000000002 0.07674224104717385 0.0343574412298189
v 0.4531250000000002 0.07021581057204435 0.03685420518608323
v 0.4531250000000002 0.07443824936964222 0.03224622183101997
v 0.2968750000000002 0.072519802249576 0.03896542458488217
v 0.2968750000000002 0.07674224104717385 0.0343574412298189
v 0.2968750000000002 0.07021581057204435 0.03685420518608323
v 0.2968750000000002 0.07443824936964222 0.03224622183101997
vt 0.34375 0.40625
vt 0.3125 0.40625
vt 0.3125 0.375
vt 0.34375 0.375
vt 0.40625 0.375
vt 0.40625 0.40625
vt 0.375 0.40625
vt 0.375 0.375
vt 0.53125 0.8125
vt 0.625 0.8125
vt 0.625 0.84375
vt 0.53125 0.84375
vt 0.625 0.75
vt 0.625 0.78125
vt 0.53125 0.78125
vt 0.53125 0.75
vt 0.34375 0.4375
vt 0.34375 0.46875
vt 0.25 0.46875
vt 0.25 0.4375
vt 0.625 0.71875
vt 0.53125 0.71875
vt 0.53125 0.6875
vt 0.625 0.6875
vn 1 0 0
vn -1 0 0
vn 0 0.7372773368101242 0.6755902076156601
vn 0 -0.7372773368101242 -0.6755902076156601
vn 0 -0.6755902076156601 0.7372773368101242
vn 0 0.6755902076156601 -0.7372773368101242
usemtl m_ede1f5c5-55f8-8291-5e71-77e3daa0a758
f 1522/4321/1081 1521/4322/1081 1523/4323/1081 1524/4324/1081
f 1527/4325/1082 1525/4326/1082 1526/4327/1082 1528/4328/1082
f 1525/4329/1083 1521/4330/1083 1522/4331/1083 1526/4332/1083
f 1524/4333/1084 1523/4334/1084 1527/4335/1084 1528/4336/1084
f 1523/4337/1085 1521/4338/1085 1525/4339/1085 1527/4340/1085
f 1526/4341/1086 1522/4342/1086 1524/4343/1086 1528/4344/1086
o mesh
v 0.4531250000000002 0.013405659083205748 0.10347719155576801
v 0.4531250000000002 0.017628097880803613 0.09886920820070474
v 0.4531250000000002 0.011101667405674108 0.10136597215696908
v 0.4531250000000002 0.01532410620327198 0.09675798880190581
v 0.2968750000000002 0.013405659083205748 0.10347719155576801
v 0.2968750000000002 0.017628097880803613 0.09886920820070474
v 0.2968750000000002 0.011101667405674108 0.10136597215696908
v 0.2968750000000002 0.01532410620327198 0.09675798880190581
vt 0.46875 0.40625
vt 0.4375 0.40625
vt 0.4375 0.375
vt 0.46875 0.375
vt 0.53125 0.375
vt 0.53125 0.40625
vt 0.5 0.40625
vt 0.5 0.375
vt 0.53125 0.625
vt 0.625 0.625
vt 0.625 0.65625
vt 0.53125 0.65625
vt 0.46875 0.4375
vt 0.46875 0.46875
vt 0.375 0.46875
vt 0.375 0.4375
vt 0.625 0.5625
vt 0.625 0.59375
vt 0.53125 0.59375
vt 0.53125 0.5625
vt 0.625 0.53125
vt 0.53125 0.53125
vt 0.53125 0.5
vt 0.625 0.5
vn 1 0 0
vn -1 0 0
vn 0 0.7372773368101242 0.6755902076156601
vn 0 -0.7372773368101242 -0.6755902076156601
vn 0 -0.6755902076156601 0.7372773368101242
vn 0 0.6755902076156601 -0.7372773368101242
usemtl m_ede1f5c5-55f8-8291-5e71-77e3daa0a758
f 1530/4345/1087 1529/4346/1087 1531/4347/1087 1532/4348/1087
f 1535/4349/1088 1533/4350/1088 1534/4351/1088 1536/4352/1088
f 1533/4353/1089 1529/4354/1089 1530/4355/1089 1534/4356/1089
f 1532/4357/1090 1531/4358/1090 1535/4359/1090 1536/4360/1090
f 1531/4361/1091 1529/4362/1091 1533/4363/1091 1535/4364/1091
f 1534/4365/1092 1530/4366/1092 1532/4367/1092 1536/4368/1092
o mesh
v 0.3031250000000002 0.01762809788080353 0.09886920820070484
v 0.3031250000000002 0.07251980224957591 0.03896542458488225
v 0.3031250000000002 0.01532410620327189 0.0967579888019059
v 0.3031250000000002 0.07021581057204428 0.036854205186083316
v 0.2968750000000002 0.01762809788080353 0.09886920820070484
v 0.2968750000000002 0.07251980224957591 0.03896542458488225
v 0.2968750000000002 0.01532410620327189 0.0967579888019059
v 0.2968750000000002 0.07021581057204428 0.036854205186083316
vt 0.625 0.46875
vt 0.59375 0.46875
vt 0.59375 0.4375
vt 0.625 0.4375
vt 0.59375 0.375
vt 0.59375 0.40625
vt 0.5625 0.40625
vt 0.5625 0.375
vt 0 0.34375
vt 0.03125 0.34375
vt 0.03125 0.375
vt 0 0.375
vt 0.09375 0.34375
vt 0.09375 0.375
vt 0.0625 0.375
vt 0.0625 0.34375
vt 0.65625 0.375
vt 0.65625 0.40625
vt 0.625 0.40625
vt 0.625 0.375
vt 0.6875 1
vt 0.65625 1
vt 0.65625 0.96875
vt 0.6875 0.96875
vn 1 0 0
vn -1 0 0
vn 0 0.7372773368101242 0.6755902076156601
vn 0 -0.7372773368101242 -0.6755902076156601
vn 0 -0.6755902076156601 0.7372773368101242
vn 0 0.6755902076156601 -0.7372773368101242
usemtl m_ede1f5c5-55f8-8291-5e71-77e3daa0a758
f 1538/4369/1093 1537/4370/1093 1539/4371/1093 1540/4372/1093
f 1543/4373/1094 1541/4374/1094 1542/4375/1094 1544/4376/1094
f 1541/4377/1095 1537/4378/1095 1538/4379/1095 1542/4380/1095
f 1540/4381/1096 1539/4382/1096 1543/4383/1096 1544/4384/1096
f 1539/4385/1097 1537/4386/1097 1541/4387/1097 1543/4388/1097
f 1542/4389/1098 1538/4390/1098 1540/4391/1098 1544/4392/1098
o mesh
v 0.4531249999999999 0.01762809788080353 0.09886920820070484
v 0.4531249999999999 0.07251980224957591 0.03896542458488225
v 0.4531249999999999 0.01532410620327189 0.0967579888019059
v 0.4531249999999999 0.07021581057204428 0.036854205186083316
v 0.4468749999999999 0.01762809788080353 0.09886920820070484
v 0.4468749999999999 0.07251980224957591 0.03896542458488225
v 0.4468749999999999 0.01532410620327189 0.0967579888019059
v 0.4468749999999999 0.07021581057204428 0.036854205186083316
vt 0.6875 0.9375
vt 0.65625 0.9375
vt 0.65625 0.90625
vt 0.6875 0.90625
vt 0.15625 0.3125
vt 0.15625 0.34375
vt 0.125 0.34375
vt 0.125 0.3125
vt 0.65625 0.84375
vt 0.6875 0.84375
vt 0.6875 0.875
vt 0.65625 0.875
vt 0.21875 0.3125
vt 0.21875 0.34375
vt 0.1875 0.34375
vt 0.1875 0.3125
vt 0.6875 0.78125
vt 0.6875 0.8125
vt 0.65625 0.8125
vt 0.65625 0.78125
vt 0.28125 0.34375
vt 0.25 0.34375
vt 0.25 0.3125
vt 0.28125 0.3125
vn 1 0 0
vn -1 0 0
vn 0 0.7372773368101242 0.6755902076156601
vn 0 -0.7372773368101242 -0.6755902076156601
vn 0 -0.6755902076156601 0.7372773368101242
vn 0 0.6755902076156601 -0.7372773368101242
usemtl m_ede1f5c5-55f8-8291-5e71-77e3daa0a758
f 1546/4393/1099 1545/4394/1099 1547/4395/1099 1548/4396/1099
f 1551/4397/1100 1549/4398/1100 1550/4399/1100 1552/4400/1100
f 1549/4401/1101 1545/4402/1101 1546/4403/1101 1550/4404/1101
f 1548/4405/1102 1547/4406/1102 1551/4407/1102 1552/4408/1102
f 1547/4409/1103 1545/4410/1103 1549/4411/1103 1551/4412/1103
f 1550/4413/1104 1546/4414/1104 1548/4415/1104 1552/4416/1104
o mesh
v 0.3812500000000002 0.04062045955083649 0.06937177826929063
v 0.3812500000000002 0.04089308072186984 0.06312772688440402
v 0.3812500000000002 -0.0015268872971481266 0.06753158536481552
v 0.3812500000000002 -0.0012542661261147788 0.06128753397992891
v 0.36875000000000024 0.04062045955083649 0.06937177826929063
v 0.36875000000000024 0.04089308072186984 0.06312772688440402
v 0.36875000000000024 -0.0015268872971481266 0.06753158536481552
v 0.36875000000000024 -0.0012542661261147788 0.06128753397992891
vt 0.6875 0.75
vt 0.65625 0.75
vt 0.65625 0.71875
vt 0.6875 0.71875
vt 0.34375 0.3125
vt 0.34375 0.34375
vt 0.3125 0.34375
vt 0.3125 0.3125
vt 0.65625 0.65625
vt 0.6875 0.65625
vt 0.6875 0.6875
vt 0.65625 0.6875
vt 0.40625 0.3125
vt 0.40625 0.34375
vt 0.375 0.34375
vt 0.375 0.3125
vt 0.6875 0.59375
vt 0.6875 0.625
vt 0.65625 0.625
vt 0.65625 0.59375
vt 0.46875 0.34375
vt 0.4375 0.34375
vt 0.4375 0.3125
vt 0.46875 0.3125
vn 1 0 0
vn -1 0 0
vn 0 0.9990482215818579 0.04361938736533588
vn 0 -0.9990482215818579 -0.04361938736533588
vn 0 -0.04361938736533588 0.9990482215818579
vn 0 0.04361938736533588 -0.9990482215818579
usemtl m_ede1f5c5-55f8-8291-5e71-77e3daa0a758
f 1554/4417/1105 1553/4418/1105 1555/4419/1105 1556/4420/1105
f 1559/4421/1106 1557/4422/1106 1558/4423/1106 1560/4424/1106
f 1557/4425/1107 1553/4426/1107 1554/4427/1107 1558/4428/1107
f 1556/4429/1108 1555/4430/1108 1559/4431/1108 1560/4432/1108
f 1555/4433/1109 1553/4434/1109 1557/4435/1109 1559/4436/1109
f 1558/4437/1110 1554/4438/1110 1556/4439/1110 1560/4440/1110
o plane
v 0.44687500000000024 0.016476102042037772 0.09781359850130529
v 0.44687500000000024 0.07136780641081016 0.0379098148854827
v 0.3031250000000002 0.016476102042037772 0.09781359850130529
v 0.3031250000000002 0.07136780641081016 0.0379098148854827
vt 0.3125 0.34375
vt 0.3125 0.40625
vt 0.21875 0.40625
vt 0.21875 0.34375
vn 0 0.7372773368101242 0.6755902076156601
usemtl m_ede1f5c5-55f8-8291-5e71-77e3daa0a758
f 1561/4441/1111 1562/4442/1111 1564/4443/1111 1563/4444/1111
o mesh
v -0.3281249999999998 0.011101667405674084 -0.11738402784303088
v -0.3281249999999998 0.07443824936964222 -0.18650377816898003
v -0.3281249999999998 0.008797675728142447 -0.11949524724182983
v -0.3281249999999998 0.07213425769211057 -0.18861499756777897
v -0.4843749999999998 0.011101667405674084 -0.11738402784303088
v -0.4843749999999998 0.07443824936964222 -0.18650377816898003
v -0.4843749999999998 0.008797675728142447 -0.11949524724182983
v -0.4843749999999998 0.07213425769211057 -0.18861499756777897
vt 0.5625 0.46875
vt 0.5 0.46875
vt 0.5 0.4375
vt 0.5625 0.4375
vt 0.1875 0.375
vt 0.1875 0.40625
vt 0.125 0.40625
vt 0.125 0.375
vt 0 0.40625
vt 0.09375 0.40625
vt 0.09375 0.46875
vt 0 0.46875
vt 0.625 0.9375
vt 0.625 1
vt 0.53125 1
vt 0.53125 0.9375
vt 0.625 0.875
vt 0.625 0.90625
vt 0.53125 0.90625
vt 0.53125 0.875
vt 0.21875 0.46875
vt 0.125 0.46875
vt 0.125 0.4375
vt 0.21875 0.4375
vn 1 0 0
vn -1 0 0
vn 0 0.7372773368101242 0.6755902076156601
vn 0 -0.7372773368101242 -0.6755902076156601
vn 0 -0.6755902076156601 0.7372773368101242
vn 0 0.6755902076156601 -0.7372773368101242
usemtl m_ede1f5c5-55f8-8291-5e71-77e3daa0a758
f 1566/4445/1112 1565/4446/1112 1567/4447/1112 1568/4448/1112
f 1571/4449/1113 1569/4450/1113 1570/4451/1113 1572/4452/1113
f 1569/4453/1114 1565/4454/1114 1566/4455/1114 1570/4456/1114
f 1568/4457/1115 1567/4458/1115 1571/4459/1115 1572/4460/1115
f 1567/4461/1116 1565/4462/1116 1569/4463/1116 1571/4464/1116
f 1570/4465/1117 1566/4466/1117 1568/4467/1117 1572/4468/1117
o mesh
v -0.3281249999999998 0.072519802249576 -0.17978457541511783
v -0.3281249999999998 0.07674224104717385 -0.18439255877018107
v -0.3281249999999998 0.07021581057204435 -0.18189579481391677
v -0.3281249999999998 0.07443824936964222 -0.18650377816898003
v -0.4843749999999998 0.072519802249576 -0.17978457541511783
v -0.4843749999999998 0.07674224104717385 -0.18439255877018107
v -0.4843749999999998 0.07021581057204435 -0.18189579481391677
v -0.4843749999999998 0.07443824936964222 -0.18650377816898003
vt 0.34375 0.40625
vt 0.3125 0.40625
vt 0.3125 0.375
vt 0.34375 0.375
vt 0.40625 0.375
vt 0.40625 0.40625
vt 0.375 0.40625
vt 0.375 0.375
vt 0.53125 0.8125
vt 0.625 0.8125
vt 0.625 0.84375
vt 0.53125 0.84375
vt 0.625 0.75
vt 0.625 0.78125
vt 0.53125 0.78125
vt 0.53125 0.75
vt 0.34375 0.4375
vt 0.34375 0.46875
vt 0.25 0.46875
vt 0.25 0.4375
vt 0.625 0.71875
vt 0.53125 0.71875
vt 0.53125 0.6875
vt 0.625 0.6875
vn 1 0 0
vn -1 0 0
vn 0 0.7372773368101242 0.6755902076156601
vn 0 -0.7372773368101242 -0.6755902076156601
vn 0 -0.6755902076156601 0.7372773368101242
vn 0 0.6755902076156601 -0.7372773368101242
usemtl m_ede1f5c5-55f8-8291-5e71-77e3daa0a758
f 1574/4469/1118 1573/4470/1118 1575/4471/1118 1576/4472/1118
f 1579/4473/1119 1577/4474/1119 1578/4475/1119 1580/4476/1119
f 1577/4477/1120 1573/4478/1120 1574/4479/1120 1578/4480/1120
f 1576/4481/1121 1575/4482/1121 1579/4483/1121 1580/4484/1121
f 1575/4485/1122 1573/4486/1122 1577/4487/1122 1579/4488/1122
f 1578/4489/1123 1574/4490/1123 1576/4491/1123 1580/4492/1123
o mesh
v -0.3281249999999998 0.013405659083205727 -0.11527280844423198
v -0.3281249999999998 0.017628097880803592 -0.11988079179929524
v -0.3281249999999998 0.011101667405674087 -0.11738402784303091
v -0.3281249999999998 0.015324106203271959 -0.12199201119809418
v -0.4843749999999998 0.013405659083205727 -0.11527280844423198
v -0.4843749999999998 0.017628097880803592 -0.11988079179929524
v -0.4843749999999998 0.011101667405674087 -0.11738402784303091
v -0.4843749999999998 0.015324106203271959 -0.12199201119809418
vt 0.46875 0.40625
vt 0.4375 0.40625
vt 0.4375 0.375
vt 0.46875 0.375
vt 0.53125 0.375
vt 0.53125 0.40625
vt 0.5 0.40625
vt 0.5 0.375
vt 0.53125 0.625
vt 0.625 0.625
vt 0.625 0.65625
vt 0.53125 0.65625
vt 0.46875 0.4375
vt 0.46875 0.46875
vt 0.375 0.46875
vt 0.375 0.4375
vt 0.625 0.5625
vt 0.625 0.59375
vt 0.53125 0.59375
vt 0.53125 0.5625
vt 0.625 0.53125
vt 0.53125 0.53125
vt 0.53125 0.5
vt 0.625 0.5
vn 1 0 0
vn -1 0 0
vn 0 0.7372773368101242 0.6755902076156601
vn 0 -0.7372773368101242 -0.6755902076156601
vn 0 -0.6755902076156601 0.7372773368101242
vn 0 0.6755902076156601 -0.7372773368101242
usemtl m_ede1f5c5-55f8-8291-5e71-77e3daa0a758
f 1582/4493/1124 1581/4494/1124 1583/4495/1124 1584/4496/1124
f 1587/4497/1125 1585/4498/1125 1586/4499/1125 1588/4500/1125
f 1585/4501/1126 1581/4502/1126 1582/4503/1126 1586/4504/1126
f 1584/4505/1127 1583/4506/1127 1587/4507/1127 1588/4508/1127
f 1583/4509/1128 1581/4510/1128 1585/4511/1128 1587/4512/1128
f 1586/4513/1129 1582/4514/1129 1584/4515/1129 1588/4516/1129
o mesh
v -0.4781249999999998 0.017628097880803516 -0.11988079179929514
v -0.4781249999999998 0.0725198022495759 -0.17978457541511772
v -0.4781249999999998 0.015324106203271876 -0.12199201119809408
v -0.4781249999999998 0.07021581057204426 -0.18189579481391666
v -0.4843749999999998 0.017628097880803516 -0.11988079179929514
v -0.4843749999999998 0.0725198022495759 -0.17978457541511772
v -0.4843749999999998 0.015324106203271876 -0.12199201119809408
v -0.4843749999999998 0.07021581057204426 -0.18189579481391666
vt 0.625 0.46875
vt 0.59375 0.46875
vt 0.59375 0.4375
vt 0.625 0.4375
vt 0.59375 0.375
vt 0.59375 0.40625
vt 0.5625 0.40625
vt 0.5625 0.375
vt 0 0.34375
vt 0.03125 0.34375
vt 0.03125 0.375
vt 0 0.375
vt 0.09375 0.34375
vt 0.09375 0.375
vt 0.0625 0.375
vt 0.0625 0.34375
vt 0.65625 0.375
vt 0.65625 0.40625
vt 0.625 0.40625
vt 0.625 0.375
vt 0.6875 1
vt 0.65625 1
vt 0.65625 0.96875
vt 0.6875 0.96875
vn 1 0 0
vn -1 0 0
vn 0 0.7372773368101242 0.6755902076156601
vn 0 -0.7372773368101242 -0.6755902076156601
vn 0 -0.6755902076156601 0.7372773368101242
vn 0 0.6755902076156601 -0.7372773368101242
usemtl m_ede1f5c5-55f8-8291-5e71-77e3daa0a758
f 1590/4517/1130 1589/4518/1130 1591/4519/1130 1592/4520/1130
f 1595/4521/1131 1593/4522/1131 1594/4523/1131 1596/4524/1131
f 1593/4525/1132 1589/4526/1132 1590/4527/1132 1594/4528/1132
f 1592/4529/1133 1591/4530/1133 1595/4531/1133 1596/4532/1133
f 1591/4533/1134 1589/4534/1134 1593/4535/1134 1595/4536/1134
f 1594/4537/1135 1590/4538/1135 1592/4539/1135 1596/4540/1135
o mesh
v -0.3281250000000001 0.017628097880803516 -0.11988079179929514
v -0.3281250000000001 0.0725198022495759 -0.17978457541511772
v -0.3281250000000001 0.015324106203271876 -0.12199201119809408
v -0.3281250000000001 0.07021581057204426 -0.18189579481391666
v -0.3343750000000001 0.017628097880803516 -0.11988079179929514
v -0.3343750000000001 0.0725198022495759 -0.17978457541511772
v -0.3343750000000001 0.015324106203271876 -0.12199201119809408
v -0.3343750000000001 0.07021581057204426 -0.18189579481391666
vt 0.6875 0.9375
vt 0.65625 0.9375
vt 0.65625 0.90625
vt 0.6875 0.90625
vt 0.15625 0.3125
vt 0.15625 0.34375
vt 0.125 0.34375
vt 0.125 0.3125
vt 0.65625 0.84375
vt 0.6875 0.84375
vt 0.6875 0.875
vt 0.65625 0.875
vt 0.21875 0.3125
vt 0.21875 0.34375
vt 0.1875 0.34375
vt 0.1875 0.3125
vt 0.6875 0.78125
vt 0.6875 0.8125
vt 0.65625 0.8125
vt 0.65625 0.78125
vt 0.28125 0.34375
vt 0.25 0.34375
vt 0.25 0.3125
vt 0.28125 0.3125
vn 1 0 0
vn -1 0 0
vn 0 0.7372773368101242 0.6755902076156601
vn 0 -0.7372773368101242 -0.6755902076156601
vn 0 -0.6755902076156601 0.7372773368101242
vn 0 0.6755902076156601 -0.7372773368101242
usemtl m_ede1f5c5-55f8-8291-5e71-77e3daa0a758
f 1598/4541/1136 1597/4542/1136 1599/4543/1136 1600/4544/1136
f 1603/4545/1137 1601/4546/1137 1602/4547/1137 1604/4548/1137
f 1601/4549/1138 1597/4550/1138 1598/4551/1138 1602/4552/1138
f 1600/4553/1139 1599/4554/1139 1603/4555/1139 1604/4556/1139
f 1599/4557/1140 1597/4558/1140 1601/4559/1140 1603/4560/1140
f 1602/4561/1141 1598/4562/1141 1600/4563/1141 1604/4564/1141
o mesh
v -0.3999999999999998 0.04062045955083649 -0.14937822173070936
v -0.3999999999999998 0.04089308072186984 -0.15562227311559598
v -0.3999999999999998 -0.0015268872971481266 -0.15121841463518448
v -0.3999999999999998 -0.0012542661261147788 -0.15746246602007108
v -0.41249999999999976 0.04062045955083649 -0.14937822173070936
v -0.41249999999999976 0.04089308072186984 -0.15562227311559598
v -0.41249999999999976 -0.0015268872971481266 -0.15121841463518448
v -0.41249999999999976 -0.0012542661261147788 -0.15746246602007108
vt 0.6875 0.75
vt 0.65625 0.75
vt 0.65625 0.71875
vt 0.6875 0.71875
vt 0.34375 0.3125
vt 0.34375 0.34375
vt 0.3125 0.34375
vt 0.3125 0.3125
vt 0.65625 0.65625
vt 0.6875 0.65625
vt 0.6875 0.6875
vt 0.65625 0.6875
vt 0.40625 0.3125
vt 0.40625 0.34375
vt 0.375 0.34375
vt 0.375 0.3125
vt 0.6875 0.59375
vt 0.6875 0.625
vt 0.65625 0.625
vt 0.65625 0.59375
vt 0.46875 0.34375
vt 0.4375 0.34375
vt 0.4375 0.3125
vt 0.46875 0.3125
vn 1 0 0
vn -1 0 0
vn 0 0.9990482215818579 0.04361938736533588
vn 0 -0.9990482215818579 -0.04361938736533588
vn 0 -0.04361938736533588 0.9990482215818579
vn 0 0.04361938736533588 -0.9990482215818579
usemtl m_ede1f5c5-55f8-8291-5e71-77e3daa0a758
f 1606/4565/1142 1605/4566/1142 1607/4567/1142 1608/4568/1142
f 1611/4569/1143 1609/4570/1143 1610/4571/1143 1612/4572/1143
f 1609/4573/1144 1605/4574/1144 1606/4575/1144 1610/4576/1144
f 1608/4577/1145 1607/4578/1145 1611/4579/1145 1612/4580/1145
f 1607/4581/1146 1605/4582/1146 1609/4583/1146 1611/4584/1146
f 1610/4585/1147 1606/4586/1147 1608/4587/1147 1612/4588/1147
o plane
v -0.33437499999999976 0.016476102042037772 -0.12093640149869471
v -0.33437499999999976 0.07136780641081016 -0.1808401851145173
v -0.4781249999999998 0.016476102042037772 -0.12093640149869471
v -0.4781249999999998 0.07136780641081016 -0.1808401851145173
vt 0.3125 0.34375
vt 0.3125 0.40625
vt 0.21875 0.40625
vt 0.21875 0.34375
vn 0 0.7372773368101242 0.6755902076156601
usemtl m_ede1f5c5-55f8-8291-5e71-77e3daa0a758
f 1613/4589/1148 1614/4590/1148 1616/4591/1148 1615/4592/1148
o mesh
v -0.17187499999999975 0.011101667405674084 -0.11738402784303088
v -0.17187499999999975 0.07443824936964222 -0.18650377816898003
v -0.17187499999999975 0.008797675728142447 -0.11949524724182983
v -0.17187499999999975 0.07213425769211057 -0.18861499756777897
v -0.3281249999999998 0.011101667405674084 -0.11738402784303088
v -0.3281249999999998 0.07443824936964222 -0.18650377816898003
v -0.3281249999999998 0.008797675728142447 -0.11949524724182983
v -0.3281249999999998 0.07213425769211057 -0.18861499756777897
vt 0.5625 0.46875
vt 0.5 0.46875
vt 0.5 0.4375
vt 0.5625 0.4375
vt 0.1875 0.375
vt 0.1875 0.40625
vt 0.125 0.40625
vt 0.125 0.375
vt 0 0.40625
vt 0.09375 0.40625
vt 0.09375 0.46875
vt 0 0.46875
vt 0.625 0.9375
vt 0.625 1
vt 0.53125 1
vt 0.53125 0.9375
vt 0.625 0.875
vt 0.625 0.90625
vt 0.53125 0.90625
vt 0.53125 0.875
vt 0.21875 0.46875
vt 0.125 0.46875
vt 0.125 0.4375
vt 0.21875 0.4375
vn 1 0 0
vn -1 0 0
vn 0 0.7372773368101242 0.6755902076156601
vn 0 -0.7372773368101242 -0.6755902076156601
vn 0 -0.6755902076156601 0.7372773368101242
vn 0 0.6755902076156601 -0.7372773368101242
usemtl m_ede1f5c5-55f8-8291-5e71-77e3daa0a758
f 1618/4593/1149 1617/4594/1149 1619/4595/1149 1620/4596/1149
f 1623/4597/1150 1621/4598/1150 1622/4599/1150 1624/4600/1150
f 1621/4601/1151 1617/4602/1151 1618/4603/1151 1622/4604/1151
f 1620/4605/1152 1619/4606/1152 1623/4607/1152 1624/4608/1152
f 1619/4609/1153 1617/4610/1153 1621/4611/1153 1623/4612/1153
f 1622/4613/1154 1618/4614/1154 1620/4615/1154 1624/4616/1154
o mesh
v -0.17187499999999975 0.072519802249576 -0.17978457541511783
v -0.17187499999999975 0.07674224104717385 -0.18439255877018107
v -0.17187499999999975 0.07021581057204435 -0.18189579481391677
v -0.17187499999999975 0.07443824936964222 -0.18650377816898003
v -0.3281249999999998 0.072519802249576 -0.17978457541511783
v -0.3281249999999998 0.07674224104717385 -0.18439255877018107
v -0.3281249999999998 0.07021581057204435 -0.18189579481391677
v -0.3281249999999998 0.07443824936964222 -0.18650377816898003
vt 0.34375 0.40625
vt 0.3125 0.40625
vt 0.3125 0.375
vt 0.34375 0.375
vt 0.40625 0.375
vt 0.40625 0.40625
vt 0.375 0.40625
vt 0.375 0.375
vt 0.53125 0.8125
vt 0.625 0.8125
vt 0.625 0.84375
vt 0.53125 0.84375
vt 0.625 0.75
vt 0.625 0.78125
vt 0.53125 0.78125
vt 0.53125 0.75
vt 0.34375 0.4375
vt 0.34375 0.46875
vt 0.25 0.46875
vt 0.25 0.4375
vt 0.625 0.71875
vt 0.53125 0.71875
vt 0.53125 0.6875
vt 0.625 0.6875
vn 1 0 0
vn -1 0 0
vn 0 0.7372773368101242 0.6755902076156601
vn 0 -0.7372773368101242 -0.6755902076156601
vn 0 -0.6755902076156601 0.7372773368101242
vn 0 0.6755902076156601 -0.7372773368101242
usemtl m_ede1f5c5-55f8-8291-5e71-77e3daa0a758
f 1626/4617/1155 1625/4618/1155 1627/4619/1155 1628/4620/1155
f 1631/4621/1156 1629/4622/1156 1630/4623/1156 1632/4624/1156
f 1629/4625/1157 1625/4626/1157 1626/4627/1157 1630/4628/1157
f 1628/4629/1158 1627/4630/1158 1631/4631/1158 1632/4632/1158
f 1627/4633/1159 1625/4634/1159 1629/4635/1159 1631/4636/1159
f 1630/4637/1160 1626/4638/1160 1628/4639/1160 1632/4640/1160
o mesh
v -0.17187499999999975 0.013405659083205727 -0.11527280844423198
v -0.17187499999999975 0.017628097880803592 -0.11988079179929524
v -0.17187499999999975 0.011101667405674087 -0.11738402784303091
v -0.17187499999999975 0.015324106203271959 -0.12199201119809418
v -0.3281249999999998 0.013405659083205727 -0.11527280844423198
v -0.3281249999999998 0.017628097880803592 -0.11988079179929524
v -0.3281249999999998 0.011101667405674087 -0.11738402784303091
v -0.3281249999999998 0.015324106203271959 -0.12199201119809418
vt 0.46875 0.40625
vt 0.4375 0.40625
vt 0.4375 0.375
vt 0.46875 0.375
vt 0.53125 0.375
vt 0.53125 0.40625
vt 0.5 0.40625
vt 0.5 0.375
vt 0.53125 0.625
vt 0.625 0.625
vt 0.625 0.65625
vt 0.53125 0.65625
vt 0.46875 0.4375
vt 0.46875 0.46875
vt 0.375 0.46875
vt 0.375 0.4375
vt 0.625 0.5625
vt 0.625 0.59375
vt 0.53125 0.59375
vt 0.53125 0.5625
vt 0.625 0.53125
vt 0.53125 0.53125
vt 0.53125 0.5
vt 0.625 0.5
vn 1 0 0
vn -1 0 0
vn 0 0.7372773368101242 0.6755902076156601
vn 0 -0.7372773368101242 -0.6755902076156601
vn 0 -0.6755902076156601 0.7372773368101242
vn 0 0.6755902076156601 -0.7372773368101242
usemtl m_ede1f5c5-55f8-8291-5e71-77e3daa0a758
f 1634/4641/1161 1633/4642/1161 1635/4643/1161 1636/4644/1161
f 1639/4645/1162 1637/4646/1162 1638/4647/1162 1640/4648/1162
f 1637/4649/1163 1633/4650/1163 1634/4651/1163 1638/4652/1163
f 1636/4653/1164 1635/4654/1164 1639/4655/1164 1640/4656/1164
f 1635/4657/1165 1633/4658/1165 1637/4659/1165 1639/4660/1165
f 1638/4661/1166 1634/4662/1166 1636/4663/1166 1640/4664/1166
o mesh
v -0.32187499999999974 0.017628097880803516 -0.11988079179929514
v -0.32187499999999974 0.0725198022495759 -0.17978457541511772
v -0.32187499999999974 0.015324106203271876 -0.12199201119809408
v -0.32187499999999974 0.07021581057204426 -0.18189579481391666
v -0.3281249999999998 0.017628097880803516 -0.11988079179929514
v -0.3281249999999998 0.0725198022495759 -0.17978457541511772
v -0.3281249999999998 0.015324106203271876 -0.12199201119809408
v -0.3281249999999998 0.07021581057204426 -0.18189579481391666
vt 0.625 0.46875
vt 0.59375 0.46875
vt 0.59375 0.4375
vt 0.625 0.4375
vt 0.59375 0.375
vt 0.59375 0.40625
vt 0.5625 0.40625
vt 0.5625 0.375
vt 0 0.34375
vt 0.03125 0.34375
vt 0.03125 0.375
vt 0 0.375
vt 0.09375 0.34375
vt 0.09375 0.375
vt 0.0625 0.375
vt 0.0625 0.34375
vt 0.65625 0.375
vt 0.65625 0.40625
vt 0.625 0.40625
vt 0.625 0.375
vt 0.6875 1
vt 0.65625 1
vt 0.65625 0.96875
vt 0.6875 0.96875
vn 1 0 0
vn -1 0 0
vn 0 0.7372773368101242 0.6755902076156601
vn 0 -0.7372773368101242 -0.6755902076156601
vn 0 -0.6755902076156601 0.7372773368101242
vn 0 0.6755902076156601 -0.7372773368101242
usemtl m_ede1f5c5-55f8-8291-5e71-77e3daa0a758
f 1642/4665/1167 1641/4666/1167 1643/4667/1167 1644/4668/1167
f 1647/4669/1168 1645/4670/1168 1646/4671/1168 1648/4672/1168
f 1645/4673/1169 1641/4674/1169 1642/4675/1169 1646/4676/1169
f 1644/4677/1170 1643/4678/1170 1647/4679/1170 1648/4680/1170
f 1643/4681/1171 1641/4682/1171 1645/4683/1171 1647/4684/1171
f 1646/4685/1172 1642/4686/1172 1644/4687/1172 1648/4688/1172
o mesh
v -0.17187500000000006 0.017628097880803516 -0.11988079179929514
v -0.17187500000000006 0.0725198022495759 -0.17978457541511772
v -0.17187500000000006 0.015324106203271876 -0.12199201119809408
v -0.17187500000000006 0.07021581057204426 -0.18189579481391666
v -0.17812500000000006 0.017628097880803516 -0.11988079179929514
v -0.17812500000000006 0.0725198022495759 -0.17978457541511772
v -0.17812500000000006 0.015324106203271876 -0.12199201119809408
v -0.17812500000000006 0.07021581057204426 -0.18189579481391666
vt 0.6875 0.9375
vt 0.65625 0.9375
vt 0.65625 0.90625
vt 0.6875 0.90625
vt 0.15625 0.3125
vt 0.15625 0.34375
vt 0.125 0.34375
vt 0.125 0.3125
vt 0.65625 0.84375
vt 0.6875 0.84375
vt 0.6875 0.875
vt 0.65625 0.875
vt 0.21875 0.3125
vt 0.21875 0.34375
vt 0.1875 0.34375
vt 0.1875 0.3125
vt 0.6875 0.78125
vt 0.6875 0.8125
vt 0.65625 0.8125
vt 0.65625 0.78125
vt 0.28125 0.34375
vt 0.25 0.34375
vt 0.25 0.3125
vt 0.28125 0.3125
vn 1 0 0
vn -1 0 0
vn 0 0.7372773368101242 0.6755902076156601
vn 0 -0.7372773368101242 -0.6755902076156601
vn 0 -0.6755902076156601 0.7372773368101242
vn 0 0.6755902076156601 -0.7372773368101242
usemtl m_ede1f5c5-55f8-8291-5e71-77e3daa0a758
f 1650/4689/1173 1649/4690/1173 1651/4691/1173 1652/4692/1173
f 1655/4693/1174 1653/4694/1174 1654/4695/1174 1656/4696/1174
f 1653/4697/1175 1649/4698/1175 1650/4699/1175 1654/4700/1175
f 1652/4701/1176 1651/4702/1176 1655/4703/1176 1656/4704/1176
f 1651/4705/1177 1649/4706/1177 1653/4707/1177 1655/4708/1177
f 1654/4709/1178 1650/4710/1178 1652/4711/1178 1656/4712/1178
o mesh
v -0.24374999999999974 0.04062045955083649 -0.14937822173070936
v -0.24374999999999974 0.04089308072186984 -0.15562227311559598
v -0.24374999999999974 -0.0015268872971481266 -0.15121841463518448
v -0.24374999999999974 -0.0012542661261147788 -0.15746246602007108
v -0.25624999999999976 0.04062045955083649 -0.14937822173070936
v -0.25624999999999976 0.04089308072186984 -0.15562227311559598
v -0.25624999999999976 -0.0015268872971481266 -0.15121841463518448
v -0.25624999999999976 -0.0012542661261147788 -0.15746246602007108
vt 0.6875 0.75
vt 0.65625 0.75
vt 0.65625 0.71875
vt 0.6875 0.71875
vt 0.34375 0.3125
vt 0.34375 0.34375
vt 0.3125 0.34375
vt 0.3125 0.3125
vt 0.65625 0.65625
vt 0.6875 0.65625
vt 0.6875 0.6875
vt 0.65625 0.6875
vt 0.40625 0.3125
vt 0.40625 0.34375
vt 0.375 0.34375
vt 0.375 0.3125
vt 0.6875 0.59375
vt 0.6875 0.625
vt 0.65625 0.625
vt 0.65625 0.59375
vt 0.46875 0.34375
vt 0.4375 0.34375
vt 0.4375 0.3125
vt 0.46875 0.3125
vn 1 0 0
vn -1 0 0
vn 0 0.9990482215818579 0.04361938736533588
vn 0 -0.9990482215818579 -0.04361938736533588
vn 0 -0.04361938736533588 0.9990482215818579
vn 0 0.04361938736533588 -0.9990482215818579
usemtl m_ede1f5c5-55f8-8291-5e71-77e3daa0a758
f 1658/4713/1179 1657/4714/1179 1659/4715/1179 1660/4716/1179
f 1663/4717/1180 1661/4718/1180 1662/4719/1180 1664/4720/1180
f 1661/4721/1181 1657/4722/1181 1658/4723/1181 1662/4724/1181
f 1660/4725/1182 1659/4726/1182 1663/4727/1182 1664/4728/1182
f 1659/4729/1183 1657/4730/1183 1661/4731/1183 1663/4732/1183
f 1662/4733/1184 1658/4734/1184 1660/4735/1184 1664/4736/1184
o plane
v -0.17812499999999976 0.016476102042037772 -0.12093640149869471
v -0.17812499999999976 0.07136780641081016 -0.1808401851145173
v -0.32187499999999974 0.016476102042037772 -0.12093640149869471
v -0.32187499999999974 0.07136780641081016 -0.1808401851145173
vt 0.3125 0.34375
vt 0.3125 0.40625
vt 0.21875 0.40625
vt 0.21875 0.34375
vn 0 0.7372773368101242 0.6755902076156601
usemtl m_ede1f5c5-55f8-8291-5e71-77e3daa0a758
f 1665/4737/1185 1666/4738/1185 1668/4739/1185 1667/4740/1185
o mesh
v -0.015624999999999778 0.011101667405674084 -0.11738402784303088
v -0.015624999999999778 0.07443824936964222 -0.18650377816898003
v -0.015624999999999778 0.008797675728142447 -0.11949524724182983
v -0.015624999999999778 0.07213425769211057 -0.18861499756777897
v -0.17187499999999978 0.011101667405674084 -0.11738402784303088
v -0.17187499999999978 0.07443824936964222 -0.18650377816898003
v -0.17187499999999978 0.008797675728142447 -0.11949524724182983
v -0.17187499999999978 0.07213425769211057 -0.18861499756777897
vt 0.5625 0.46875
vt 0.5 0.46875
vt 0.5 0.4375
vt 0.5625 0.4375
vt 0.1875 0.375
vt 0.1875 0.40625
vt 0.125 0.40625
vt 0.125 0.375
vt 0 0.40625
vt 0.09375 0.40625
vt 0.09375 0.46875
vt 0 0.46875
vt 0.625 0.9375
vt 0.625 1
vt 0.53125 1
vt 0.53125 0.9375
vt 0.625 0.875
vt 0.625 0.90625
vt 0.53125 0.90625
vt 0.53125 0.875
vt 0.21875 0.46875
vt 0.125 0.46875
vt 0.125 0.4375
vt 0.21875 0.4375
vn 1 0 0
vn -1 0 0
vn 0 0.7372773368101242 0.6755902076156601
vn 0 -0.7372773368101242 -0.6755902076156601
vn 0 -0.6755902076156601 0.7372773368101242
vn 0 0.6755902076156601 -0.7372773368101242
usemtl m_ede1f5c5-55f8-8291-5e71-77e3daa0a758
f 1670/4741/1186 1669/4742/1186 1671/4743/1186 1672/4744/1186
f 1675/4745/1187 1673/4746/1187 1674/4747/1187 1676/4748/1187
f 1673/4749/1188 1669/4750/1188 1670/4751/1188 1674/4752/1188
f 1672/4753/1189 1671/4754/1189 1675/4755/1189 1676/4756/1189
f 1671/4757/1190 1669/4758/1190 1673/4759/1190 1675/4760/1190
f 1674/4761/1191 1670/4762/1191 1672/4763/1191 1676/4764/1191
o mesh
v -0.015624999999999778 0.072519802249576 -0.17978457541511783
v -0.015624999999999778 0.07674224104717385 -0.18439255877018107
v -0.015624999999999778 0.07021581057204435 -0.18189579481391677
v -0.015624999999999778 0.07443824936964222 -0.18650377816898003
v -0.17187499999999978 0.072519802249576 -0.17978457541511783
v -0.17187499999999978 0.07674224104717385 -0.18439255877018107
v -0.17187499999999978 0.07021581057204435 -0.18189579481391677
v -0.17187499999999978 0.07443824936964222 -0.18650377816898003
vt 0.34375 0.40625
vt 0.3125 0.40625
vt 0.3125 0.375
vt 0.34375 0.375
vt 0.40625 0.375
vt 0.40625 0.40625
vt 0.375 0.40625
vt 0.375 0.375
vt 0.53125 0.8125
vt 0.625 0.8125
vt 0.625 0.84375
vt 0.53125 0.84375
vt 0.625 0.75
vt 0.625 0.78125
vt 0.53125 0.78125
vt 0.53125 0.75
vt 0.34375 0.4375
vt 0.34375 0.46875
vt 0.25 0.46875
vt 0.25 0.4375
vt 0.625 0.71875
vt 0.53125 0.71875
vt 0.53125 0.6875
vt 0.625 0.6875
vn 1 0 0
vn -1 0 0
vn 0 0.7372773368101242 0.6755902076156601
vn 0 -0.7372773368101242 -0.6755902076156601
vn 0 -0.6755902076156601 0.7372773368101242
vn 0 0.6755902076156601 -0.7372773368101242
usemtl m_ede1f5c5-55f8-8291-5e71-77e3daa0a758
f 1678/4765/1192 1677/4766/1192 1679/4767/1192 1680/4768/1192
f 1683/4769/1193 1681/4770/1193 1682/4771/1193 1684/4772/1193
f 1681/4773/1194 1677/4774/1194 1678/4775/1194 1682/4776/1194
f 1680/4777/1195 1679/4778/1195 1683/4779/1195 1684/4780/1195
f 1679/4781/1196 1677/4782/1196 1681/4783/1196 1683/4784/1196
f 1682/4785/1197 1678/4786/1197 1680/4787/1197 1684/4788/1197
o mesh
v -0.015624999999999778 0.013405659083205727 -0.11527280844423198
v -0.015624999999999778 0.017628097880803592 -0.11988079179929524
v -0.015624999999999778 0.011101667405674087 -0.11738402784303091
v -0.015624999999999778 0.015324106203271959 -0.12199201119809418
v -0.17187499999999978 0.013405659083205727 -0.11527280844423198
v -0.17187499999999978 0.017628097880803592 -0.11988079179929524
v -0.17187499999999978 0.011101667405674087 -0.11738402784303091
v -0.17187499999999978 0.015324106203271959 -0.12199201119809418
vt 0.46875 0.40625
vt 0.4375 0.40625
vt 0.4375 0.375
vt 0.46875 0.375
vt 0.53125 0.375
vt 0.53125 0.40625
vt 0.5 0.40625
vt 0.5 0.375
vt 0.53125 0.625
vt 0.625 0.625
vt 0.625 0.65625
vt 0.53125 0.65625
vt 0.46875 0.4375
vt 0.46875 0.46875
vt 0.375 0.46875
vt 0.375 0.4375
vt 0.625 0.5625
vt 0.625 0.59375
vt 0.53125 0.59375
vt 0.53125 0.5625
vt 0.625 0.53125
vt 0.53125 0.53125
vt 0.53125 0.5
vt 0.625 0.5
vn 1 0 0
vn -1 0 0
vn 0 0.7372773368101242 0.6755902076156601
vn 0 -0.7372773368101242 -0.6755902076156601
vn 0 -0.6755902076156601 0.7372773368101242
vn 0 0.6755902076156601 -0.7372773368101242
usemtl m_ede1f5c5-55f8-8291-5e71-77e3daa0a758
f 1686/4789/1198 1685/4790/1198 1687/4791/1198 1688/4792/1198
f 1691/4793/1199 1689/4794/1199 1690/4795/1199 1692/4796/1199
f 1689/4797/1200 1685/4798/1200 1686/4799/1200 1690/4800/1200
f 1688/4801/1201 1687/4802/1201 1691/4803/1201 1692/4804/1201
f 1687/4805/1202 1685/4806/1202 1689/4807/1202 1691/4808/1202
f 1690/4809/1203 1686/4810/1203 1688/4811/1203 1692/4812/1203
o mesh
v -0.1656249999999998 0.017628097880803516 -0.11988079179929514
v -0.1656249999999998 0.0725198022495759 -0.17978457541511772
v -0.1656249999999998 0.015324106203271876 -0.12199201119809408
v -0.1656249999999998 0.07021581057204426 -0.18189579481391666
v -0.17187499999999978 0.017628097880803516 -0.11988079179929514
v -0.17187499999999978 0.0725198022495759 -0.17978457541511772
v -0.17187499999999978 0.015324106203271876 -0.12199201119809408
v -0.17187499999999978 0.07021581057204426 -0.18189579481391666
vt 0.625 0.46875
vt 0.59375 0.46875
vt 0.59375 0.4375
vt 0.625 0.4375
vt 0.59375 0.375
vt 0.59375 0.40625
vt 0.5625 0.40625
vt 0.5625 0.375
vt 0 0.34375
vt 0.03125 0.34375
vt 0.03125 0.375
vt 0 0.375
vt 0.09375 0.34375
vt 0.09375 0.375
vt 0.0625 0.375
vt 0.0625 0.34375
vt 0.65625 0.375
vt 0.65625 0.40625
vt 0.625 0.40625
vt 0.625 0.375
vt 0.6875 1
vt 0.65625 1
vt 0.65625 0.96875
vt 0.6875 0.96875
vn 1 0 0
vn -1 0 0
vn 0 0.7372773368101242 0.6755902076156601
vn 0 -0.7372773368101242 -0.6755902076156601
vn 0 -0.6755902076156601 0.7372773368101242
vn 0 0.6755902076156601 -0.7372773368101242
usemtl m_ede1f5c5-55f8-8291-5e71-77e3daa0a758
f 1694/4813/1204 1693/4814/1204 1695/4815/1204 1696/4816/1204
f 1699/4817/1205 1697/4818/1205 1698/4819/1205 1700/4820/1205
f 1697/4821/1206 1693/4822/1206 1694/4823/1206 1698/4824/1206
f 1696/4825/1207 1695/4826/1207 1699/4827/1207 1700/4828/1207
f 1695/4829/1208 1693/4830/1208 1697/4831/1208 1699/4832/1208
f 1698/4833/1209 1694/4834/1209 1696/4835/1209 1700/4836/1209
o mesh
v -0.015625000000000097 0.017628097880803516 -0.11988079179929514
v -0.015625000000000097 0.0725198022495759 -0.17978457541511772
v -0.015625000000000097 0.015324106203271876 -0.12199201119809408
v -0.015625000000000097 0.07021581057204426 -0.18189579481391666
v -0.02187500000000009 0.017628097880803516 -0.11988079179929514
v -0.02187500000000009 0.0725198022495759 -0.17978457541511772
v -0.02187500000000009 0.015324106203271876 -0.12199201119809408
v -0.02187500000000009 0.07021581057204426 -0.18189579481391666
vt 0.6875 0.9375
vt 0.65625 0.9375
vt 0.65625 0.90625
vt 0.6875 0.90625
vt 0.15625 0.3125
vt 0.15625 0.34375
vt 0.125 0.34375
vt 0.125 0.3125
vt 0.65625 0.84375
vt 0.6875 0.84375
vt 0.6875 0.875
vt 0.65625 0.875
vt 0.21875 0.3125
vt 0.21875 0.34375
vt 0.1875 0.34375
vt 0.1875 0.3125
vt 0.6875 0.78125
vt 0.6875 0.8125
vt 0.65625 0.8125
vt 0.65625 0.78125
vt 0.28125 0.34375
vt 0.25 0.34375
vt 0.25 0.3125
vt 0.28125 0.3125
vn 1 0 0
vn -1 0 0
vn 0 0.7372773368101242 0.6755902076156601
vn 0 -0.7372773368101242 -0.6755902076156601
vn 0 -0.6755902076156601 0.7372773368101242
vn 0 0.6755902076156601 -0.7372773368101242
usemtl m_ede1f5c5-55f8-8291-5e71-77e3daa0a758
f 1702/4837/1210 1701/4838/1210 1703/4839/1210 1704/4840/1210
f 1707/4841/1211 1705/4842/1211 1706/4843/1211 1708/4844/1211
f 1705/4845/1212 1701/4846/1212 1702/4847/1212 1706/4848/1212
f 1704/4849/1213 1703/4850/1213 1707/4851/1213 1708/4852/1213
f 1703/4853/1214 1701/4854/1214 1705/4855/1214 1707/4856/1214
f 1706/4857/1215 1702/4858/1215 1704/4859/1215 1708/4860/1215
o mesh
v -0.08749999999999977 0.04062045955083649 -0.14937822173070936
v -0.08749999999999977 0.04089308072186984 -0.15562227311559598
v -0.08749999999999977 -0.0015268872971481266 -0.15121841463518448
v -0.08749999999999977 -0.0012542661261147788 -0.15746246602007108
v -0.09999999999999978 0.04062045955083649 -0.14937822173070936
v -0.09999999999999978 0.04089308072186984 -0.15562227311559598
v -0.09999999999999978 -0.0015268872971481266 -0.15121841463518448
v -0.09999999999999978 -0.0012542661261147788 -0.15746246602007108
vt 0.6875 0.75
vt 0.65625 0.75
vt 0.65625 0.71875
vt 0.6875 0.71875
vt 0.34375 0.3125
vt 0.34375 0.34375
vt 0.3125 0.34375
vt 0.3125 0.3125
vt 0.65625 0.65625
vt 0.6875 0.65625
vt 0.6875 0.6875
vt 0.65625 0.6875
vt 0.40625 0.3125
vt 0.40625 0.34375
vt 0.375 0.34375
vt 0.375 0.3125
vt 0.6875 0.59375
vt 0.6875 0.625
vt 0.65625 0.625
vt 0.65625 0.59375
vt 0.46875 0.34375
vt 0.4375 0.34375
vt 0.4375 0.3125
vt 0.46875 0.3125
vn 1 0 0
vn -1 0 0
vn 0 0.9990482215818579 0.04361938736533588
vn 0 -0.9990482215818579 -0.04361938736533588
vn 0 -0.04361938736533588 0.9990482215818579
vn 0 0.04361938736533588 -0.9990482215818579
usemtl m_ede1f5c5-55f8-8291-5e71-77e3daa0a758
f 1710/4861/1216 1709/4862/1216 1711/4863/1216 1712/4864/1216
f 1715/4865/1217 1713/4866/1217 1714/4867/1217 1716/4868/1217
f 1713/4869/1218 1709/4870/1218 1710/4871/1218 1714/4872/1218
f 1712/4873/1219 1711/4874/1219 1715/4875/1219 1716/4876/1219
f 1711/4877/1220 1709/4878/1220 1713/4879/1220 1715/4880/1220
f 1714/4881/1221 1710/4882/1221 1712/4883/1221 1716/4884/1221
o plane
v -0.021874999999999784 0.016476102042037772 -0.12093640149869471
v -0.021874999999999784 0.07136780641081016 -0.1808401851145173
v -0.16562499999999977 0.016476102042037772 -0.12093640149869471
v -0.16562499999999977 0.07136780641081016 -0.1808401851145173
vt 0.3125 0.34375
vt 0.3125 0.40625
vt 0.21875 0.40625
vt 0.21875 0.34375
vn 0 0.7372773368101242 0.6755902076156601
usemtl m_ede1f5c5-55f8-8291-5e71-77e3daa0a758
f 1717/4885/1222 1718/4886/1222 1720/4887/1222 1719/4888/1222
o mesh
v 0.14062500000000022 0.011101667405674084 -0.11738402784303088
v 0.14062500000000022 0.07443824936964222 -0.18650377816898003
v 0.14062500000000022 0.008797675728142447 -0.11949524724182983
v 0.14062500000000022 0.07213425769211057 -0.18861499756777897
v -0.015624999999999778 0.011101667405674084 -0.11738402784303088
v -0.015624999999999778 0.07443824936964222 -0.18650377816898003
v -0.015624999999999778 0.008797675728142447 -0.11949524724182983
v -0.015624999999999778 0.07213425769211057 -0.18861499756777897
vt 0.5625 0.46875
vt 0.5 0.46875
vt 0.5 0.4375
vt 0.5625 0.4375
vt 0.1875 0.375
vt 0.1875 0.40625
vt 0.125 0.40625
vt 0.125 0.375
vt 0 0.40625
vt 0.09375 0.40625
vt 0.09375 0.46875
vt 0 0.46875
vt 0.625 0.9375
vt 0.625 1
vt 0.53125 1
vt 0.53125 0.9375
vt 0.625 0.875
vt 0.625 0.90625
vt 0.53125 0.90625
vt 0.53125 0.875
vt 0.21875 0.46875
vt 0.125 0.46875
vt 0.125 0.4375
vt 0.21875 0.4375
vn 1 0 0
vn -1 0 0
vn 0 0.7372773368101242 0.6755902076156601
vn 0 -0.7372773368101242 -0.6755902076156601
vn 0 -0.6755902076156601 0.7372773368101242
vn 0 0.6755902076156601 -0.7372773368101242
usemtl m_ede1f5c5-55f8-8291-5e71-77e3daa0a758
f 1722/4889/1223 1721/4890/1223 1723/4891/1223 1724/4892/1223
f 1727/4893/1224 1725/4894/1224 1726/4895/1224 1728/4896/1224
f 1725/4897/1225 1721/4898/1225 1722/4899/1225 1726/4900/1225
f 1724/4901/1226 1723/4902/1226 1727/4903/1226 1728/4904/1226
f 1723/4905/1227 1721/4906/1227 1725/4907/1227 1727/4908/1227
f 1726/4909/1228 1722/4910/1228 1724/4911/1228 1728/4912/1228
o mesh
v 0.14062500000000022 0.072519802249576 -0.17978457541511783
v 0.14062500000000022 0.07674224104717385 -0.18439255877018107
v 0.14062500000000022 0.07021581057204435 -0.18189579481391677
v 0.14062500000000022 0.07443824936964222 -0.18650377816898003
v -0.015624999999999778 0.072519802249576 -0.17978457541511783
v -0.015624999999999778 0.07674224104717385 -0.18439255877018107
v -0.015624999999999778 0.07021581057204435 -0.18189579481391677
v -0.015624999999999778 0.07443824936964222 -0.18650377816898003
vt 0.34375 0.40625
vt 0.3125 0.40625
vt 0.3125 0.375
vt 0.34375 0.375
vt 0.40625 0.375
vt 0.40625 0.40625
vt 0.375 0.40625
vt 0.375 0.375
vt 0.53125 0.8125
vt 0.625 0.8125
vt 0.625 0.84375
vt 0.53125 0.84375
vt 0.625 0.75
vt 0.625 0.78125
vt 0.53125 0.78125
vt 0.53125 0.75
vt 0.34375 0.4375
vt 0.34375 0.46875
vt 0.25 0.46875
vt 0.25 0.4375
vt 0.625 0.71875
vt 0.53125 0.71875
vt 0.53125 0.6875
vt 0.625 0.6875
vn 1 0 0
vn -1 0 0
vn 0 0.7372773368101242 0.6755902076156601
vn 0 -0.7372773368101242 -0.6755902076156601
vn 0 -0.6755902076156601 0.7372773368101242
vn 0 0.6755902076156601 -0.7372773368101242
usemtl m_ede1f5c5-55f8-8291-5e71-77e3daa0a758
f 1730/4913/1229 1729/4914/1229 1731/4915/1229 1732/4916/1229
f 1735/4917/1230 1733/4918/1230 1734/4919/1230 1736/4920/1230
f 1733/4921/1231 1729/4922/1231 1730/4923/1231 1734/4924/1231
f 1732/4925/1232 1731/4926/1232 1735/4927/1232 1736/4928/1232
f 1731/4929/1233 1729/4930/1233 1733/4931/1233 1735/4932/1233
f 1734/4933/1234 1730/4934/1234 1732/4935/1234 1736/4936/1234
o mesh
v 0.14062500000000022 0.013405659083205727 -0.11527280844423198
v 0.14062500000000022 0.017628097880803592 -0.11988079179929524
v 0.14062500000000022 0.011101667405674087 -0.11738402784303091
v 0.14062500000000022 0.015324106203271959 -0.12199201119809418
v -0.015624999999999778 0.013405659083205727 -0.11527280844423198
v -0.015624999999999778 0.017628097880803592 -0.11988079179929524
v -0.015624999999999778 0.011101667405674087 -0.11738402784303091
v -0.015624999999999778 0.015324106203271959 -0.12199201119809418
vt 0.46875 0.40625
vt 0.4375 0.40625
vt 0.4375 0.375
vt 0.46875 0.375
vt 0.53125 0.375
vt 0.53125 0.40625
vt 0.5 0.40625
vt 0.5 0.375
vt 0.53125 0.625
vt 0.625 0.625
vt 0.625 0.65625
vt 0.53125 0.65625
vt 0.46875 0.4375
vt 0.46875 0.46875
vt 0.375 0.46875
vt 0.375 0.4375
vt 0.625 0.5625
vt 0.625 0.59375
vt 0.53125 0.59375
vt 0.53125 0.5625
vt 0.625 0.53125
vt 0.53125 0.53125
vt 0.53125 0.5
vt 0.625 0.5
vn 1 0 0
vn -1 0 0
vn 0 0.7372773368101242 0.6755902076156601
vn 0 -0.7372773368101242 -0.6755902076156601
vn 0 -0.6755902076156601 0.7372773368101242
vn 0 0.6755902076156601 -0.7372773368101242
usemtl m_ede1f5c5-55f8-8291-5e71-77e3daa0a758
f 1738/4937/1235 1737/4938/1235 1739/4939/1235 1740/4940/1235
f 1743/4941/1236 1741/4942/1236 1742/4943/1236 1744/4944/1236
f 1741/4945/1237 1737/4946/1237 1738/4947/1237 1742/4948/1237
f 1740/4949/1238 1739/4950/1238 1743/4951/1238 1744/4952/1238
f 1739/4953/1239 1737/4954/1239 1741/4955/1239 1743/4956/1239
f 1742/4957/1240 1738/4958/1240 1740/4959/1240 1744/4960/1240
o mesh
v -0.009374999999999786 0.017628097880803516 -0.11988079179929514
v -0.009374999999999786 0.0725198022495759 -0.17978457541511772
v -0.009374999999999786 0.015324106203271876 -0.12199201119809408
v -0.009374999999999786 0.07021581057204426 -0.18189579481391666
v -0.015624999999999778 0.017628097880803516 -0.11988079179929514
v -0.015624999999999778 0.0725198022495759 -0.17978457541511772
v -0.015624999999999778 0.015324106203271876 -0.12199201119809408
v -0.015624999999999778 0.07021581057204426 -0.18189579481391666
vt 0.625 0.46875
vt 0.59375 0.46875
vt 0.59375 0.4375
vt 0.625 0.4375
vt 0.59375 0.375
vt 0.59375 0.40625
vt 0.5625 0.40625
vt 0.5625 0.375
vt 0 0.34375
vt 0.03125 0.34375
vt 0.03125 0.375
vt 0 0.375
vt 0.09375 0.34375
vt 0.09375 0.375
vt 0.0625 0.375
vt 0.0625 0.34375
vt 0.65625 0.375
vt 0.65625 0.40625
vt 0.625 0.40625
vt 0.625 0.375
vt 0.6875 1
vt 0.65625 1
vt 0.65625 0.96875
vt 0.6875 0.96875
vn 1 0 0
vn -1 0 0
vn 0 0.7372773368101242 0.6755902076156601
vn 0 -0.7372773368101242 -0.6755902076156601
vn 0 -0.6755902076156601 0.7372773368101242
vn 0 0.6755902076156601 -0.7372773368101242
usemtl m_ede1f5c5-55f8-8291-5e71-77e3daa0a758
f 1746/4961/1241 1745/4962/1241 1747/4963/1241 1748/4964/1241
f 1751/4965/1242 1749/4966/1242 1750/4967/1242 1752/4968/1242
f 1749/4969/1243 1745/4970/1243 1746/4971/1243 1750/4972/1243
f 1748/4973/1244 1747/4974/1244 1751/4975/1244 1752/4976/1244
f 1747/4977/1245 1745/4978/1245 1749/4979/1245 1751/4980/1245
f 1750/4981/1246 1746/4982/1246 1748/4983/1246 1752/4984/1246
o mesh
v 0.1406249999999999 0.017628097880803516 -0.11988079179929514
v 0.1406249999999999 0.0725198022495759 -0.17978457541511772
v 0.1406249999999999 0.015324106203271876 -0.12199201119809408
v 0.1406249999999999 0.07021581057204426 -0.18189579481391666
v 0.1343749999999999 0.017628097880803516 -0.11988079179929514
v 0.1343749999999999 0.0725198022495759 -0.17978457541511772
v 0.1343749999999999 0.015324106203271876 -0.12199201119809408
v 0.1343749999999999 0.07021581057204426 -0.18189579481391666
vt 0.6875 0.9375
vt 0.65625 0.9375
vt 0.65625 0.90625
vt 0.6875 0.90625
vt 0.15625 0.3125
vt 0.15625 0.34375
vt 0.125 0.34375
vt 0.125 0.3125
vt 0.65625 0.84375
vt 0.6875 0.84375
vt 0.6875 0.875
vt 0.65625 0.875
vt 0.21875 0.3125
vt 0.21875 0.34375
vt 0.1875 0.34375
vt 0.1875 0.3125
vt 0.6875 0.78125
vt 0.6875 0.8125
vt 0.65625 0.8125
vt 0.65625 0.78125
vt 0.28125 0.34375
vt 0.25 0.34375
vt 0.25 0.3125
vt 0.28125 0.3125
vn 1 0 0
vn -1 0 0
vn 0 0.7372773368101242 0.6755902076156601
vn 0 -0.7372773368101242 -0.6755902076156601
vn 0 -0.6755902076156601 0.7372773368101242
vn 0 0.6755902076156601 -0.7372773368101242
usemtl m_ede1f5c5-55f8-8291-5e71-77e3daa0a758
f 1754/4985/1247 1753/4986/1247 1755/4987/1247 1756/4988/1247
f 1759/4989/1248 1757/4990/1248 1758/4991/1248 1760/4992/1248
f 1757/4993/1249 1753/4994/1249 1754/4995/1249 1758/4996/1249
f 1756/4997/1250 1755/4998/1250 1759/4999/1250 1760/5000/1250
f 1755/5001/1251 1753/5002/1251 1757/5003/1251 1759/5004/1251
f 1758/5005/1252 1754/5006/1252 1756/5007/1252 1760/5008/1252
o mesh
v 0.06875000000000023 0.04062045955083649 -0.14937822173070936
v 0.06875000000000023 0.04089308072186984 -0.15562227311559598
v 0.06875000000000023 -0.0015268872971481266 -0.15121841463518448
v 0.06875000000000023 -0.0012542661261147788 -0.15746246602007108
v 0.05625000000000022 0.04062045955083649 -0.14937822173070936
v 0.05625000000000022 0.04089308072186984 -0.15562227311559598
v 0.05625000000000022 -0.0015268872971481266 -0.15121841463518448
v 0.05625000000000022 -0.0012542661261147788 -0.15746246602007108
vt 0.6875 0.75
vt 0.65625 0.75
vt 0.65625 0.71875
vt 0.6875 0.71875
vt 0.34375 0.3125
vt 0.34375 0.34375
vt 0.3125 0.34375
vt 0.3125 0.3125
vt 0.65625 0.65625
vt 0.6875 0.65625
vt 0.6875 0.6875
vt 0.65625 0.6875
vt 0.40625 0.3125
vt 0.40625 0.34375
vt 0.375 0.34375
vt 0.375 0.3125
vt 0.6875 0.59375
vt 0.6875 0.625
vt 0.65625 0.625
vt 0.65625 0.59375
vt 0.46875 0.34375
vt 0.4375 0.34375
vt 0.4375 0.3125
vt 0.46875 0.3125
vn 1 0 0
vn -1 0 0
vn 0 0.9990482215818579 0.04361938736533588
vn 0 -0.9990482215818579 -0.04361938736533588
vn 0 -0.04361938736533588 0.9990482215818579
vn 0 0.04361938736533588 -0.9990482215818579
usemtl m_ede1f5c5-55f8-8291-5e71-77e3daa0a758
f 1762/5009/1253 1761/5010/1253 1763/5011/1253 1764/5012/1253
f 1767/5013/1254 1765/5014/1254 1766/5015/1254 1768/5016/1254
f 1765/5017/1255 1761/5018/1255 1762/5019/1255 1766/5020/1255
f 1764/5021/1256 1763/5022/1256 1767/5023/1256 1768/5024/1256
f 1763/5025/1257 1761/5026/1257 1765/5027/1257 1767/5028/1257
f 1766/5029/1258 1762/5030/1258 1764/5031/1258 1768/5032/1258
o plane
v 0.13437500000000022 0.016476102042037772 -0.12093640149869471
v 0.13437500000000022 0.07136780641081016 -0.1808401851145173
v -0.009374999999999772 0.016476102042037772 -0.12093640149869471
v -0.009374999999999772 0.07136780641081016 -0.1808401851145173
vt 0.3125 0.34375
vt 0.3125 0.40625
vt 0.21875 0.40625
vt 0.21875 0.34375
vn 0 0.7372773368101242 0.6755902076156601
usemtl m_ede1f5c5-55f8-8291-5e71-77e3daa0a758
f 1769/5033/1259 1770/5034/1259 1772/5035/1259 1771/5036/1259
o mesh
v 0.2968750000000002 0.011101667405674084 -0.11738402784303088
v 0.2968750000000002 0.07443824936964222 -0.18650377816898003
v 0.2968750000000002 0.008797675728142447 -0.11949524724182983
v 0.2968750000000002 0.07213425769211057 -0.18861499756777897
v 0.14062500000000022 0.011101667405674084 -0.11738402784303088
v 0.14062500000000022 0.07443824936964222 -0.18650377816898003
v 0.14062500000000022 0.008797675728142447 -0.11949524724182983
v 0.14062500000000022 0.07213425769211057 -0.18861499756777897
vt 0.5625 0.46875
vt 0.5 0.46875
vt 0.5 0.4375
vt 0.5625 0.4375
vt 0.1875 0.375
vt 0.1875 0.40625
vt 0.125 0.40625
vt 0.125 0.375
vt 0 0.40625
vt 0.09375 0.40625
vt 0.09375 0.46875
vt 0 0.46875
vt 0.625 0.9375
vt 0.625 1
vt 0.53125 1
vt 0.53125 0.9375
vt 0.625 0.875
vt 0.625 0.90625
vt 0.53125 0.90625
vt 0.53125 0.875
vt 0.21875 0.46875
vt 0.125 0.46875
vt 0.125 0.4375
vt 0.21875 0.4375
vn 1 0 0
vn -1 0 0
vn 0 0.7372773368101242 0.6755902076156601
vn 0 -0.7372773368101242 -0.6755902076156601
vn 0 -0.6755902076156601 0.7372773368101242
vn 0 0.6755902076156601 -0.7372773368101242
usemtl m_ede1f5c5-55f8-8291-5e71-77e3daa0a758
f 1774/5037/1260 1773/5038/1260 1775/5039/1260 1776/5040/1260
f 1779/5041/1261 1777/5042/1261 1778/5043/1261 1780/5044/1261
f 1777/5045/1262 1773/5046/1262 1774/5047/1262 1778/5048/1262
f 1776/5049/1263 1775/5050/1263 1779/5051/1263 1780/5052/1263
f 1775/5053/1264 1773/5054/1264 1777/5055/1264 1779/5056/1264
f 1778/5057/1265 1774/5058/1265 1776/5059/1265 1780/5060/1265
o mesh
v 0.2968750000000002 0.072519802249576 -0.17978457541511783
v 0.2968750000000002 0.07674224104717385 -0.18439255877018107
v 0.2968750000000002 0.07021581057204435 -0.18189579481391677
v 0.2968750000000002 0.07443824936964222 -0.18650377816898003
v 0.14062500000000022 0.072519802249576 -0.17978457541511783
v 0.14062500000000022 0.07674224104717385 -0.18439255877018107
v 0.14062500000000022 0.07021581057204435 -0.18189579481391677
v 0.14062500000000022 0.07443824936964222 -0.18650377816898003
vt 0.34375 0.40625
vt 0.3125 0.40625
vt 0.3125 0.375
vt 0.34375 0.375
vt 0.40625 0.375
vt 0.40625 0.40625
vt 0.375 0.40625
vt 0.375 0.375
vt 0.53125 0.8125
vt 0.625 0.8125
vt 0.625 0.84375
vt 0.53125 0.84375
vt 0.625 0.75
vt 0.625 0.78125
vt 0.53125 0.78125
vt 0.53125 0.75
vt 0.34375 0.4375
vt 0.34375 0.46875
vt 0.25 0.46875
vt 0.25 0.4375
vt 0.625 0.71875
vt 0.53125 0.71875
vt 0.53125 0.6875
vt 0.625 0.6875
vn 1 0 0
vn -1 0 0
vn 0 0.7372773368101242 0.6755902076156601
vn 0 -0.7372773368101242 -0.6755902076156601
vn 0 -0.6755902076156601 0.7372773368101242
vn 0 0.6755902076156601 -0.7372773368101242
usemtl m_ede1f5c5-55f8-8291-5e71-77e3daa0a758
f 1782/5061/1266 1781/5062/1266 1783/5063/1266 1784/5064/1266
f 1787/5065/1267 1785/5066/1267 1786/5067/1267 1788/5068/1267
f 1785/5069/1268 1781/5070/1268 1782/5071/1268 1786/5072/1268
f 1784/5073/1269 1783/5074/1269 1787/5075/1269 1788/5076/1269
f 1783/5077/1270 1781/5078/1270 1785/5079/1270 1787/5080/1270
f 1786/5081/1271 1782/5082/1271 1784/5083/1271 1788/5084/1271
o mesh
v 0.2968750000000002 0.013405659083205727 -0.11527280844423198
v 0.2968750000000002 0.017628097880803592 -0.11988079179929524
v 0.2968750000000002 0.011101667405674087 -0.11738402784303091
v 0.2968750000000002 0.015324106203271959 -0.12199201119809418
v 0.14062500000000022 0.013405659083205727 -0.11527280844423198
v 0.14062500000000022 0.017628097880803592 -0.11988079179929524
v 0.14062500000000022 0.011101667405674087 -0.11738402784303091
v 0.14062500000000022 0.015324106203271959 -0.12199201119809418
vt 0.46875 0.40625
vt 0.4375 0.40625
vt 0.4375 0.375
vt 0.46875 0.375
vt 0.53125 0.375
vt 0.53125 0.40625
vt 0.5 0.40625
vt 0.5 0.375
vt 0.53125 0.625
vt 0.625 0.625
vt 0.625 0.65625
vt 0.53125 0.65625
vt 0.46875 0.4375
vt 0.46875 0.46875
vt 0.375 0.46875
vt 0.375 0.4375
vt 0.625 0.5625
vt 0.625 0.59375
vt 0.53125 0.59375
vt 0.53125 0.5625
vt 0.625 0.53125
vt 0.53125 0.53125
vt 0.53125 0.5
vt 0.625 0.5
vn 1 0 0
vn -1 0 0
vn 0 0.7372773368101242 0.6755902076156601
vn 0 -0.7372773368101242 -0.6755902076156601
vn 0 -0.6755902076156601 0.7372773368101242
vn 0 0.6755902076156601 -0.7372773368101242
usemtl m_ede1f5c5-55f8-8291-5e71-77e3daa0a758
f 1790/5085/1272 1789/5086/1272 1791/5087/1272 1792/5088/1272
f 1795/5089/1273 1793/5090/1273 1794/5091/1273 1796/5092/1273
f 1793/5093/1274 1789/5094/1274 1790/5095/1274 1794/5096/1274
f 1792/5097/1275 1791/5098/1275 1795/5099/1275 1796/5100/1275
f 1791/5101/1276 1789/5102/1276 1793/5103/1276 1795/5104/1276
f 1794/5105/1277 1790/5106/1277 1792/5107/1277 1796/5108/1277
o mesh
v 0.1468750000000002 0.017628097880803516 -0.11988079179929514
v 0.1468750000000002 0.0725198022495759 -0.17978457541511772
v 0.1468750000000002 0.015324106203271876 -0.12199201119809408
v 0.1468750000000002 0.07021581057204426 -0.18189579481391666
v 0.14062500000000022 0.017628097880803516 -0.11988079179929514
v 0.14062500000000022 0.0725198022495759 -0.17978457541511772
v 0.14062500000000022 0.015324106203271876 -0.12199201119809408
v 0.14062500000000022 0.07021581057204426 -0.18189579481391666
vt 0.625 0.46875
vt 0.59375 0.46875
vt 0.59375 0.4375
vt 0.625 0.4375
vt 0.59375 0.375
vt 0.59375 0.40625
vt 0.5625 0.40625
vt 0.5625 0.375
vt 0 0.34375
vt 0.03125 0.34375
vt 0.03125 0.375
vt 0 0.375
vt 0.09375 0.34375
vt 0.09375 0.375
vt 0.0625 0.375
vt 0.0625 0.34375
vt 0.65625 0.375
vt 0.65625 0.40625
vt 0.625 0.40625
vt 0.625 0.375
vt 0.6875 1
vt 0.65625 1
vt 0.65625 0.96875
vt 0.6875 0.96875
vn 1 0 0
vn -1 0 0
vn 0 0.7372773368101242 0.6755902076156601
vn 0 -0.7372773368101242 -0.6755902076156601
vn 0 -0.6755902076156601 0.7372773368101242
vn 0 0.6755902076156601 -0.7372773368101242
usemtl m_ede1f5c5-55f8-8291-5e71-77e3daa0a758
f 1798/5109/1278 1797/5110/1278 1799/5111/1278 1800/5112/1278
f 1803/5113/1279 1801/5114/1279 1802/5115/1279 1804/5116/1279
f 1801/5117/1280 1797/5118/1280 1798/5119/1280 1802/5120/1280
f 1800/5121/1281 1799/5122/1281 1803/5123/1281 1804/5124/1281
f 1799/5125/1282 1797/5126/1282 1801/5127/1282 1803/5128/1282
f 1802/5129/1283 1798/5130/1283 1800/5131/1283 1804/5132/1283
o mesh
v 0.2968749999999999 0.017628097880803516 -0.11988079179929514
v 0.2968749999999999 0.0725198022495759 -0.17978457541511772
v 0.2968749999999999 0.015324106203271876 -0.12199201119809408
v 0.2968749999999999 0.07021581057204426 -0.18189579481391666
v 0.2906249999999999 0.017628097880803516 -0.11988079179929514
v 0.2906249999999999 0.0725198022495759 -0.17978457541511772
v 0.2906249999999999 0.015324106203271876 -0.12199201119809408
v 0.2906249999999999 0.07021581057204426 -0.18189579481391666
vt 0.6875 0.9375
vt 0.65625 0.9375
vt 0.65625 0.90625
vt 0.6875 0.90625
vt 0.15625 0.3125
vt 0.15625 0.34375
vt 0.125 0.34375
vt 0.125 0.3125
vt 0.65625 0.84375
vt 0.6875 0.84375
vt 0.6875 0.875
vt 0.65625 0.875
vt 0.21875 0.3125
vt 0.21875 0.34375
vt 0.1875 0.34375
vt 0.1875 0.3125
vt 0.6875 0.78125
vt 0.6875 0.8125
vt 0.65625 0.8125
vt 0.65625 0.78125
vt 0.28125 0.34375
vt 0.25 0.34375
vt 0.25 0.3125
vt 0.28125 0.3125
vn 1 0 0
vn -1 0 0
vn 0 0.7372773368101242 0.6755902076156601
vn 0 -0.7372773368101242 -0.6755902076156601
vn 0 -0.6755902076156601 0.7372773368101242
vn 0 0.6755902076156601 -0.7372773368101242
usemtl m_ede1f5c5-55f8-8291-5e71-77e3daa0a758
f 1806/5133/1284 1805/5134/1284 1807/5135/1284 1808/5136/1284
f 1811/5137/1285 1809/5138/1285 1810/5139/1285 1812/5140/1285
f 1809/5141/1286 1805/5142/1286 1806/5143/1286 1810/5144/1286
f 1808/5145/1287 1807/5146/1287 1811/5147/1287 1812/5148/1287
f 1807/5149/1288 1805/5150/1288 1809/5151/1288 1811/5152/1288
f 1810/5153/1289 1806/5154/1289 1808/5155/1289 1812/5156/1289
o mesh
v 0.22500000000000023 0.04062045955083649 -0.14937822173070936
v 0.22500000000000023 0.04089308072186984 -0.15562227311559598
v 0.22500000000000023 -0.0015268872971481266 -0.15121841463518448
v 0.22500000000000023 -0.0012542661261147788 -0.15746246602007108
v 0.21250000000000022 0.04062045955083649 -0.14937822173070936
v 0.21250000000000022 0.04089308072186984 -0.15562227311559598
v 0.21250000000000022 -0.0015268872971481266 -0.15121841463518448
v 0.21250000000000022 -0.0012542661261147788 -0.15746246602007108
vt 0.6875 0.75
vt 0.65625 0.75
vt 0.65625 0.71875
vt 0.6875 0.71875
vt 0.34375 0.3125
vt 0.34375 0.34375
vt 0.3125 0.34375
vt 0.3125 0.3125
vt 0.65625 0.65625
vt 0.6875 0.65625
vt 0.6875 0.6875
vt 0.65625 0.6875
vt 0.40625 0.3125
vt 0.40625 0.34375
vt 0.375 0.34375
vt 0.375 0.3125
vt 0.6875 0.59375
vt 0.6875 0.625
vt 0.65625 0.625
vt 0.65625 0.59375
vt 0.46875 0.34375
vt 0.4375 0.34375
vt 0.4375 0.3125
vt 0.46875 0.3125
vn 1 0 0
vn -1 0 0
vn 0 0.9990482215818579 0.04361938736533588
vn 0 -0.9990482215818579 -0.04361938736533588
vn 0 -0.04361938736533588 0.9990482215818579
vn 0 0.04361938736533588 -0.9990482215818579
usemtl m_ede1f5c5-55f8-8291-5e71-77e3daa0a758
f 1814/5157/1290 1813/5158/1290 1815/5159/1290 1816/5160/1290
f 1819/5161/1291 1817/5162/1291 1818/5163/1291 1820/5164/1291
f 1817/5165/1292 1813/5166/1292 1814/5167/1292 1818/5168/1292
f 1816/5169/1293 1815/5170/1293 1819/5171/1293 1820/5172/1293
f 1815/5173/1294 1813/5174/1294 1817/5175/1294 1819/5176/1294
f 1818/5177/1295 1814/5178/1295 1816/5179/1295 1820/5180/1295
o plane
v 0.29062500000000024 0.016476102042037772 -0.12093640149869471
v 0.29062500000000024 0.07136780641081016 -0.1808401851145173
v 0.14687500000000023 0.016476102042037772 -0.12093640149869471
v 0.14687500000000023 0.07136780641081016 -0.1808401851145173
vt 0.3125 0.34375
vt 0.3125 0.40625
vt 0.21875 0.40625
vt 0.21875 0.34375
vn 0 0.7372773368101242 0.6755902076156601
usemtl m_ede1f5c5-55f8-8291-5e71-77e3daa0a758
f 1821/5181/1296 1822/5182/1296 1824/5183/1296 1823/5184/1296
o mesh
v 0.4531250000000002 0.011101667405674084 -0.11738402784303088
v 0.4531250000000002 0.07443824936964222 -0.18650377816898003
v 0.4531250000000002 0.008797675728142447 -0.11949524724182983
v 0.4531250000000002 0.07213425769211057 -0.18861499756777897
v 0.2968750000000002 0.011101667405674084 -0.11738402784303088
v 0.2968750000000002 0.07443824936964222 -0.18650377816898003
v 0.2968750000000002 0.008797675728142447 -0.11949524724182983
v 0.2968750000000002 0.07213425769211057 -0.18861499756777897
vt 0.5625 0.46875
vt 0.5 0.46875
vt 0.5 0.4375
vt 0.5625 0.4375
vt 0.1875 0.375
vt 0.1875 0.40625
vt 0.125 0.40625
vt 0.125 0.375
vt 0 0.40625
vt 0.09375 0.40625
vt 0.09375 0.46875
vt 0 0.46875
vt 0.625 0.9375
vt 0.625 1
vt 0.53125 1
vt 0.53125 0.9375
vt 0.625 0.875
vt 0.625 0.90625
vt 0.53125 0.90625
vt 0.53125 0.875
vt 0.21875 0.46875
vt 0.125 0.46875
vt 0.125 0.4375
vt 0.21875 0.4375
vn 1 0 0
vn -1 0 0
vn 0 0.7372773368101242 0.6755902076156601
vn 0 -0.7372773368101242 -0.6755902076156601
vn 0 -0.6755902076156601 0.7372773368101242
vn 0 0.6755902076156601 -0.7372773368101242
usemtl m_ede1f5c5-55f8-8291-5e71-77e3daa0a758
f 1826/5185/1297 1825/5186/1297 1827/5187/1297 1828/5188/1297
f 1831/5189/1298 1829/5190/1298 1830/5191/1298 1832/5192/1298
f 1829/5193/1299 1825/5194/1299 1826/5195/1299 1830/5196/1299
f 1828/5197/1300 1827/5198/1300 1831/5199/1300 1832/5200/1300
f 1827/5201/1301 1825/5202/1301 1829/5203/1301 1831/5204/1301
f 1830/5205/1302 1826/5206/1302 1828/5207/1302 1832/5208/1302
o mesh
v 0.4531250000000002 0.072519802249576 -0.17978457541511783
v 0.4531250000000002 0.07674224104717385 -0.18439255877018107
v 0.4531250000000002 0.07021581057204435 -0.18189579481391677
v 0.4531250000000002 0.07443824936964222 -0.18650377816898003
v 0.2968750000000002 0.072519802249576 -0.17978457541511783
v 0.2968750000000002 0.07674224104717385 -0.18439255877018107
v 0.2968750000000002 0.07021581057204435 -0.18189579481391677
v 0.2968750000000002 0.07443824936964222 -0.18650377816898003
vt 0.34375 0.40625
vt 0.3125 0.40625
vt 0.3125 0.375
vt 0.34375 0.375
vt 0.40625 0.375
vt 0.40625 0.40625
vt 0.375 0.40625
vt 0.375 0.375
vt 0.53125 0.8125
vt 0.625 0.8125
vt 0.625 0.84375
vt 0.53125 0.84375
vt 0.625 0.75
vt 0.625 0.78125
vt 0.53125 0.78125
vt 0.53125 0.75
vt 0.34375 0.4375
vt 0.34375 0.46875
vt 0.25 0.46875
vt 0.25 0.4375
vt 0.625 0.71875
vt 0.53125 0.71875
vt 0.53125 0.6875
vt 0.625 0.6875
vn 1 0 0
vn -1 0 0
vn 0 0.7372773368101242 0.6755902076156601
vn 0 -0.7372773368101242 -0.6755902076156601
vn 0 -0.6755902076156601 0.7372773368101242
vn 0 0.6755902076156601 -0.7372773368101242
usemtl m_ede1f5c5-55f8-8291-5e71-77e3daa0a758
f 1834/5209/1303 1833/5210/1303 1835/5211/1303 1836/5212/1303
f 1839/5213/1304 1837/5214/1304 1838/5215/1304 1840/5216/1304
f 1837/5217/1305 1833/5218/1305 1834/5219/1305 1838/5220/1305
f 1836/5221/1306 1835/5222/1306 1839/5223/1306 1840/5224/1306
f 1835/5225/1307 1833/5226/1307 1837/5227/1307 1839/5228/1307
f 1838/5229/1308 1834/5230/1308 1836/5231/1308 1840/5232/1308
o mesh
v 0.4531250000000002 0.013405659083205727 -0.11527280844423198
v 0.4531250000000002 0.017628097880803592 -0.11988079179929524
v 0.4531250000000002 0.011101667405674087 -0.11738402784303091
v 0.4531250000000002 0.015324106203271959 -0.12199201119809418
v 0.2968750000000002 0.013405659083205727 -0.11527280844423198
v 0.2968750000000002 0.017628097880803592 -0.11988079179929524
v 0.2968750000000002 0.011101667405674087 -0.11738402784303091
v 0.2968750000000002 0.015324106203271959 -0.12199201119809418
vt 0.46875 0.40625
vt 0.4375 0.40625
vt 0.4375 0.375
vt 0.46875 0.375
vt 0.53125 0.375
vt 0.53125 0.40625
vt 0.5 0.40625
vt 0.5 0.375
vt 0.53125 0.625
vt 0.625 0.625
vt 0.625 0.65625
vt 0.53125 0.65625
vt 0.46875 0.4375
vt 0.46875 0.46875
vt 0.375 0.46875
vt 0.375 0.4375
vt 0.625 0.5625
vt 0.625 0.59375
vt 0.53125 0.59375
vt 0.53125 0.5625
vt 0.625 0.53125
vt 0.53125 0.53125
vt 0.53125 0.5
vt 0.625 0.5
vn 1 0 0
vn -1 0 0
vn 0 0.7372773368101242 0.6755902076156601
vn 0 -0.7372773368101242 -0.6755902076156601
vn 0 -0.6755902076156601 0.7372773368101242
vn 0 0.6755902076156601 -0.7372773368101242
usemtl m_ede1f5c5-55f8-8291-5e71-77e3daa0a758
f 1842/5233/1309 1841/5234/1309 1843/5235/1309 1844/5236/1309
f 1847/5237/1310 1845/5238/1310 1846/5239/1310 1848/5240/1310
f 1845/5241/1311 1841/5242/1311 1842/5243/1311 1846/5244/1311
f 1844/5245/1312 1843/5246/1312 1847/5247/1312 1848/5248/1312
f 1843/5249/1313 1841/5250/1313 1845/5251/1313 1847/5252/1313
f 1846/5253/1314 1842/5254/1314 1844/5255/1314 1848/5256/1314
o mesh
v 0.3031250000000002 0.017628097880803516 -0.11988079179929514
v 0.3031250000000002 0.0725198022495759 -0.17978457541511772
v 0.3031250000000002 0.015324106203271876 -0.12199201119809408
v 0.3031250000000002 0.07021581057204426 -0.18189579481391666
v 0.2968750000000002 0.017628097880803516 -0.11988079179929514
v 0.2968750000000002 0.0725198022495759 -0.17978457541511772
v 0.2968750000000002 0.015324106203271876 -0.12199201119809408
v 0.2968750000000002 0.07021581057204426 -0.18189579481391666
vt 0.625 0.46875
vt 0.59375 0.46875
vt 0.59375 0.4375
vt 0.625 0.4375
vt 0.59375 0.375
vt 0.59375 0.40625
vt 0.5625 0.40625
vt 0.5625 0.375
vt 0 0.34375
vt 0.03125 0.34375
vt 0.03125 0.375
vt 0 0.375
vt 0.09375 0.34375
vt 0.09375 0.375
vt 0.0625 0.375
vt 0.0625 0.34375
vt 0.65625 0.375
vt 0.65625 0.40625
vt 0.625 0.40625
vt 0.625 0.375
vt 0.6875 1
vt 0.65625 1
vt 0.65625 0.96875
vt 0.6875 0.96875
vn 1 0 0
vn -1 0 0
vn 0 0.7372773368101242 0.6755902076156601
vn 0 -0.7372773368101242 -0.6755902076156601
vn 0 -0.6755902076156601 0.7372773368101242
vn 0 0.6755902076156601 -0.7372773368101242
usemtl m_ede1f5c5-55f8-8291-5e71-77e3daa0a758
f 1850/5257/1315 1849/5258/1315 1851/5259/1315 1852/5260/1315
f 1855/5261/1316 1853/5262/1316 1854/5263/1316 1856/5264/1316
f 1853/5265/1317 1849/5266/1317 1850/5267/1317 1854/5268/1317
f 1852/5269/1318 1851/5270/1318 1855/5271/1318 1856/5272/1318
f 1851/5273/1319 1849/5274/1319 1853/5275/1319 1855/5276/1319
f 1854/5277/1320 1850/5278/1320 1852/5279/1320 1856/5280/1320
o mesh
v 0.4531249999999999 0.017628097880803516 -0.11988079179929514
v 0.4531249999999999 0.0725198022495759 -0.17978457541511772
v 0.4531249999999999 0.015324106203271876 -0.12199201119809408
v 0.4531249999999999 0.07021581057204426 -0.18189579481391666
v 0.4468749999999999 0.017628097880803516 -0.11988079179929514
v 0.4468749999999999 0.0725198022495759 -0.17978457541511772
v 0.4468749999999999 0.015324106203271876 -0.12199201119809408
v 0.4468749999999999 0.07021581057204426 -0.18189579481391666
vt 0.6875 0.9375
vt 0.65625 0.9375
vt 0.65625 0.90625
vt 0.6875 0.90625
vt 0.15625 0.3125
vt 0.15625 0.34375
vt 0.125 0.34375
vt 0.125 0.3125
vt 0.65625 0.84375
vt 0.6875 0.84375
vt 0.6875 0.875
vt 0.65625 0.875
vt 0.21875 0.3125
vt 0.21875 0.34375
vt 0.1875 0.34375
vt 0.1875 0.3125
vt 0.6875 0.78125
vt 0.6875 0.8125
vt 0.65625 0.8125
vt 0.65625 0.78125
vt 0.28125 0.34375
vt 0.25 0.34375
vt 0.25 0.3125
vt 0.28125 0.3125
vn 1 0 0
vn -1 0 0
vn 0 0.7372773368101242 0.6755902076156601
vn 0 -0.7372773368101242 -0.6755902076156601
vn 0 -0.6755902076156601 0.7372773368101242
vn 0 0.6755902076156601 -0.7372773368101242
usemtl m_ede1f5c5-55f8-8291-5e71-77e3daa0a758
f 1858/5281/1321 1857/5282/1321 1859/5283/1321 1860/5284/1321
f 1863/5285/1322 1861/5286/1322 1862/5287/1322 1864/5288/1322
f 1861/5289/1323 1857/5290/1323 1858/5291/1323 1862/5292/1323
f 1860/5293/1324 1859/5294/1324 1863/5295/1324 1864/5296/1324
f 1859/5297/1325 1857/5298/1325 1861/5299/1325 1863/5300/1325
f 1862/5301/1326 1858/5302/1326 1860/5303/1326 1864/5304/1326
o mesh
v 0.3812500000000002 0.04062045955083649 -0.14937822173070936
v 0.3812500000000002 0.04089308072186984 -0.15562227311559598
v 0.3812500000000002 -0.0015268872971481266 -0.15121841463518448
v 0.3812500000000002 -0.0012542661261147788 -0.15746246602007108
v 0.36875000000000024 0.04062045955083649 -0.14937822173070936
v 0.36875000000000024 0.04089308072186984 -0.15562227311559598
v 0.36875000000000024 -0.0015268872971481266 -0.15121841463518448
v 0.36875000000000024 -0.0012542661261147788 -0.15746246602007108
vt 0.6875 0.75
vt 0.65625 0.75
vt 0.65625 0.71875
vt 0.6875 0.71875
vt 0.34375 0.3125
vt 0.34375 0.34375
vt 0.3125 0.34375
vt 0.3125 0.3125
vt 0.65625 0.65625
vt 0.6875 0.65625
vt 0.6875 0.6875
vt 0.65625 0.6875
vt 0.40625 0.3125
vt 0.40625 0.34375
vt 0.375 0.34375
vt 0.375 0.3125
vt 0.6875 0.59375
vt 0.6875 0.625
vt 0.65625 0.625
vt 0.65625 0.59375
vt 0.46875 0.34375
vt 0.4375 0.34375
vt 0.4375 0.3125
vt 0.46875 0.3125
vn 1 0 0
vn -1 0 0
vn 0 0.9990482215818579 0.04361938736533588
vn 0 -0.9990482215818579 -0.04361938736533588
vn 0 -0.04361938736533588 0.9990482215818579
vn 0 0.04361938736533588 -0.9990482215818579
usemtl m_ede1f5c5-55f8-8291-5e71-77e3daa0a758
f 1866/5305/1327 1865/5306/1327 1867/5307/1327 1868/5308/1327
f 1871/5309/1328 1869/5310/1328 1870/5311/1328 1872/5312/1328
f 1869/5313/1329 1865/5314/1329 1866/5315/1329 1870/5316/1329
f 1868/5317/1330 1867/5318/1330 1871/5319/1330 1872/5320/1330
f 1867/5321/1331 1865/5322/1331 1869/5323/1331 1871/5324/1331
f 1870/5325/1332 1866/5326/1332 1868/5327/1332 1872/5328/1332
o plane
v 0.44687500000000024 0.016476102042037772 -0.12093640149869471
v 0.44687500000000024 0.07136780641081016 -0.1808401851145173
v 0.3031250000000002 0.016476102042037772 -0.12093640149869471
v 0.3031250000000002 0.07136780641081016 -0.1808401851145173
vt 0.3125 0.34375
vt 0.3125 0.40625
vt 0.21875 0.40625
vt 0.21875 0.34375
vn 0 0.7372773368101242 0.6755902076156601
usemtl m_ede1f5c5-55f8-8291-5e71-77e3daa0a758
f 1873/5329/1333 1874/5330/1333 1876/5331/1333 1875/5332/1333
o mesh
v -0.2968749999999999 0.011101667405674046 -0.023634027843030952
v -0.2968749999999999 0.07443824936964218 -0.09275377816898009
v -0.2968749999999999 0.008797675728142409 -0.025745247241829895
v -0.2968749999999999 0.07213425769211054 -0.09486499756777902
v -0.4531249999999999 0.011101667405674046 -0.023634027843030952
v -0.4531249999999999 0.07443824936964218 -0.09275377816898009
v -0.4531249999999999 0.008797675728142409 -0.025745247241829895
v -0.4531249999999999 0.07213425769211054 -0.09486499756777902
vt 0.5625 0.46875
vt 0.5 0.46875
vt 0.5 0.4375
vt 0.5625 0.4375
vt 0.1875 0.375
vt 0.1875 0.40625
vt 0.125 0.40625
vt 0.125 0.375
vt 0 0.40625
vt 0.09375 0.40625
vt 0.09375 0.46875
vt 0 0.46875
vt 0.625 0.9375
vt 0.625 1
vt 0.53125 1
vt 0.53125 0.9375
vt 0.625 0.875
vt 0.625 0.90625
vt 0.53125 0.90625
vt 0.53125 0.875
vt 0.21875 0.46875
vt 0.125 0.46875
vt 0.125 0.4375
vt 0.21875 0.4375
vn 1 0 0
vn -1 0 0
vn 0 0.7372773368101242 0.6755902076156601
vn 0 -0.7372773368101242 -0.6755902076156601
vn 0 -0.6755902076156601 0.7372773368101242
vn 0 0.6755902076156601 -0.7372773368101242
usemtl m_ede1f5c5-55f8-8291-5e71-77e3daa0a758
f 1878/5333/1334 1877/5334/1334 1879/5335/1334 1880/5336/1334
f 1883/5337/1335 1881/5338/1335 1882/5339/1335 1884/5340/1335
f 1881/5341/1336 1877/5342/1336 1878/5343/1336 1882/5344/1336
f 1880/5345/1337 1879/5346/1337 1883/5347/1337 1884/5348/1337
f 1879/5349/1338 1877/5350/1338 1881/5351/1338 1883/5352/1338
f 1882/5353/1339 1878/5354/1339 1880/5355/1339 1884/5356/1339
o mesh
v -0.2968749999999999 0.07251980224957595 -0.08603457541511789
v -0.2968749999999999 0.07674224104717381 -0.09064255877018115
v -0.2968749999999999 0.0702158105720443 -0.08814579481391682
v -0.2968749999999999 0.07443824936964218 -0.09275377816898009
v -0.4531249999999999 0.07251980224957595 -0.08603457541511789
v -0.4531249999999999 0.07674224104717381 -0.09064255877018115
v -0.4531249999999999 0.0702158105720443 -0.08814579481391682
v -0.4531249999999999 0.07443824936964218 -0.09275377816898009
vt 0.34375 0.40625
vt 0.3125 0.40625
vt 0.3125 0.375
vt 0.34375 0.375
vt 0.40625 0.375
vt 0.40625 0.40625
vt 0.375 0.40625
vt 0.375 0.375
vt 0.53125 0.8125
vt 0.625 0.8125
vt 0.625 0.84375
vt 0.53125 0.84375
vt 0.625 0.75
vt 0.625 0.78125
vt 0.53125 0.78125
vt 0.53125 0.75
vt 0.34375 0.4375
vt 0.34375 0.46875
vt 0.25 0.46875
vt 0.25 0.4375
vt 0.625 0.71875
vt 0.53125 0.71875
vt 0.53125 0.6875
vt 0.625 0.6875
vn 1 0 0
vn -1 0 0
vn 0 0.7372773368101242 0.6755902076156601
vn 0 -0.7372773368101242 -0.6755902076156601
vn 0 -0.6755902076156601 0.7372773368101242
vn 0 0.6755902076156601 -0.7372773368101242
usemtl m_ede1f5c5-55f8-8291-5e71-77e3daa0a758
f 1886/5357/1340 1885/5358/1340 1887/5359/1340 1888/5360/1340
f 1891/5361/1341 1889/5362/1341 1890/5363/1341 1892/5364/1341
f 1889/5365/1342 1885/5366/1342 1886/5367/1342 1890/5368/1342
f 1888/5369/1343 1887/5370/1343 1891/5371/1343 1892/5372/1343
f 1887/5373/1344 1885/5374/1344 1889/5375/1344 1891/5376/1344
f 1890/5377/1345 1886/5378/1345 1888/5379/1345 1892/5380/1345
o mesh
v -0.2968749999999999 0.013405659083205748 -0.021522808444232086
v -0.2968749999999999 0.017628097880803613 -0.026130791799295353
v -0.2968749999999999 0.011101667405674108 -0.023634027843031025
v -0.2968749999999999 0.01532410620327198 -0.028242011198094292
v -0.4531249999999999 0.013405659083205748 -0.021522808444232086
v -0.4531249999999999 0.017628097880803613 -0.026130791799295353
v -0.4531249999999999 0.011101667405674108 -0.023634027843031025
v -0.4531249999999999 0.01532410620327198 -0.028242011198094292
vt 0.46875 0.40625
vt 0.4375 0.40625
vt 0.4375 0.375
vt 0.46875 0.375
vt 0.53125 0.375
vt 0.53125 0.40625
vt 0.5 0.40625
vt 0.5 0.375
vt 0.53125 0.625
vt 0.625 0.625
vt 0.625 0.65625
vt 0.53125 0.65625
vt 0.46875 0.4375
vt 0.46875 0.46875
vt 0.375 0.46875
vt 0.375 0.4375
vt 0.625 0.5625
vt 0.625 0.59375
vt 0.53125 0.59375
vt 0.53125 0.5625
vt 0.625 0.53125
vt 0.53125 0.53125
vt 0.53125 0.5
vt 0.625 0.5
vn 1 0 0
vn -1 0 0
vn 0 0.7372773368101242 0.6755902076156601
vn 0 -0.7372773368101242 -0.6755902076156601
vn 0 -0.6755902076156601 0.7372773368101242
vn 0 0.6755902076156601 -0.7372773368101242
usemtl m_ede1f5c5-55f8-8291-5e71-77e3daa0a758
f 1894/5381/1346 1893/5382/1346 1895/5383/1346 1896/5384/1346
f 1899/5385/1347 1897/5386/1347 1898/5387/1347 1900/5388/1347
f 1897/5389/1348 1893/5390/1348 1894/5391/1348 1898/5392/1348
f 1896/5393/1349 1895/5394/1349 1899/5395/1349 1900/5396/1349
f 1895/5397/1350 1893/5398/1350 1897/5399/1350 1899/5400/1350
f 1898/5401/1351 1894/5402/1351 1896/5403/1351 1900/5404/1351
o mesh
v -0.4468749999999999 0.01762809788080353 -0.026130791799295262
v -0.4468749999999999 0.07251980224957591 -0.08603457541511786
v -0.4468749999999999 0.01532410620327189 -0.0282420111980942
v -0.4468749999999999 0.07021581057204428 -0.0881457948139168
v -0.4531249999999999 0.01762809788080353 -0.026130791799295262
v -0.4531249999999999 0.07251980224957591 -0.08603457541511786
v -0.4531249999999999 0.01532410620327189 -0.0282420111980942
v -0.4531249999999999 0.07021581057204428 -0.0881457948139168
vt 0.625 0.46875
vt 0.59375 0.46875
vt 0.59375 0.4375
vt 0.625 0.4375
vt 0.59375 0.375
vt 0.59375 0.40625
vt 0.5625 0.40625
vt 0.5625 0.375
vt 0 0.34375
vt 0.03125 0.34375
vt 0.03125 0.375
vt 0 0.375
vt 0.09375 0.34375
vt 0.09375 0.375
vt 0.0625 0.375
vt 0.0625 0.34375
vt 0.65625 0.375
vt 0.65625 0.40625
vt 0.625 0.40625
vt 0.625 0.375
vt 0.6875 1
vt 0.65625 1
vt 0.65625 0.96875
vt 0.6875 0.96875
vn 1 0 0
vn -1 0 0
vn 0 0.7372773368101242 0.6755902076156601
vn 0 -0.7372773368101242 -0.6755902076156601
vn 0 -0.6755902076156601 0.7372773368101242
vn 0 0.6755902076156601 -0.7372773368101242
usemtl m_ede1f5c5-55f8-8291-5e71-77e3daa0a758
f 1902/5405/1352 1901/5406/1352 1903/5407/1352 1904/5408/1352
f 1907/5409/1353 1905/5410/1353 1906/5411/1353 1908/5412/1353
f 1905/5413/1354 1901/5414/1354 1902/5415/1354 1906/5416/1354
f 1904/5417/1355 1903/5418/1355 1907/5419/1355 1908/5420/1355
f 1903/5421/1356 1901/5422/1356 1905/5423/1356 1907/5424/1356
f 1906/5425/1357 1902/5426/1357 1904/5427/1357 1908/5428/1357
o mesh
v -0.2968750000000001 0.01762809788080353 -0.026130791799295262
v -0.2968750000000001 0.07251980224957591 -0.08603457541511786
v -0.2968750000000001 0.01532410620327189 -0.0282420111980942
v -0.2968750000000001 0.07021581057204428 -0.0881457948139168
v -0.3031250000000001 0.01762809788080353 -0.026130791799295262
v -0.3031250000000001 0.07251980224957591 -0.08603457541511786
v -0.3031250000000001 0.01532410620327189 -0.0282420111980942
v -0.3031250000000001 0.07021581057204428 -0.0881457948139168
vt 0.6875 0.9375
vt 0.65625 0.9375
vt 0.65625 0.90625
vt 0.6875 0.90625
vt 0.15625 0.3125
vt 0.15625 0.34375
vt 0.125 0.34375
vt 0.125 0.3125
vt 0.65625 0.84375
vt 0.6875 0.84375
vt 0.6875 0.875
vt 0.65625 0.875
vt 0.21875 0.3125
vt 0.21875 0.34375
vt 0.1875 0.34375
vt 0.1875 0.3125
vt 0.6875 0.78125
vt 0.6875 0.8125
vt 0.65625 0.8125
vt 0.65625 0.78125
vt 0.28125 0.34375
vt 0.25 0.34375
vt 0.25 0.3125
vt 0.28125 0.3125
vn 1 0 0
vn -1 0 0
vn 0 0.7372773368101242 0.6755902076156601
vn 0 -0.7372773368101242 -0.6755902076156601
vn 0 -0.6755902076156601 0.7372773368101242
vn 0 0.6755902076156601 -0.7372773368101242
usemtl m_ede1f5c5-55f8-8291-5e71-77e3daa0a758
f 1910/5429/1358 1909/5430/1358 1911/5431/1358 1912/5432/1358
f 1915/5433/1359 1913/5434/1359 1914/5435/1359 1916/5436/1359
f 1913/5437/1360 1909/5438/1360 1910/5439/1360 1914/5440/1360
f 1912/5441/1361 1911/5442/1361 1915/5443/1361 1916/5444/1361
f 1911/5445/1362 1909/5446/1362 1913/5447/1362 1915/5448/1362
f 1914/5449/1363 1910/5450/1363 1912/5451/1363 1916/5452/1363
o mesh
v -0.3687499999999999 0.04062045955083646 -0.05562822173070943
v -0.3687499999999999 0.040893080721869805 -0.06187227311559604
v -0.3687499999999999 -0.0015268872971481613 -0.05746841463518453
v -0.3687499999999999 -0.0012542661261148134 -0.06371246602007115
v -0.38124999999999987 0.04062045955083646 -0.05562822173070943
v -0.38124999999999987 0.040893080721869805 -0.06187227311559604
v -0.38124999999999987 -0.0015268872971481613 -0.05746841463518453
v -0.38124999999999987 -0.0012542661261148134 -0.06371246602007115
vt 0.6875 0.75
vt 0.65625 0.75
vt 0.65625 0.71875
vt 0.6875 0.71875
vt 0.34375 0.3125
vt 0.34375 0.34375
vt 0.3125 0.34375
vt 0.3125 0.3125
vt 0.65625 0.65625
vt 0.6875 0.65625
vt 0.6875 0.6875
vt 0.65625 0.6875
vt 0.40625 0.3125
vt 0.40625 0.34375
vt 0.375 0.34375
vt 0.375 0.3125
vt 0.6875 0.59375
vt 0.6875 0.625
vt 0.65625 0.625
vt 0.65625 0.59375
vt 0.46875 0.34375
vt 0.4375 0.34375
vt 0.4375 0.3125
vt 0.46875 0.3125
vn 1 0 0
vn -1 0 0
vn 0 0.9990482215818579 0.04361938736533588
vn 0 -0.9990482215818579 -0.04361938736533588
vn 0 -0.04361938736533588 0.9990482215818579
vn 0 0.04361938736533588 -0.9990482215818579
usemtl m_ede1f5c5-55f8-8291-5e71-77e3daa0a758
f 1918/5453/1364 1917/5454/1364 1919/5455/1364 1920/5456/1364
f 1923/5457/1365 1921/5458/1365 1922/5459/1365 1924/5460/1365
f 1921/5461/1366 1917/5462/1366 1918/5463/1366 1922/5464/1366
f 1920/5465/1367 1919/5466/1367 1923/5467/1367 1924/5468/1367
f 1919/5469/1368 1917/5470/1368 1921/5471/1368 1923/5472/1368
f 1922/5473/1369 1918/5474/1369 1920/5475/1369 1924/5476/1369
o plane
v -0.30312499999999987 0.016476102042037737 -0.027186401498694765
v -0.30312499999999987 0.07136780641081013 -0.08709018511451735
v -0.4468749999999999 0.016476102042037737 -0.027186401498694765
v -0.4468749999999999 0.07136780641081013 -0.08709018511451735
vt 0.3125 0.34375
vt 0.3125 0.40625
vt 0.21875 0.40625
vt 0.21875 0.34375
vn 0 0.7372773368101242 0.6755902076156601
usemtl m_ede1f5c5-55f8-8291-5e71-77e3daa0a758
f 1925/5477/1370 1926/5478/1370 1928/5479/1370 1927/5480/1370
o mesh
v -0.14062499999999972 0.011101667405674046 -0.023634027843030952
v -0.14062499999999972 0.07443824936964218 -0.09275377816898009
v -0.14062499999999972 0.008797675728142409 -0.025745247241829895
v -0.14062499999999972 0.07213425769211054 -0.09486499756777902
v -0.2968749999999997 0.011101667405674046 -0.023634027843030952
v -0.2968749999999997 0.07443824936964218 -0.09275377816898009
v -0.2968749999999997 0.008797675728142409 -0.025745247241829895
v -0.2968749999999997 0.07213425769211054 -0.09486499756777902
vt 0.5625 0.46875
vt 0.5 0.46875
vt 0.5 0.4375
vt 0.5625 0.4375
vt 0.1875 0.375
vt 0.1875 0.40625
vt 0.125 0.40625
vt 0.125 0.375
vt 0 0.40625
vt 0.09375 0.40625
vt 0.09375 0.46875
vt 0 0.46875
vt 0.625 0.9375
vt 0.625 1
vt 0.53125 1
vt 0.53125 0.9375
vt 0.625 0.875
vt 0.625 0.90625
vt 0.53125 0.90625
vt 0.53125 0.875
vt 0.21875 0.46875
vt 0.125 0.46875
vt 0.125 0.4375
vt 0.21875 0.4375
vn 1 0 0
vn -1 0 0
vn 0 0.7372773368101242 0.6755902076156601
vn 0 -0.7372773368101242 -0.6755902076156601
vn 0 -0.6755902076156601 0.7372773368101242
vn 0 0.6755902076156601 -0.7372773368101242
usemtl m_ede1f5c5-55f8-8291-5e71-77e3daa0a758
f 1930/5481/1371 1929/5482/1371 1931/5483/1371 1932/5484/1371
f 1935/5485/1372 1933/5486/1372 1934/5487/1372 1936/5488/1372
f 1933/5489/1373 1929/5490/1373 1930/5491/1373 1934/5492/1373
f 1932/5493/1374 1931/5494/1374 1935/5495/1374 1936/5496/1374
f 1931/5497/1375 1929/5498/1375 1933/5499/1375 1935/5500/1375
f 1934/5501/1376 1930/5502/1376 1932/5503/1376 1936/5504/1376
o mesh
v -0.14062499999999972 0.07251980224957595 -0.08603457541511789
v -0.14062499999999972 0.07674224104717381 -0.09064255877018115
v -0.14062499999999972 0.0702158105720443 -0.08814579481391682
v -0.14062499999999972 0.07443824936964218 -0.09275377816898009
v -0.2968749999999997 0.07251980224957595 -0.08603457541511789
v -0.2968749999999997 0.07674224104717381 -0.09064255877018115
v -0.2968749999999997 0.0702158105720443 -0.08814579481391682
v -0.2968749999999997 0.07443824936964218 -0.09275377816898009
vt 0.34375 0.40625
vt 0.3125 0.40625
vt 0.3125 0.375
vt 0.34375 0.375
vt 0.40625 0.375
vt 0.40625 0.40625
vt 0.375 0.40625
vt 0.375 0.375
vt 0.53125 0.8125
vt 0.625 0.8125
vt 0.625 0.84375
vt 0.53125 0.84375
vt 0.625 0.75
vt 0.625 0.78125
vt 0.53125 0.78125
vt 0.53125 0.75
vt 0.34375 0.4375
vt 0.34375 0.46875
vt 0.25 0.46875
vt 0.25 0.4375
vt 0.625 0.71875
vt 0.53125 0.71875
vt 0.53125 0.6875
vt 0.625 0.6875
vn 1 0 0
vn -1 0 0
vn 0 0.7372773368101242 0.6755902076156601
vn 0 -0.7372773368101242 -0.6755902076156601
vn 0 -0.6755902076156601 0.7372773368101242
vn 0 0.6755902076156601 -0.7372773368101242
usemtl m_ede1f5c5-55f8-8291-5e71-77e3daa0a758
f 1938/5505/1377 1937/5506/1377 1939/5507/1377 1940/5508/1377
f 1943/5509/1378 1941/5510/1378 1942/5511/1378 1944/5512/1378
f 1941/5513/1379 1937/5514/1379 1938/5515/1379 1942/5516/1379
f 1940/5517/1380 1939/5518/1380 1943/5519/1380 1944/5520/1380
f 1939/5521/1381 1937/5522/1381 1941/5523/1381 1943/5524/1381
f 1942/5525/1382 1938/5526/1382 1940/5527/1382 1944/5528/1382
o mesh
v -0.14062499999999972 0.013405659083205748 -0.021522808444232086
v -0.14062499999999972 0.017628097880803613 -0.026130791799295353
v -0.14062499999999972 0.011101667405674108 -0.023634027843031025
v -0.14062499999999972 0.01532410620327198 -0.028242011198094292
v -0.2968749999999997 0.013405659083205748 -0.021522808444232086
v -0.2968749999999997 0.017628097880803613 -0.026130791799295353
v -0.2968749999999997 0.011101667405674108 -0.023634027843031025
v -0.2968749999999997 0.01532410620327198 -0.028242011198094292
vt 0.46875 0.40625
vt 0.4375 0.40625
vt 0.4375 0.375
vt 0.46875 0.375
vt 0.53125 0.375
vt 0.53125 0.40625
vt 0.5 0.40625
vt 0.5 0.375
vt 0.53125 0.625
vt 0.625 0.625
vt 0.625 0.65625
vt 0.53125 0.65625
vt 0.46875 0.4375
vt 0.46875 0.46875
vt 0.375 0.46875
vt 0.375 0.4375
vt 0.625 0.5625
vt 0.625 0.59375
vt 0.53125 0.59375
vt 0.53125 0.5625
vt 0.625 0.53125
vt 0.53125 0.53125
vt 0.53125 0.5
vt 0.625 0.5
vn 1 0 0
vn -1 0 0
vn 0 0.7372773368101242 0.6755902076156601
vn 0 -0.7372773368101242 -0.6755902076156601
vn 0 -0.6755902076156601 0.7372773368101242
vn 0 0.6755902076156601 -0.7372773368101242
usemtl m_ede1f5c5-55f8-8291-5e71-77e3daa0a758
f 1946/5529/1383 1945/5530/1383 1947/5531/1383 1948/5532/1383
f 1951/5533/1384 1949/5534/1384 1950/5535/1384 1952/5536/1384
f 1949/5537/1385 1945/5538/1385 1946/5539/1385 1950/5540/1385
f 1948/5541/1386 1947/5542/1386 1951/5543/1386 1952/5544/1386
f 1947/5545/1387 1945/5546/1387 1949/5547/1387 1951/5548/1387
f 1950/5549/1388 1946/5550/1388 1948/5551/1388 1952/5552/1388
o mesh
v -0.29062499999999974 0.01762809788080353 -0.026130791799295262
v -0.29062499999999974 0.07251980224957591 -0.08603457541511786
v -0.29062499999999974 0.01532410620327189 -0.0282420111980942
v -0.29062499999999974 0.07021581057204428 -0.0881457948139168
v -0.2968749999999997 0.01762809788080353 -0.026130791799295262
v -0.2968749999999997 0.07251980224957591 -0.08603457541511786
v -0.2968749999999997 0.01532410620327189 -0.0282420111980942
v -0.2968749999999997 0.07021581057204428 -0.0881457948139168
vt 0.625 0.46875
vt 0.59375 0.46875
vt 0.59375 0.4375
vt 0.625 0.4375
vt 0.59375 0.375
vt 0.59375 0.40625
vt 0.5625 0.40625
vt 0.5625 0.375
vt 0 0.34375
vt 0.03125 0.34375
vt 0.03125 0.375
vt 0 0.375
vt 0.09375 0.34375
vt 0.09375 0.375
vt 0.0625 0.375
vt 0.0625 0.34375
vt 0.65625 0.375
vt 0.65625 0.40625
vt 0.625 0.40625
vt 0.625 0.375
vt 0.6875 1
vt 0.65625 1
vt 0.65625 0.96875
vt 0.6875 0.96875
vn 1 0 0
vn -1 0 0
vn 0 0.7372773368101242 0.6755902076156601
vn 0 -0.7372773368101242 -0.6755902076156601
vn 0 -0.6755902076156601 0.7372773368101242
vn 0 0.6755902076156601 -0.7372773368101242
usemtl m_ede1f5c5-55f8-8291-5e71-77e3daa0a758
f 1954/5553/1389 1953/5554/1389 1955/5555/1389 1956/5556/1389
f 1959/5557/1390 1957/5558/1390 1958/5559/1390 1960/5560/1390
f 1957/5561/1391 1953/5562/1391 1954/5563/1391 1958/5564/1391
f 1956/5565/1392 1955/5566/1392 1959/5567/1392 1960/5568/1392
f 1955/5569/1393 1953/5570/1393 1957/5571/1393 1959/5572/1393
f 1958/5573/1394 1954/5574/1394 1956/5575/1394 1960/5576/1394
o mesh
v -0.14062500000000006 0.01762809788080353 -0.026130791799295262
v -0.14062500000000006 0.07251980224957591 -0.08603457541511786
v -0.14062500000000006 0.01532410620327189 -0.0282420111980942
v -0.14062500000000006 0.07021581057204428 -0.0881457948139168
v -0.14687500000000003 0.01762809788080353 -0.026130791799295262
v -0.14687500000000003 0.07251980224957591 -0.08603457541511786
v -0.14687500000000003 0.01532410620327189 -0.0282420111980942
v -0.14687500000000003 0.07021581057204428 -0.0881457948139168
vt 0.6875 0.9375
vt 0.65625 0.9375
vt 0.65625 0.90625
vt 0.6875 0.90625
vt 0.15625 0.3125
vt 0.15625 0.34375
vt 0.125 0.34375
vt 0.125 0.3125
vt 0.65625 0.84375
vt 0.6875 0.84375
vt 0.6875 0.875
vt 0.65625 0.875
vt 0.21875 0.3125
vt 0.21875 0.34375
vt 0.1875 0.34375
vt 0.1875 0.3125
vt 0.6875 0.78125
vt 0.6875 0.8125
vt 0.65625 0.8125
vt 0.65625 0.78125
vt 0.28125 0.34375
vt 0.25 0.34375
vt 0.25 0.3125
vt 0.28125 0.3125
vn 1 0 0
vn -1 0 0
vn 0 0.7372773368101242 0.6755902076156601
vn 0 -0.7372773368101242 -0.6755902076156601
vn 0 -0.6755902076156601 0.7372773368101242
vn 0 0.6755902076156601 -0.7372773368101242
usemtl m_ede1f5c5-55f8-8291-5e71-77e3daa0a758
f 1962/5577/1395 1961/5578/1395 1963/5579/1395 1964/5580/1395
f 1967/5581/1396 1965/5582/1396 1966/5583/1396 1968/5584/1396
f 1965/5585/1397 1961/5586/1397 1962/5587/1397 1966/5588/1397
f 1964/5589/1398 1963/5590/1398 1967/5591/1398 1968/5592/1398
f 1963/5593/1399 1961/5594/1399 1965/5595/1399 1967/5596/1399
f 1966/5597/1400 1962/5598/1400 1964/5599/1400 1968/5600/1400
o mesh
v -0.21249999999999972 0.04062045955083646 -0.05562822173070943
v -0.21249999999999972 0.040893080721869805 -0.06187227311559604
v -0.21249999999999972 -0.0015268872971481613 -0.05746841463518453
v -0.21249999999999972 -0.0012542661261148134 -0.06371246602007115
v -0.22499999999999973 0.04062045955083646 -0.05562822173070943
v -0.22499999999999973 0.040893080721869805 -0.06187227311559604
v -0.22499999999999973 -0.0015268872971481613 -0.05746841463518453
v -0.22499999999999973 -0.0012542661261148134 -0.06371246602007115
vt 0.6875 0.75
vt 0.65625 0.75
vt 0.65625 0.71875
vt 0.6875 0.71875
vt 0.34375 0.3125
vt 0.34375 0.34375
vt 0.3125 0.34375
vt 0.3125 0.3125
vt 0.65625 0.65625
vt 0.6875 0.65625
vt 0.6875 0.6875
vt 0.65625 0.6875
vt 0.40625 0.3125
vt 0.40625 0.34375
vt 0.375 0.34375
vt 0.375 0.3125
vt 0.6875 0.59375
vt 0.6875 0.625
vt 0.65625 0.625
vt 0.65625 0.59375
vt 0.46875 0.34375
vt 0.4375 0.34375
vt 0.4375 0.3125
vt 0.46875 0.3125
vn 1 0 0
vn -1 0 0
vn 0 0.9990482215818579 0.04361938736533588
vn 0 -0.9990482215818579 -0.04361938736533588
vn 0 -0.04361938736533588 0.9990482215818579
vn 0 0.04361938736533588 -0.9990482215818579
usemtl m_ede1f5c5-55f8-8291-5e71-77e3daa0a758
f 1970/5601/1401 1969/5602/1401 1971/5603/1401 1972/5604/1401
f 1975/5605/1402 1973/5606/1402 1974/5607/1402 1976/5608/1402
f 1973/5609/1403 1969/5610/1403 1970/5611/1403 1974/5612/1403
f 1972/5613/1404 1971/5614/1404 1975/5615/1404 1976/5616/1404
f 1971/5617/1405 1969/5618/1405 1973/5619/1405 1975/5620/1405
f 1974/5621/1406 1970/5622/1406 1972/5623/1406 1976/5624/1406
o plane
v -0.14687499999999973 0.016476102042037737 -0.027186401498694765
v -0.14687499999999973 0.07136780641081013 -0.08709018511451735
v -0.2906249999999997 0.016476102042037737 -0.027186401498694765
v -0.2906249999999997 0.07136780641081013 -0.08709018511451735
vt 0.3125 0.34375
vt 0.3125 0.40625
vt 0.21875 0.40625
vt 0.21875 0.34375
vn 0 0.7372773368101242 0.6755902076156601
usemtl m_ede1f5c5-55f8-8291-5e71-77e3daa0a758
f 1977/5625/1407 1978/5626/1407 1980/5627/1407 1979/5628/1407
o mesh
v 0.015625000000000278 0.011101667405674046 -0.023634027843030952
v 0.015625000000000278 0.07443824936964218 -0.09275377816898009
v 0.015625000000000278 0.008797675728142409 -0.025745247241829895
v 0.015625000000000278 0.07213425769211054 -0.09486499756777902
v -0.14062499999999972 0.011101667405674046 -0.023634027843030952
v -0.14062499999999972 0.07443824936964218 -0.09275377816898009
v -0.14062499999999972 0.008797675728142409 -0.025745247241829895
v -0.14062499999999972 0.07213425769211054 -0.09486499756777902
vt 0.5625 0.46875
vt 0.5 0.46875
vt 0.5 0.4375
vt 0.5625 0.4375
vt 0.1875 0.375
vt 0.1875 0.40625
vt 0.125 0.40625
vt 0.125 0.375
vt 0 0.40625
vt 0.09375 0.40625
vt 0.09375 0.46875
vt 0 0.46875
vt 0.625 0.9375
vt 0.625 1
vt 0.53125 1
vt 0.53125 0.9375
vt 0.625 0.875
vt 0.625 0.90625
vt 0.53125 0.90625
vt 0.53125 0.875
vt 0.21875 0.46875
vt 0.125 0.46875
vt 0.125 0.4375
vt 0.21875 0.4375
vn 1 0 0
vn -1 0 0
vn 0 0.7372773368101242 0.6755902076156601
vn 0 -0.7372773368101242 -0.6755902076156601
vn 0 -0.6755902076156601 0.7372773368101242
vn 0 0.6755902076156601 -0.7372773368101242
usemtl m_ede1f5c5-55f8-8291-5e71-77e3daa0a758
f 1982/5629/1408 1981/5630/1408 1983/5631/1408 1984/5632/1408
f 1987/5633/1409 1985/5634/1409 1986/5635/1409 1988/5636/1409
f 1985/5637/1410 1981/5638/1410 1982/5639/1410 1986/5640/1410
f 1984/5641/1411 1983/5642/1411 1987/5643/1411 1988/5644/1411
f 1983/5645/1412 1981/5646/1412 1985/5647/1412 1987/5648/1412
f 1986/5649/1413 1982/5650/1413 1984/5651/1413 1988/5652/1413
o mesh
v 0.015625000000000278 0.07251980224957595 -0.08603457541511789
v 0.015625000000000278 0.07674224104717381 -0.09064255877018115
v 0.015625000000000278 0.0702158105720443 -0.08814579481391682
v 0.015625000000000278 0.07443824936964218 -0.09275377816898009
v -0.14062499999999972 0.07251980224957595 -0.08603457541511789
v -0.14062499999999972 0.07674224104717381 -0.09064255877018115
v -0.14062499999999972 0.0702158105720443 -0.08814579481391682
v -0.14062499999999972 0.07443824936964218 -0.09275377816898009
vt 0.34375 0.40625
vt 0.3125 0.40625
vt 0.3125 0.375
vt 0.34375 0.375
vt 0.40625 0.375
vt 0.40625 0.40625
vt 0.375 0.40625
vt 0.375 0.375
vt 0.53125 0.8125
vt 0.625 0.8125
vt 0.625 0.84375
vt 0.53125 0.84375
vt 0.625 0.75
vt 0.625 0.78125
vt 0.53125 0.78125
vt 0.53125 0.75
vt 0.34375 0.4375
vt 0.34375 0.46875
vt 0.25 0.46875
vt 0.25 0.4375
vt 0.625 0.71875
vt 0.53125 0.71875
vt 0.53125 0.6875
vt 0.625 0.6875
vn 1 0 0
vn -1 0 0
vn 0 0.7372773368101242 0.6755902076156601
vn 0 -0.7372773368101242 -0.6755902076156601
vn 0 -0.6755902076156601 0.7372773368101242
vn 0 0.6755902076156601 -0.7372773368101242
usemtl m_ede1f5c5-55f8-8291-5e71-77e3daa0a758
f 1990/5653/1414 1989/5654/1414 1991/5655/1414 1992/5656/1414
f 1995/5657/1415 1993/5658/1415 1994/5659/1415 1996/5660/1415
f 1993/5661/1416 1989/5662/1416 1990/5663/1416 1994/5664/1416
f 1992/5665/1417 1991/5666/1417 1995/5667/1417 1996/5668/1417
f 1991/5669/1418 1989/5670/1418 1993/5671/1418 1995/5672/1418
f 1994/5673/1419 1990/5674/1419 1992/5675/1419 1996/5676/1419
o mesh
v 0.015625000000000278 0.013405659083205748 -0.021522808444232086
v 0.015625000000000278 0.017628097880803613 -0.026130791799295353
v 0.015625000000000278 0.011101667405674108 -0.023634027843031025
v 0.015625000000000278 0.01532410620327198 -0.028242011198094292
v -0.14062499999999972 0.013405659083205748 -0.021522808444232086
v -0.14062499999999972 0.017628097880803613 -0.026130791799295353
v -0.14062499999999972 0.011101667405674108 -0.023634027843031025
v -0.14062499999999972 0.01532410620327198 -0.028242011198094292
vt 0.46875 0.40625
vt 0.4375 0.40625
vt 0.4375 0.375
vt 0.46875 0.375
vt 0.53125 0.375
vt 0.53125 0.40625
vt 0.5 0.40625
vt 0.5 0.375
vt 0.53125 0.625
vt 0.625 0.625
vt 0.625 0.65625
vt 0.53125 0.65625
vt 0.46875 0.4375
vt 0.46875 0.46875
vt 0.375 0.46875
vt 0.375 0.4375
vt 0.625 0.5625
vt 0.625 0.59375
vt 0.53125 0.59375
vt 0.53125 0.5625
vt 0.625 0.53125
vt 0.53125 0.53125
vt 0.53125 0.5
vt 0.625 0.5
vn 1 0 0
vn -1 0 0
vn 0 0.7372773368101242 0.6755902076156601
vn 0 -0.7372773368101242 -0.6755902076156601
vn 0 -0.6755902076156601 0.7372773368101242
vn 0 0.6755902076156601 -0.7372773368101242
usemtl m_ede1f5c5-55f8-8291-5e71-77e3daa0a758
f 1998/5677/1420 1997/5678/1420 1999/5679/1420 2000/5680/1420
f 2003/5681/1421 2001/5682/1421 2002/5683/1421 2004/5684/1421
f 2001/5685/1422 1997/5686/1422 1998/5687/1422 2002/5688/1422
f 2000/5689/1423 1999/5690/1423 2003/5691/1423 2004/5692/1423
f 1999/5693/1424 1997/5694/1424 2001/5695/1424 2003/5696/1424
f 2002/5697/1425 1998/5698/1425 2000/5699/1425 2004/5700/1425
o mesh
v -0.13437499999999974 0.01762809788080353 -0.026130791799295262
v -0.13437499999999974 0.07251980224957591 -0.08603457541511786
v -0.13437499999999974 0.01532410620327189 -0.0282420111980942
v -0.13437499999999974 0.07021581057204428 -0.0881457948139168
v -0.14062499999999972 0.01762809788080353 -0.026130791799295262
v -0.14062499999999972 0.07251980224957591 -0.08603457541511786
v -0.14062499999999972 0.01532410620327189 -0.0282420111980942
v -0.14062499999999972 0.07021581057204428 -0.0881457948139168
vt 0.625 0.46875
vt 0.59375 0.46875
vt 0.59375 0.4375
vt 0.625 0.4375
vt 0.59375 0.375
vt 0.59375 0.40625
vt 0.5625 0.40625
vt 0.5625 0.375
vt 0 0.34375
vt 0.03125 0.34375
vt 0.03125 0.375
vt 0 0.375
vt 0.09375 0.34375
vt 0.09375 0.375
vt 0.0625 0.375
vt 0.0625 0.34375
vt 0.65625 0.375
vt 0.65625 0.40625
vt 0.625 0.40625
vt 0.625 0.375
vt 0.6875 1
vt 0.65625 1
vt 0.65625 0.96875
vt 0.6875 0.96875
vn 1 0 0
vn -1 0 0
vn 0 0.7372773368101242 0.6755902076156601
vn 0 -0.7372773368101242 -0.6755902076156601
vn 0 -0.6755902076156601 0.7372773368101242
vn 0 0.6755902076156601 -0.7372773368101242
usemtl m_ede1f5c5-55f8-8291-5e71-77e3daa0a758
f 2006/5701/1426 2005/5702/1426 2007/5703/1426 2008/5704/1426
f 2011/5705/1427 2009/5706/1427 2010/5707/1427 2012/5708/1427
f 2009/5709/1428 2005/5710/1428 2006/5711/1428 2010/5712/1428
f 2008/5713/1429 2007/5714/1429 2011/5715/1429 2012/5716/1429
f 2007/5717/1430 2005/5718/1430 2009/5719/1430 2011/5720/1430
f 2010/5721/1431 2006/5722/1431 2008/5723/1431 2012/5724/1431
o mesh
v 0.01562499999999993 0.01762809788080353 -0.026130791799295262
v 0.01562499999999993 0.07251980224957591 -0.08603457541511786
v 0.01562499999999993 0.01532410620327189 -0.0282420111980942
v 0.01562499999999993 0.07021581057204428 -0.0881457948139168
v 0.009374999999999939 0.01762809788080353 -0.026130791799295262
v 0.009374999999999939 0.07251980224957591 -0.08603457541511786
v 0.009374999999999939 0.01532410620327189 -0.0282420111980942
v 0.009374999999999939 0.07021581057204428 -0.0881457948139168
vt 0.6875 0.9375
vt 0.65625 0.9375
vt 0.65625 0.90625
vt 0.6875 0.90625
vt 0.15625 0.3125
vt 0.15625 0.34375
vt 0.125 0.34375
vt 0.125 0.3125
vt 0.65625 0.84375
vt 0.6875 0.84375
vt 0.6875 0.875
vt 0.65625 0.875
vt 0.21875 0.3125
vt 0.21875 0.34375
vt 0.1875 0.34375
vt 0.1875 0.3125
vt 0.6875 0.78125
vt 0.6875 0.8125
vt 0.65625 0.8125
vt 0.65625 0.78125
vt 0.28125 0.34375
vt 0.25 0.34375
vt 0.25 0.3125
vt 0.28125 0.3125
vn 1 0 0
vn -1 0 0
vn 0 0.7372773368101242 0.6755902076156601
vn 0 -0.7372773368101242 -0.6755902076156601
vn 0 -0.6755902076156601 0.7372773368101242
vn 0 0.6755902076156601 -0.7372773368101242
usemtl m_ede1f5c5-55f8-8291-5e71-77e3daa0a758
f 2014/5725/1432 2013/5726/1432 2015/5727/1432 2016/5728/1432
f 2019/5729/1433 2017/5730/1433 2018/5731/1433 2020/5732/1433
f 2017/5733/1434 2013/5734/1434 2014/5735/1434 2018/5736/1434
f 2016/5737/1435 2015/5738/1435 2019/5739/1435 2020/5740/1435
f 2015/5741/1436 2013/5742/1436 2017/5743/1436 2019/5744/1436
f 2018/5745/1437 2014/5746/1437 2016/5747/1437 2020/5748/1437
o mesh
v -0.056249999999999724 0.04062045955083646 -0.05562822173070943
v -0.056249999999999724 0.040893080721869805 -0.06187227311559604
v -0.056249999999999724 -0.0015268872971481613 -0.05746841463518453
v -0.056249999999999724 -0.0012542661261148134 -0.06371246602007115
v -0.06874999999999973 0.04062045955083646 -0.05562822173070943
v -0.06874999999999973 0.040893080721869805 -0.06187227311559604
v -0.06874999999999973 -0.0015268872971481613 -0.05746841463518453
v -0.06874999999999973 -0.0012542661261148134 -0.06371246602007115
vt 0.6875 0.75
vt 0.65625 0.75
vt 0.65625 0.71875
vt 0.6875 0.71875
vt 0.34375 0.3125
vt 0.34375 0.34375
vt 0.3125 0.34375
vt 0.3125 0.3125
vt 0.65625 0.65625
vt 0.6875 0.65625
vt 0.6875 0.6875
vt 0.65625 0.6875
vt 0.40625 0.3125
vt 0.40625 0.34375
vt 0.375 0.34375
vt 0.375 0.3125
vt 0.6875 0.59375
vt 0.6875 0.625
vt 0.65625 0.625
vt 0.65625 0.59375
vt 0.46875 0.34375
vt 0.4375 0.34375
vt 0.4375 0.3125
vt 0.46875 0.3125
vn 1 0 0
vn -1 0 0
vn 0 0.9990482215818579 0.04361938736533588
vn 0 -0.9990482215818579 -0.04361938736533588
vn 0 -0.04361938736533588 0.9990482215818579
vn 0 0.04361938736533588 -0.9990482215818579
usemtl m_ede1f5c5-55f8-8291-5e71-77e3daa0a758
f 2022/5749/1438 2021/5750/1438 2023/5751/1438 2024/5752/1438
f 2027/5753/1439 2025/5754/1439 2026/5755/1439 2028/5756/1439
f 2025/5757/1440 2021/5758/1440 2022/5759/1440 2026/5760/1440
f 2024/5761/1441 2023/5762/1441 2027/5763/1441 2028/5764/1441
f 2023/5765/1442 2021/5766/1442 2025/5767/1442 2027/5768/1442
f 2026/5769/1443 2022/5770/1443 2024/5771/1443 2028/5772/1443
o plane
v 0.009375000000000272 0.016476102042037737 -0.027186401498694765
v 0.009375000000000272 0.07136780641081013 -0.08709018511451735
v -0.13437499999999972 0.016476102042037737 -0.027186401498694765
v -0.13437499999999972 0.07136780641081013 -0.08709018511451735
vt 0.3125 0.34375
vt 0.3125 0.40625
vt 0.21875 0.40625
vt 0.21875 0.34375
vn 0 0.7372773368101242 0.6755902076156601
usemtl m_ede1f5c5-55f8-8291-5e71-77e3daa0a758
f 2029/5773/1444 2030/5774/1444 2032/5775/1444 2031/5776/1444
o mesh
v 0.17187500000000033 0.011101667405674046 -0.023634027843030952
v 0.17187500000000033 0.07443824936964218 -0.09275377816898009
v 0.17187500000000033 0.008797675728142409 -0.025745247241829895
v 0.17187500000000033 0.07213425769211054 -0.09486499756777902
v 0.015625000000000333 0.011101667405674046 -0.023634027843030952
v 0.015625000000000333 0.07443824936964218 -0.09275377816898009
v 0.015625000000000333 0.008797675728142409 -0.025745247241829895
v 0.015625000000000333 0.07213425769211054 -0.09486499756777902
vt 0.5625 0.46875
vt 0.5 0.46875
vt 0.5 0.4375
vt 0.5625 0.4375
vt 0.1875 0.375
vt 0.1875 0.40625
vt 0.125 0.40625
vt 0.125 0.375
vt 0 0.40625
vt 0.09375 0.40625
vt 0.09375 0.46875
vt 0 0.46875
vt 0.625 0.9375
vt 0.625 1
vt 0.53125 1
vt 0.53125 0.9375
vt 0.625 0.875
vt 0.625 0.90625
vt 0.53125 0.90625
vt 0.53125 0.875
vt 0.21875 0.46875
vt 0.125 0.46875
vt 0.125 0.4375
vt 0.21875 0.4375
vn 1 0 0
vn -1 0 0
vn 0 0.7372773368101242 0.6755902076156601
vn 0 -0.7372773368101242 -0.6755902076156601
vn 0 -0.6755902076156601 0.7372773368101242
vn 0 0.6755902076156601 -0.7372773368101242
usemtl m_ede1f5c5-55f8-8291-5e71-77e3daa0a758
f 2034/5777/1445 2033/5778/1445 2035/5779/1445 2036/5780/1445
f 2039/5781/1446 2037/5782/1446 2038/5783/1446 2040/5784/1446
f 2037/5785/1447 2033/5786/1447 2034/5787/1447 2038/5788/1447
f 2036/5789/1448 2035/5790/1448 2039/5791/1448 2040/5792/1448
f 2035/5793/1449 2033/5794/1449 2037/5795/1449 2039/5796/1449
f 2038/5797/1450 2034/5798/1450 2036/5799/1450 2040/5800/1450
o mesh
v 0.17187500000000033 0.07251980224957595 -0.08603457541511789
v 0.17187500000000033 0.07674224104717381 -0.09064255877018115
v 0.17187500000000033 0.0702158105720443 -0.08814579481391682
v 0.17187500000000033 0.07443824936964218 -0.09275377816898009
v 0.015625000000000333 0.07251980224957595 -0.08603457541511789
v 0.015625000000000333 0.07674224104717381 -0.09064255877018115
v 0.015625000000000333 0.0702158105720443 -0.08814579481391682
v 0.015625000000000333 0.07443824936964218 -0.09275377816898009
vt 0.34375 0.40625
vt 0.3125 0.40625
vt 0.3125 0.375
vt 0.34375 0.375
vt 0.40625 0.375
vt 0.40625 0.40625
vt 0.375 0.40625
vt 0.375 0.375
vt 0.53125 0.8125
vt 0.625 0.8125
vt 0.625 0.84375
vt 0.53125 0.84375
vt 0.625 0.75
vt 0.625 0.78125
vt 0.53125 0.78125
vt 0.53125 0.75
vt 0.34375 0.4375
vt 0.34375 0.46875
vt 0.25 0.46875
vt 0.25 0.4375
vt 0.625 0.71875
vt 0.53125 0.71875
vt 0.53125 0.6875
vt 0.625 0.6875
vn 1 0 0
vn -1 0 0
vn 0 0.7372773368101242 0.6755902076156601
vn 0 -0.7372773368101242 -0.6755902076156601
vn 0 -0.6755902076156601 0.7372773368101242
vn 0 0.6755902076156601 -0.7372773368101242
usemtl m_ede1f5c5-55f8-8291-5e71-77e3daa0a758
f 2042/5801/1451 2041/5802/1451 2043/5803/1451 2044/5804/1451
f 2047/5805/1452 2045/5806/1452 2046/5807/1452 2048/5808/1452
f 2045/5809/1453 2041/5810/1453 2042/5811/1453 2046/5812/1453
f 2044/5813/1454 2043/5814/1454 2047/5815/1454 2048/5816/1454
f 2043/5817/1455 2041/5818/1455 2045/5819/1455 2047/5820/1455
f 2046/5821/1456 2042/5822/1456 2044/5823/1456 2048/5824/1456
o mesh
v 0.17187500000000033 0.013405659083205748 -0.021522808444232086
v 0.17187500000000033 0.017628097880803613 -0.026130791799295353
v 0.17187500000000033 0.011101667405674108 -0.023634027843031025
v 0.17187500000000033 0.01532410620327198 -0.028242011198094292
v 0.015625000000000333 0.013405659083205748 -0.021522808444232086
v 0.015625000000000333 0.017628097880803613 -0.026130791799295353
v 0.015625000000000333 0.011101667405674108 -0.023634027843031025
v 0.015625000000000333 0.01532410620327198 -0.028242011198094292
vt 0.46875 0.40625
vt 0.4375 0.40625
vt 0.4375 0.375
vt 0.46875 0.375
vt 0.53125 0.375
vt 0.53125 0.40625
vt 0.5 0.40625
vt 0.5 0.375
vt 0.53125 0.625
vt 0.625 0.625
vt 0.625 0.65625
vt 0.53125 0.65625
vt 0.46875 0.4375
vt 0.46875 0.46875
vt 0.375 0.46875
vt 0.375 0.4375
vt 0.625 0.5625
vt 0.625 0.59375
vt 0.53125 0.59375
vt 0.53125 0.5625
vt 0.625 0.53125
vt 0.53125 0.53125
vt 0.53125 0.5
vt 0.625 0.5
vn 1 0 0
vn -1 0 0
vn 0 0.7372773368101242 0.6755902076156601
vn 0 -0.7372773368101242 -0.6755902076156601
vn 0 -0.6755902076156601 0.7372773368101242
vn 0 0.6755902076156601 -0.7372773368101242
usemtl m_ede1f5c5-55f8-8291-5e71-77e3daa0a758
f 2050/5825/1457 2049/5826/1457 2051/5827/1457 2052/5828/1457
f 2055/5829/1458 2053/5830/1458 2054/5831/1458 2056/5832/1458
f 2053/5833/1459 2049/5834/1459 2050/5835/1459 2054/5836/1459
f 2052/5837/1460 2051/5838/1460 2055/5839/1460 2056/5840/1460
f 2051/5841/1461 2049/5842/1461 2053/5843/1461 2055/5844/1461
f 2054/5845/1462 2050/5846/1462 2052/5847/1462 2056/5848/1462
o mesh
v 0.021875000000000325 0.01762809788080353 -0.026130791799295262
v 0.021875000000000325 0.07251980224957591 -0.08603457541511786
v 0.021875000000000325 0.01532410620327189 -0.0282420111980942
v 0.021875000000000325 0.07021581057204428 -0.0881457948139168
v 0.015625000000000333 0.01762809788080353 -0.026130791799295262
v 0.015625000000000333 0.07251980224957591 -0.08603457541511786
v 0.015625000000000333 0.01532410620327189 -0.0282420111980942
v 0.015625000000000333 0.07021581057204428 -0.0881457948139168
vt 0.625 0.46875
vt 0.59375 0.46875
vt 0.59375 0.4375
vt 0.625 0.4375
vt 0.59375 0.375
vt 0.59375 0.40625
vt 0.5625 0.40625
vt 0.5625 0.375
vt 0 0.34375
vt 0.03125 0.34375
vt 0.03125 0.375
vt 0 0.375
vt 0.09375 0.34375
vt 0.09375 0.375
vt 0.0625 0.375
vt 0.0625 0.34375
vt 0.65625 0.375
vt 0.65625 0.40625
vt 0.625 0.40625
vt 0.625 0.375
vt 0.6875 1
vt 0.65625 1
vt 0.65625 0.96875
vt 0.6875 0.96875
vn 1 0 0
vn -1 0 0
vn 0 0.7372773368101242 0.6755902076156601
vn 0 -0.7372773368101242 -0.6755902076156601
vn 0 -0.6755902076156601 0.7372773368101242
vn 0 0.6755902076156601 -0.7372773368101242
usemtl m_ede1f5c5-55f8-8291-5e71-77e3daa0a758
f 2058/5849/1463 2057/5850/1463 2059/5851/1463 2060/5852/1463
f 2063/5853/1464 2061/5854/1464 2062/5855/1464 2064/5856/1464
f 2061/5857/1465 2057/5858/1465 2058/5859/1465 2062/5860/1465
f 2060/5861/1466 2059/5862/1466 2063/5863/1466 2064/5864/1466
f 2059/5865/1467 2057/5866/1467 2061/5867/1467 2063/5868/1467
f 2062/5869/1468 2058/5870/1468 2060/5871/1468 2064/5872/1468
o mesh
v 0.171875 0.01762809788080353 -0.026130791799295262
v 0.171875 0.07251980224957591 -0.08603457541511786
v 0.171875 0.01532410620327189 -0.0282420111980942
v 0.171875 0.07021581057204428 -0.0881457948139168
v 0.16562500000000002 0.01762809788080353 -0.026130791799295262
v 0.16562500000000002 0.07251980224957591 -0.08603457541511786
v 0.16562500000000002 0.01532410620327189 -0.0282420111980942
v 0.16562500000000002 0.07021581057204428 -0.0881457948139168
vt 0.6875 0.9375
vt 0.65625 0.9375
vt 0.65625 0.90625
vt 0.6875 0.90625
vt 0.15625 0.3125
vt 0.15625 0.34375
vt 0.125 0.34375
vt 0.125 0.3125
vt 0.65625 0.84375
vt 0.6875 0.84375
vt 0.6875 0.875
vt 0.65625 0.875
vt 0.21875 0.3125
vt 0.21875 0.34375
vt 0.1875 0.34375
vt 0.1875 0.3125
vt 0.6875 0.78125
vt 0.6875 0.8125
vt 0.65625 0.8125
vt 0.65625 0.78125
vt 0.28125 0.34375
vt 0.25 0.34375
vt 0.25 0.3125
vt 0.28125 0.3125
vn 1 0 0
vn -1 0 0
vn 0 0.7372773368101242 0.6755902076156601
vn 0 -0.7372773368101242 -0.6755902076156601
vn 0 -0.6755902076156601 0.7372773368101242
vn 0 0.6755902076156601 -0.7372773368101242
usemtl m_ede1f5c5-55f8-8291-5e71-77e3daa0a758
f 2066/5873/1469 2065/5874/1469 2067/5875/1469 2068/5876/1469
f 2071/5877/1470 2069/5878/1470 2070/5879/1470 2072/5880/1470
f 2069/5881/1471 2065/5882/1471 2066/5883/1471 2070/5884/1471
f 2068/5885/1472 2067/5886/1472 2071/5887/1472 2072/5888/1472
f 2067/5889/1473 2065/5890/1473 2069/5891/1473 2071/5892/1473
f 2070/5893/1474 2066/5894/1474 2068/5895/1474 2072/5896/1474
o mesh
v 0.10000000000000034 0.04062045955083646 -0.05562822173070943
v 0.10000000000000034 0.040893080721869805 -0.06187227311559604
v 0.10000000000000034 -0.0015268872971481613 -0.05746841463518453
v 0.10000000000000034 -0.0012542661261148134 -0.06371246602007115
v 0.08750000000000033 0.04062045955083646 -0.05562822173070943
v 0.08750000000000033 0.040893080721869805 -0.06187227311559604
v 0.08750000000000033 -0.0015268872971481613 -0.05746841463518453
v 0.08750000000000033 -0.0012542661261148134 -0.06371246602007115
vt 0.6875 0.75
vt 0.65625 0.75
vt 0.65625 0.71875
vt 0.6875 0.71875
vt 0.34375 0.3125
vt 0.34375 0.34375
vt 0.3125 0.34375
vt 0.3125 0.3125
vt 0.65625 0.65625
vt 0.6875 0.65625
vt 0.6875 0.6875
vt 0.65625 0.6875
vt 0.40625 0.3125
vt 0.40625 0.34375
vt 0.375 0.34375
vt 0.375 0.3125
vt 0.6875 0.59375
vt 0.6875 0.625
vt 0.65625 0.625
vt 0.65625 0.59375
vt 0.46875 0.34375
vt 0.4375 0.34375
vt 0.4375 0.3125
vt 0.46875 0.3125
vn 1 0 0
vn -1 0 0
vn 0 0.9990482215818579 0.04361938736533588
vn 0 -0.9990482215818579 -0.04361938736533588
vn 0 -0.04361938736533588 0.9990482215818579
vn 0 0.04361938736533588 -0.9990482215818579
usemtl m_ede1f5c5-55f8-8291-5e71-77e3daa0a758
f 2074/5897/1475 2073/5898/1475 2075/5899/1475 2076/5900/1475
f 2079/5901/1476 2077/5902/1476 2078/5903/1476 2080/5904/1476
f 2077/5905/1477 2073/5906/1477 2074/5907/1477 2078/5908/1477
f 2076/5909/1478 2075/5910/1478 2079/5911/1478 2080/5912/1478
f 2075/5913/1479 2073/5914/1479 2077/5915/1479 2079/5916/1479
f 2078/5917/1480 2074/5918/1480 2076/5919/1480 2080/5920/1480
o plane
v 0.16562500000000033 0.016476102042037737 -0.027186401498694765
v 0.16562500000000033 0.07136780641081013 -0.08709018511451735
v 0.02187500000000034 0.016476102042037737 -0.027186401498694765
v 0.02187500000000034 0.07136780641081013 -0.08709018511451735
vt 0.3125 0.34375
vt 0.3125 0.40625
vt 0.21875 0.40625
vt 0.21875 0.34375
vn 0 0.7372773368101242 0.6755902076156601
usemtl m_ede1f5c5-55f8-8291-5e71-77e3daa0a758
f 2081/5921/1481 2082/5922/1481 2084/5923/1481 2083/5924/1481
o mesh
v 0.32812500000000033 0.011101667405674046 -0.023634027843030952
v 0.32812500000000033 0.07443824936964218 -0.09275377816898009
v 0.32812500000000033 0.008797675728142409 -0.025745247241829895
v 0.32812500000000033 0.07213425769211054 -0.09486499756777902
v 0.17187500000000033 0.011101667405674046 -0.023634027843030952
v 0.17187500000000033 0.07443824936964218 -0.09275377816898009
v 0.17187500000000033 0.008797675728142409 -0.025745247241829895
v 0.17187500000000033 0.07213425769211054 -0.09486499756777902
vt 0.5625 0.46875
vt 0.5 0.46875
vt 0.5 0.4375
vt 0.5625 0.4375
vt 0.1875 0.375
vt 0.1875 0.40625
vt 0.125 0.40625
vt 0.125 0.375
vt 0 0.40625
vt 0.09375 0.40625
vt 0.09375 0.46875
vt 0 0.46875
vt 0.625 0.9375
vt 0.625 1
vt 0.53125 1
vt 0.53125 0.9375
vt 0.625 0.875
vt 0.625 0.90625
vt 0.53125 0.90625
vt 0.53125 0.875
vt 0.21875 0.46875
vt 0.125 0.46875
vt 0.125 0.4375
vt 0.21875 0.4375
vn 1 0 0
vn -1 0 0
vn 0 0.7372773368101242 0.6755902076156601
vn 0 -0.7372773368101242 -0.6755902076156601
vn 0 -0.6755902076156601 0.7372773368101242
vn 0 0.6755902076156601 -0.7372773368101242
usemtl m_ede1f5c5-55f8-8291-5e71-77e3daa0a758
f 2086/5925/1482 2085/5926/1482 2087/5927/1482 2088/5928/1482
f 2091/5929/1483 2089/5930/1483 2090/5931/1483 2092/5932/1483
f 2089/5933/1484 2085/5934/1484 2086/5935/1484 2090/5936/1484
f 2088/5937/1485 2087/5938/1485 2091/5939/1485 2092/5940/1485
f 2087/5941/1486 2085/5942/1486 2089/5943/1486 2091/5944/1486
f 2090/5945/1487 2086/5946/1487 2088/5947/1487 2092/5948/1487
o mesh
v 0.32812500000000033 0.07251980224957595 -0.08603457541511789
v 0.32812500000000033 0.07674224104717381 -0.09064255877018115
v 0.32812500000000033 0.0702158105720443 -0.08814579481391682
v 0.32812500000000033 0.07443824936964218 -0.09275377816898009
v 0.17187500000000033 0.07251980224957595 -0.08603457541511789
v 0.17187500000000033 0.07674224104717381 -0.09064255877018115
v 0.17187500000000033 0.0702158105720443 -0.08814579481391682
v 0.17187500000000033 0.07443824936964218 -0.09275377816898009
vt 0.34375 0.40625
vt 0.3125 0.40625
vt 0.3125 0.375
vt 0.34375 0.375
vt 0.40625 0.375
vt 0.40625 0.40625
vt 0.375 0.40625
vt 0.375 0.375
vt 0.53125 0.8125
vt 0.625 0.8125
vt 0.625 0.84375
vt 0.53125 0.84375
vt 0.625 0.75
vt 0.625 0.78125
vt 0.53125 0.78125
vt 0.53125 0.75
vt 0.34375 0.4375
vt 0.34375 0.46875
vt 0.25 0.46875
vt 0.25 0.4375
vt 0.625 0.71875
vt 0.53125 0.71875
vt 0.53125 0.6875
vt 0.625 0.6875
vn 1 0 0
vn -1 0 0
vn 0 0.7372773368101242 0.6755902076156601
vn 0 -0.7372773368101242 -0.6755902076156601
vn 0 -0.6755902076156601 0.7372773368101242
vn 0 0.6755902076156601 -0.7372773368101242
usemtl m_ede1f5c5-55f8-8291-5e71-77e3daa0a758
f 2094/5949/1488 2093/5950/1488 2095/5951/1488 2096/5952/1488
f 2099/5953/1489 2097/5954/1489 2098/5955/1489 2100/5956/1489
f 2097/5957/1490 2093/5958/1490 2094/5959/1490 2098/5960/1490
f 2096/5961/1491 2095/5962/1491 2099/5963/1491 2100/5964/1491
f 2095/5965/1492 2093/5966/1492 2097/5967/1492 2099/5968/1492
f 2098/5969/1493 2094/5970/1493 2096/5971/1493 2100/5972/1493
o mesh
v 0.32812500000000033 0.013405659083205748 -0.021522808444232086
v 0.32812500000000033 0.017628097880803613 -0.026130791799295353
v 0.32812500000000033 0.011101667405674108 -0.023634027843031025
v 0.32812500000000033 0.01532410620327198 -0.028242011198094292
v 0.17187500000000033 0.013405659083205748 -0.021522808444232086
v 0.17187500000000033 0.017628097880803613 -0.026130791799295353
v 0.17187500000000033 0.011101667405674108 -0.023634027843031025
v 0.17187500000000033 0.01532410620327198 -0.028242011198094292
vt 0.46875 0.40625
vt 0.4375 0.40625
vt 0.4375 0.375
vt 0.46875 0.375
vt 0.53125 0.375
vt 0.53125 0.40625
vt 0.5 0.40625
vt 0.5 0.375
vt 0.53125 0.625
vt 0.625 0.625
vt 0.625 0.65625
vt 0.53125 0.65625
vt 0.46875 0.4375
vt 0.46875 0.46875
vt 0.375 0.46875
vt 0.375 0.4375
vt 0.625 0.5625
vt 0.625 0.59375
vt 0.53125 0.59375
vt 0.53125 0.5625
vt 0.625 0.53125
vt 0.53125 0.53125
vt 0.53125 0.5
vt 0.625 0.5
vn 1 0 0
vn -1 0 0
vn 0 0.7372773368101242 0.6755902076156601
vn 0 -0.7372773368101242 -0.6755902076156601
vn 0 -0.6755902076156601 0.7372773368101242
vn 0 0.6755902076156601 -0.7372773368101242
usemtl m_ede1f5c5-55f8-8291-5e71-77e3daa0a758
f 2102/5973/1494 2101/5974/1494 2103/5975/1494 2104/5976/1494
f 2107/5977/1495 2105/5978/1495 2106/5979/1495 2108/5980/1495
f 2105/5981/1496 2101/5982/1496 2102/5983/1496 2106/5984/1496
f 2104/5985/1497 2103/5986/1497 2107/5987/1497 2108/5988/1497
f 2103/5989/1498 2101/5990/1498 2105/5991/1498 2107/5992/1498
f 2106/5993/1499 2102/5994/1499 2104/5995/1499 2108/5996/1499
o mesh
v 0.1781250000000003 0.01762809788080353 -0.026130791799295262
v 0.1781250000000003 0.07251980224957591 -0.08603457541511786
v 0.1781250000000003 0.01532410620327189 -0.0282420111980942
v 0.1781250000000003 0.07021581057204428 -0.0881457948139168
v 0.17187500000000033 0.01762809788080353 -0.026130791799295262
v 0.17187500000000033 0.07251980224957591 -0.08603457541511786
v 0.17187500000000033 0.01532410620327189 -0.0282420111980942
v 0.17187500000000033 0.07021581057204428 -0.0881457948139168
vt 0.625 0.46875
vt 0.59375 0.46875
vt 0.59375 0.4375
vt 0.625 0.4375
vt 0.59375 0.375
vt 0.59375 0.40625
vt 0.5625 0.40625
vt 0.5625 0.375
vt 0 0.34375
vt 0.03125 0.34375
vt 0.03125 0.375
vt 0 0.375
vt 0.09375 0.34375
vt 0.09375 0.375
vt 0.0625 0.375
vt 0.0625 0.34375
vt 0.65625 0.375
vt 0.65625 0.40625
vt 0.625 0.40625
vt 0.625 0.375
vt 0.6875 1
vt 0.65625 1
vt 0.65625 0.96875
vt 0.6875 0.96875
vn 1 0 0
vn -1 0 0
vn 0 0.7372773368101242 0.6755902076156601
vn 0 -0.7372773368101242 -0.6755902076156601
vn 0 -0.6755902076156601 0.7372773368101242
vn 0 0.6755902076156601 -0.7372773368101242
usemtl m_ede1f5c5-55f8-8291-5e71-77e3daa0a758
f 2110/5997/1500 2109/5998/1500 2111/5999/1500 2112/6000/1500
f 2115/6001/1501 2113/6002/1501 2114/6003/1501 2116/6004/1501
f 2113/6005/1502 2109/6006/1502 2110/6007/1502 2114/6008/1502
f 2112/6009/1503 2111/6010/1503 2115/6011/1503 2116/6012/1503
f 2111/6013/1504 2109/6014/1504 2113/6015/1504 2115/6016/1504
f 2114/6017/1505 2110/6018/1505 2112/6019/1505 2116/6020/1505
o mesh
v 0.3281249999999998 0.01762809788080353 -0.026130791799295262
v 0.3281249999999998 0.07251980224957591 -0.08603457541511786
v 0.3281249999999998 0.01532410620327189 -0.0282420111980942
v 0.3281249999999998 0.07021581057204428 -0.0881457948139168
v 0.3218749999999998 0.01762809788080353 -0.026130791799295262
v 0.3218749999999998 0.07251980224957591 -0.08603457541511786
v 0.3218749999999998 0.01532410620327189 -0.0282420111980942
v 0.3218749999999998 0.07021581057204428 -0.0881457948139168
vt 0.6875 0.9375
vt 0.65625 0.9375
vt 0.65625 0.90625
vt 0.6875 0.90625
vt 0.15625 0.3125
vt 0.15625 0.34375
vt 0.125 0.34375
vt 0.125 0.3125
vt 0.65625 0.84375
vt 0.6875 0.84375
vt 0.6875 0.875
vt 0.65625 0.875
vt 0.21875 0.3125
vt 0.21875 0.34375
vt 0.1875 0.34375
vt 0.1875 0.3125
vt 0.6875 0.78125
vt 0.6875 0.8125
vt 0.65625 0.8125
vt 0.65625 0.78125
vt 0.28125 0.34375
vt 0.25 0.34375
vt 0.25 0.3125
vt 0.28125 0.3125
vn 1 0 0
vn -1 0 0
vn 0 0.7372773368101242 0.6755902076156601
vn 0 -0.7372773368101242 -0.6755902076156601
vn 0 -0.6755902076156601 0.7372773368101242
vn 0 0.6755902076156601 -0.7372773368101242
usemtl m_ede1f5c5-55f8-8291-5e71-77e3daa0a758
f 2118/6021/1506 2117/6022/1506 2119/6023/1506 2120/6024/1506
f 2123/6025/1507 2121/6026/1507 2122/6027/1507 2124/6028/1507
f 2121/6029/1508 2117/6030/1508 2118/6031/1508 2122/6032/1508
f 2120/6033/1509 2119/6034/1509 2123/6035/1509 2124/6036/1509
f 2119/6037/1510 2117/6038/1510 2121/6039/1510 2123/6040/1510
f 2122/6041/1511 2118/6042/1511 2120/6043/1511 2124/6044/1511
o mesh
v 0.2562500000000003 0.04062045955083646 -0.05562822173070943
v 0.2562500000000003 0.040893080721869805 -0.06187227311559604
v 0.2562500000000003 -0.0015268872971481613 -0.05746841463518453
v 0.2562500000000003 -0.0012542661261148134 -0.06371246602007115
v 0.24375000000000033 0.04062045955083646 -0.05562822173070943
v 0.24375000000000033 0.040893080721869805 -0.06187227311559604
v 0.24375000000000033 -0.0015268872971481613 -0.05746841463518453
v 0.24375000000000033 -0.0012542661261148134 -0.06371246602007115
vt 0.6875 0.75
vt 0.65625 0.75
vt 0.65625 0.71875
vt 0.6875 0.71875
vt 0.34375 0.3125
vt 0.34375 0.34375
vt 0.3125 0.34375
vt 0.3125 0.3125
vt 0.65625 0.65625
vt 0.6875 0.65625
vt 0.6875 0.6875
vt 0.65625 0.6875
vt 0.40625 0.3125
vt 0.40625 0.34375
vt 0.375 0.34375
vt 0.375 0.3125
vt 0.6875 0.59375
vt 0.6875 0.625
vt 0.65625 0.625
vt 0.65625 0.59375
vt 0.46875 0.34375
vt 0.4375 0.34375
vt 0.4375 0.3125
vt 0.46875 0.3125
vn 1 0 0
vn -1 0 0
vn 0 0.9990482215818579 0.04361938736533588
vn 0 -0.9990482215818579 -0.04361938736533588
vn 0 -0.04361938736533588 0.9990482215818579
vn 0 0.04361938736533588 -0.9990482215818579
usemtl m_ede1f5c5-55f8-8291-5e71-77e3daa0a758
f 2126/6045/1512 2125/6046/1512 2127/6047/1512 2128/6048/1512
f 2131/6049/1513 2129/6050/1513 2130/6051/1513 2132/6052/1513
f 2129/6053/1514 2125/6054/1514 2126/6055/1514 2130/6056/1514
f 2128/6057/1515 2127/6058/1515 2131/6059/1515 2132/6060/1515
f 2127/6061/1516 2125/6062/1516 2129/6063/1516 2131/6064/1516
f 2130/6065/1517 2126/6066/1517 2128/6067/1517 2132/6068/1517
o plane
v 0.32187500000000036 0.016476102042037737 -0.027186401498694765
v 0.32187500000000036 0.07136780641081013 -0.08709018511451735
v 0.17812500000000034 0.016476102042037737 -0.027186401498694765
v 0.17812500000000034 0.07136780641081013 -0.08709018511451735
vt 0.3125 0.34375
vt 0.3125 0.40625
vt 0.21875 0.40625
vt 0.21875 0.34375
vn 0 0.7372773368101242 0.6755902076156601
usemtl m_ede1f5c5-55f8-8291-5e71-77e3daa0a758
f 2133/6069/1518 2134/6070/1518 2136/6071/1518 2135/6072/1518
o mesh
v 0.4843750000000001 0.011101667405674046 -0.023634027843030952
v 0.4843750000000001 0.07443824936964218 -0.09275377816898009
v 0.4843750000000001 0.008797675728142409 -0.025745247241829895
v 0.4843750000000001 0.07213425769211054 -0.09486499756777902
v 0.3281250000000001 0.011101667405674046 -0.023634027843030952
v 0.3281250000000001 0.07443824936964218 -0.09275377816898009
v 0.3281250000000001 0.008797675728142409 -0.025745247241829895
v 0.3281250000000001 0.07213425769211054 -0.09486499756777902
vt 0.5625 0.46875
vt 0.5 0.46875
vt 0.5 0.4375
vt 0.5625 0.4375
vt 0.1875 0.375
vt 0.1875 0.40625
vt 0.125 0.40625
vt 0.125 0.375
vt 0 0.40625
vt 0.09375 0.40625
vt 0.09375 0.46875
vt 0 0.46875
vt 0.625 0.9375
vt 0.625 1
vt 0.53125 1
vt 0.53125 0.9375
vt 0.625 0.875
vt 0.625 0.90625
vt 0.53125 0.90625
vt 0.53125 0.875
vt 0.21875 0.46875
vt 0.125 0.46875
vt 0.125 0.4375
vt 0.21875 0.4375
vn 1 0 0
vn -1 0 0
vn 0 0.7372773368101242 0.6755902076156601
vn 0 -0.7372773368101242 -0.6755902076156601
vn 0 -0.6755902076156601 0.7372773368101242
vn 0 0.6755902076156601 -0.7372773368101242
usemtl m_ede1f5c5-55f8-8291-5e71-77e3daa0a758
f 2138/6073/1519 2137/6074/1519 2139/6075/1519 2140/6076/1519
f 2143/6077/1520 2141/6078/1520 2142/6079/1520 2144/6080/1520
f 2141/6081/1521 2137/6082/1521 2138/6083/1521 2142/6084/1521
f 2140/6085/1522 2139/6086/1522 2143/6087/1522 2144/6088/1522
f 2139/6089/1523 2137/6090/1523 2141/6091/1523 2143/6092/1523
f 2142/6093/1524 2138/6094/1524 2140/6095/1524 2144/6096/1524
o mesh
v 0.4843750000000001 0.07251980224957595 -0.08603457541511789
v 0.4843750000000001 0.07674224104717381 -0.09064255877018115
v 0.4843750000000001 0.0702158105720443 -0.08814579481391682
v 0.4843750000000001 0.07443824936964218 -0.09275377816898009
v 0.3281250000000001 0.07251980224957595 -0.08603457541511789
v 0.3281250000000001 0.07674224104717381 -0.09064255877018115
v 0.3281250000000001 0.0702158105720443 -0.08814579481391682
v 0.3281250000000001 0.07443824936964218 -0.09275377816898009
vt 0.34375 0.40625
vt 0.3125 0.40625
vt 0.3125 0.375
vt 0.34375 0.375
vt 0.40625 0.375
vt 0.40625 0.40625
vt 0.375 0.40625
vt 0.375 0.375
vt 0.53125 0.8125
vt 0.625 0.8125
vt 0.625 0.84375
vt 0.53125 0.84375
vt 0.625 0.75
vt 0.625 0.78125
vt 0.53125 0.78125
vt 0.53125 0.75
vt 0.34375 0.4375
vt 0.34375 0.46875
vt 0.25 0.46875
vt 0.25 0.4375
vt 0.625 0.71875
vt 0.53125 0.71875
vt 0.53125 0.6875
vt 0.625 0.6875
vn 1 0 0
vn -1 0 0
vn 0 0.7372773368101242 0.6755902076156601
vn 0 -0.7372773368101242 -0.6755902076156601
vn 0 -0.6755902076156601 0.7372773368101242
vn 0 0.6755902076156601 -0.7372773368101242
usemtl m_ede1f5c5-55f8-8291-5e71-77e3daa0a758
f 2146/6097/1525 2145/6098/1525 2147/6099/1525 2148/6100/1525
f 2151/6101/1526 2149/6102/1526 2150/6103/1526 2152/6104/1526
f 2149/6105/1527 2145/6106/1527 2146/6107/1527 2150/6108/1527
f 2148/6109/1528 2147/6110/1528 2151/6111/1528 2152/6112/1528
f 2147/6113/1529 2145/6114/1529 2149/6115/1529 2151/6116/1529
f 2150/6117/1530 2146/6118/1530 2148/6119/1530 2152/6120/1530
o mesh
v 0.4843750000000001 0.013405659083205748 -0.021522808444232086
v 0.4843750000000001 0.017628097880803613 -0.026130791799295353
v 0.4843750000000001 0.011101667405674108 -0.023634027843031025
v 0.4843750000000001 0.01532410620327198 -0.028242011198094292
v 0.3281250000000001 0.013405659083205748 -0.021522808444232086
v 0.3281250000000001 0.017628097880803613 -0.026130791799295353
v 0.3281250000000001 0.011101667405674108 -0.023634027843031025
v 0.3281250000000001 0.01532410620327198 -0.028242011198094292
vt 0.46875 0.40625
vt 0.4375 0.40625
vt 0.4375 0.375
vt 0.46875 0.375
vt 0.53125 0.375
vt 0.53125 0.40625
vt 0.5 0.40625
vt 0.5 0.375
vt 0.53125 0.625
vt 0.625 0.625
vt 0.625 0.65625
vt 0.53125 0.65625
vt 0.46875 0.4375
vt 0.46875 0.46875
vt 0.375 0.46875
vt 0.375 0.4375
vt 0.625 0.5625
vt 0.625 0.59375
vt 0.53125 0.59375
vt 0.53125 0.5625
vt 0.625 0.53125
vt 0.53125 0.53125
vt 0.53125 0.5
vt 0.625 0.5
vn 1 0 0
vn -1 0 0
vn 0 0.7372773368101242 0.6755902076156601
vn 0 -0.7372773368101242 -0.6755902076156601
vn 0 -0.6755902076156601 0.7372773368101242
vn 0 0.6755902076156601 -0.7372773368101242
usemtl m_ede1f5c5-55f8-8291-5e71-77e3daa0a758
f 2154/6121/1531 2153/6122/1531 2155/6123/1531 2156/6124/1531
f 2159/6125/1532 2157/6126/1532 2158/6127/1532 2160/6128/1532
f 2157/6129/1533 2153/6130/1533 2154/6131/1533 2158/6132/1533
f 2156/6133/1534 2155/6134/1534 2159/6135/1534 2160/6136/1534
f 2155/6137/1535 2153/6138/1535 2157/6139/1535 2159/6140/1535
f 2158/6141/1536 2154/6142/1536 2156/6143/1536 2160/6144/1536
o mesh
v 0.3343750000000001 0.01762809788080353 -0.026130791799295262
v 0.3343750000000001 0.07251980224957591 -0.08603457541511786
v 0.3343750000000001 0.01532410620327189 -0.0282420111980942
v 0.3343750000000001 0.07021581057204428 -0.0881457948139168
v 0.3281250000000001 0.01762809788080353 -0.026130791799295262
v 0.3281250000000001 0.07251980224957591 -0.08603457541511786
v 0.3281250000000001 0.01532410620327189 -0.0282420111980942
v 0.3281250000000001 0.07021581057204428 -0.0881457948139168
vt 0.625 0.46875
vt 0.59375 0.46875
vt 0.59375 0.4375
vt 0.625 0.4375
vt 0.59375 0.375
vt 0.59375 0.40625
vt 0.5625 0.40625
vt 0.5625 0.375
vt 0 0.34375
vt 0.03125 0.34375
vt 0.03125 0.375
vt 0 0.375
vt 0.09375 0.34375
vt 0.09375 0.375
vt 0.0625 0.375
vt 0.0625 0.34375
vt 0.65625 0.375
vt 0.65625 0.40625
vt 0.625 0.40625
vt 0.625 0.375
vt 0.6875 1
vt 0.65625 1
vt 0.65625 0.96875
vt 0.6875 0.96875
vn 1 0 0
vn -1 0 0
vn 0 0.7372773368101242 0.6755902076156601
vn 0 -0.7372773368101242 -0.6755902076156601
vn 0 -0.6755902076156601 0.7372773368101242
vn 0 0.6755902076156601 -0.7372773368101242
usemtl m_ede1f5c5-55f8-8291-5e71-77e3daa0a758
f 2162/6145/1537 2161/6146/1537 2163/6147/1537 2164/6148/1537
f 2167/6149/1538 2165/6150/1538 2166/6151/1538 2168/6152/1538
f 2165/6153/1539 2161/6154/1539 2162/6155/1539 2166/6156/1539
f 2164/6157/1540 2163/6158/1540 2167/6159/1540 2168/6160/1540
f 2163/6161/1541 2161/6162/1541 2165/6163/1541 2167/6164/1541
f 2166/6165/1542 2162/6166/1542 2164/6167/1542 2168/6168/1542
o mesh
v 0.4843749999999998 0.01762809788080353 -0.026130791799295262
v 0.4843749999999998 0.07251980224957591 -0.08603457541511786
v 0.4843749999999998 0.01532410620327189 -0.0282420111980942
v 0.4843749999999998 0.07021581057204428 -0.0881457948139168
v 0.4781249999999998 0.01762809788080353 -0.026130791799295262
v 0.4781249999999998 0.07251980224957591 -0.08603457541511786
v 0.4781249999999998 0.01532410620327189 -0.0282420111980942
v 0.4781249999999998 0.07021581057204428 -0.0881457948139168
vt 0.6875 0.9375
vt 0.65625 0.9375
vt 0.65625 0.90625
vt 0.6875 0.90625
vt 0.15625 0.3125
vt 0.15625 0.34375
vt 0.125 0.34375
vt 0.125 0.3125
vt 0.65625 0.84375
vt 0.6875 0.84375
vt 0.6875 0.875
vt 0.65625 0.875
vt 0.21875 0.3125
vt 0.21875 0.34375
vt 0.1875 0.34375
vt 0.1875 0.3125
vt 0.6875 0.78125
vt 0.6875 0.8125
vt 0.65625 0.8125
vt 0.65625 0.78125
vt 0.28125 0.34375
vt 0.25 0.34375
vt 0.25 0.3125
vt 0.28125 0.3125
vn 1 0 0
vn -1 0 0
vn 0 0.7372773368101242 0.6755902076156601
vn 0 -0.7372773368101242 -0.6755902076156601
vn 0 -0.6755902076156601 0.7372773368101242
vn 0 0.6755902076156601 -0.7372773368101242
usemtl m_ede1f5c5-55f8-8291-5e71-77e3daa0a758
f 2170/6169/1543 2169/6170/1543 2171/6171/1543 2172/6172/1543
f 2175/6173/1544 2173/6174/1544 2174/6175/1544 2176/6176/1544
f 2173/6177/1545 2169/6178/1545 2170/6179/1545 2174/6180/1545
f 2172/6181/1546 2171/6182/1546 2175/6183/1546 2176/6184/1546
f 2171/6185/1547 2169/6186/1547 2173/6187/1547 2175/6188/1547
f 2174/6189/1548 2170/6190/1548 2172/6191/1548 2176/6192/1548
o mesh
v 0.4125000000000001 0.04062045955083646 -0.05562822173070943
v 0.4125000000000001 0.040893080721869805 -0.06187227311559604
v 0.4125000000000001 -0.0015268872971481613 -0.05746841463518453
v 0.4125000000000001 -0.0012542661261148134 -0.06371246602007115
v 0.40000000000000013 0.04062045955083646 -0.05562822173070943
v 0.40000000000000013 0.040893080721869805 -0.06187227311559604
v 0.40000000000000013 -0.0015268872971481613 -0.05746841463518453
v 0.40000000000000013 -0.0012542661261148134 -0.06371246602007115
vt 0.6875 0.75
vt 0.65625 0.75
vt 0.65625 0.71875
vt 0.6875 0.71875
vt 0.34375 0.3125
vt 0.34375 0.34375
vt 0.3125 0.34375
vt 0.3125 0.3125
vt 0.65625 0.65625
vt 0.6875 0.65625
vt 0.6875 0.6875
vt 0.65625 0.6875
vt 0.40625 0.3125
vt 0.40625 0.34375
vt 0.375 0.34375
vt 0.375 0.3125
vt 0.6875 0.59375
vt 0.6875 0.625
vt 0.65625 0.625
vt 0.65625 0.59375
vt 0.46875 0.34375
vt 0.4375 0.34375
vt 0.4375 0.3125
vt 0.46875 0.3125
vn 1 0 0
vn -1 0 0
vn 0 0.9990482215818579 0.04361938736533588
vn 0 -0.9990482215818579 -0.04361938736533588
vn 0 -0.04361938736533588 0.9990482215818579
vn 0 0.04361938736533588 -0.9990482215818579
usemtl m_ede1f5c5-55f8-8291-5e71-77e3daa0a758
f 2178/6193/1549 2177/6194/1549 2179/6195/1549 2180/6196/1549
f 2183/6197/1550 2181/6198/1550 2182/6199/1550 2184/6200/1550
f 2181/6201/1551 2177/6202/1551 2178/6203/1551 2182/6204/1551
f 2180/6205/1552 2179/6206/1552 2183/6207/1552 2184/6208/1552
f 2179/6209/1553 2177/6210/1553 2181/6211/1553 2183/6212/1553
f 2182/6213/1554 2178/6214/1554 2180/6215/1554 2184/6216/1554
o plane
v 0.47812500000000013 0.016476102042037737 -0.027186401498694765
v 0.47812500000000013 0.07136780641081013 -0.08709018511451735
v 0.3343750000000001 0.016476102042037737 -0.027186401498694765
v 0.3343750000000001 0.07136780641081013 -0.08709018511451735
vt 0.3125 0.34375
vt 0.3125 0.40625
vt 0.21875 0.40625
vt 0.21875 0.34375
vn 0 0.7372773368101242 0.6755902076156601
usemtl m_ede1f5c5-55f8-8291-5e71-77e3daa0a758
f 2185/6217/1555 2186/6218/1555 2188/6219/1555 2187/6220/1555
o mesh
v -0.2968749999999999 0.011101667405674046 -0.21113402784303092
v -0.2968749999999999 0.07443824936964218 -0.28025377816898006
v -0.2968749999999999 0.008797675728142409 -0.2132452472418299
v -0.2968749999999999 0.07213425769211054 -0.282364997567779
v -0.4531249999999999 0.011101667405674046 -0.21113402784303092
v -0.4531249999999999 0.07443824936964218 -0.28025377816898006
v -0.4531249999999999 0.008797675728142409 -0.2132452472418299
v -0.4531249999999999 0.07213425769211054 -0.282364997567779
vt 0.5625 0.46875
vt 0.5 0.46875
vt 0.5 0.4375
vt 0.5625 0.4375
vt 0.1875 0.375
vt 0.1875 0.40625
vt 0.125 0.40625
vt 0.125 0.375
vt 0 0.40625
vt 0.09375 0.40625
vt 0.09375 0.46875
vt 0 0.46875
vt 0.625 0.9375
vt 0.625 1
vt 0.53125 1
vt 0.53125 0.9375
vt 0.625 0.875
vt 0.625 0.90625
vt 0.53125 0.90625
vt 0.53125 0.875
vt 0.21875 0.46875
vt 0.125 0.46875
vt 0.125 0.4375
vt 0.21875 0.4375
vn 1 0 0
vn -1 0 0
vn 0 0.7372773368101242 0.6755902076156601
vn 0 -0.7372773368101242 -0.6755902076156601
vn 0 -0.6755902076156601 0.7372773368101242
vn 0 0.6755902076156601 -0.7372773368101242
usemtl m_ede1f5c5-55f8-8291-5e71-77e3daa0a758
f 2190/6221/1556 2189/6222/1556 2191/6223/1556 2192/6224/1556
f 2195/6225/1557 2193/6226/1557 2194/6227/1557 2196/6228/1557
f 2193/6229/1558 2189/6230/1558 2190/6231/1558 2194/6232/1558
f 2192/6233/1559 2191/6234/1559 2195/6235/1559 2196/6236/1559
f 2191/6237/1560 2189/6238/1560 2193/6239/1560 2195/6240/1560
f 2194/6241/1561 2190/6242/1561 2192/6243/1561 2196/6244/1561
o mesh
v -0.2968749999999999 0.07251980224957595 -0.2735345754151179
v -0.2968749999999999 0.07674224104717381 -0.2781425587701811
v -0.2968749999999999 0.0702158105720443 -0.2756457948139168
v -0.2968749999999999 0.07443824936964218 -0.28025377816898006
v -0.4531249999999999 0.07251980224957595 -0.2735345754151179
v -0.4531249999999999 0.07674224104717381 -0.2781425587701811
v -0.4531249999999999 0.0702158105720443 -0.2756457948139168
v -0.4531249999999999 0.07443824936964218 -0.28025377816898006
vt 0.34375 0.40625
vt 0.3125 0.40625
vt 0.3125 0.375
vt 0.34375 0.375
vt 0.40625 0.375
vt 0.40625 0.40625
vt 0.375 0.40625
vt 0.375 0.375
vt 0.53125 0.8125
vt 0.625 0.8125
vt 0.625 0.84375
vt 0.53125 0.84375
vt 0.625 0.75
vt 0.625 0.78125
vt 0.53125 0.78125
vt 0.53125 0.75
vt 0.34375 0.4375
vt 0.34375 0.46875
vt 0.25 0.46875
vt 0.25 0.4375
vt 0.625 0.71875
vt 0.53125 0.71875
vt 0.53125 0.6875
vt 0.625 0.6875
vn 1 0 0
vn -1 0 0
vn 0 0.7372773368101242 0.6755902076156601
vn 0 -0.7372773368101242 -0.6755902076156601
vn 0 -0.6755902076156601 0.7372773368101242
vn 0 0.6755902076156601 -0.7372773368101242
usemtl m_ede1f5c5-55f8-8291-5e71-77e3daa0a758
f 2198/6245/1562 2197/6246/1562 2199/6247/1562 2200/6248/1562
f 2203/6249/1563 2201/6250/1563 2202/6251/1563 2204/6252/1563
f 2201/6253/1564 2197/6254/1564 2198/6255/1564 2202/6256/1564
f 2200/6257/1565 2199/6258/1565 2203/6259/1565 2204/6260/1565
f 2199/6261/1566 2197/6262/1566 2201/6263/1566 2203/6264/1566
f 2202/6265/1567 2198/6266/1567 2200/6267/1567 2204/6268/1567
o mesh
v -0.2968749999999999 0.013405659083205748 -0.2090228084442321
v -0.2968749999999999 0.017628097880803613 -0.21363079179929534
v -0.2968749999999999 0.011101667405674108 -0.21113402784303104
v -0.2968749999999999 0.01532410620327198 -0.2157420111980943
v -0.4531249999999999 0.013405659083205748 -0.2090228084442321
v -0.4531249999999999 0.017628097880803613 -0.21363079179929534
v -0.4531249999999999 0.011101667405674108 -0.21113402784303104
v -0.4531249999999999 0.01532410620327198 -0.2157420111980943
vt 0.46875 0.40625
vt 0.4375 0.40625
vt 0.4375 0.375
vt 0.46875 0.375
vt 0.53125 0.375
vt 0.53125 0.40625
vt 0.5 0.40625
vt 0.5 0.375
vt 0.53125 0.625
vt 0.625 0.625
vt 0.625 0.65625
vt 0.53125 0.65625
vt 0.46875 0.4375
vt 0.46875 0.46875
vt 0.375 0.46875
vt 0.375 0.4375
vt 0.625 0.5625
vt 0.625 0.59375
vt 0.53125 0.59375
vt 0.53125 0.5625
vt 0.625 0.53125
vt 0.53125 0.53125
vt 0.53125 0.5
vt 0.625 0.5
vn 1 0 0
vn -1 0 0
vn 0 0.7372773368101242 0.6755902076156601
vn 0 -0.7372773368101242 -0.6755902076156601
vn 0 -0.6755902076156601 0.7372773368101242
vn 0 0.6755902076156601 -0.7372773368101242
usemtl m_ede1f5c5-55f8-8291-5e71-77e3daa0a758
f 2206/6269/1568 2205/6270/1568 2207/6271/1568 2208/6272/1568
f 2211/6273/1569 2209/6274/1569 2210/6275/1569 2212/6276/1569
f 2209/6277/1570 2205/6278/1570 2206/6279/1570 2210/6280/1570
f 2208/6281/1571 2207/6282/1571 2211/6283/1571 2212/6284/1571
f 2207/6285/1572 2205/6286/1572 2209/6287/1572 2211/6288/1572
f 2210/6289/1573 2206/6290/1573 2208/6291/1573 2212/6292/1573
o mesh
v -0.4468749999999999 0.01762809788080353 -0.21363079179929528
v -0.4468749999999999 0.07251980224957591 -0.27353457541511783
v -0.4468749999999999 0.01532410620327189 -0.21574201119809422
v -0.4468749999999999 0.07021581057204428 -0.2756457948139168
v -0.4531249999999999 0.01762809788080353 -0.21363079179929528
v -0.4531249999999999 0.07251980224957591 -0.27353457541511783
v -0.4531249999999999 0.01532410620327189 -0.21574201119809422
v -0.4531249999999999 0.07021581057204428 -0.2756457948139168
vt 0.625 0.46875
vt 0.59375 0.46875
vt 0.59375 0.4375
vt 0.625 0.4375
vt 0.59375 0.375
vt 0.59375 0.40625
vt 0.5625 0.40625
vt 0.5625 0.375
vt 0 0.34375
vt 0.03125 0.34375
vt 0.03125 0.375
vt 0 0.375
vt 0.09375 0.34375
vt 0.09375 0.375
vt 0.0625 0.375
vt 0.0625 0.34375
vt 0.65625 0.375
vt 0.65625 0.40625
vt 0.625 0.40625
vt 0.625 0.375
vt 0.6875 1
vt 0.65625 1
vt 0.65625 0.96875
vt 0.6875 0.96875
vn 1 0 0
vn -1 0 0
vn 0 0.7372773368101242 0.6755902076156601
vn 0 -0.7372773368101242 -0.6755902076156601
vn 0 -0.6755902076156601 0.7372773368101242
vn 0 0.6755902076156601 -0.7372773368101242
usemtl m_ede1f5c5-55f8-8291-5e71-77e3daa0a758
f 2214/6293/1574 2213/6294/1574 2215/6295/1574 2216/6296/1574
f 2219/6297/1575 2217/6298/1575 2218/6299/1575 2220/6300/1575
f 2217/6301/1576 2213/6302/1576 2214/6303/1576 2218/6304/1576
f 2216/6305/1577 2215/6306/1577 2219/6307/1577 2220/6308/1577
f 2215/6309/1578 2213/6310/1578 2217/6311/1578 2219/6312/1578
f 2218/6313/1579 2214/6314/1579 2216/6315/1579 2220/6316/1579
o mesh
v -0.2968750000000001 0.01762809788080353 -0.21363079179929528
v -0.2968750000000001 0.07251980224957591 -0.27353457541511783
v -0.2968750000000001 0.01532410620327189 -0.21574201119809422
v -0.2968750000000001 0.07021581057204428 -0.2756457948139168
v -0.3031250000000001 0.01762809788080353 -0.21363079179929528
v -0.3031250000000001 0.07251980224957591 -0.27353457541511783
v -0.3031250000000001 0.01532410620327189 -0.21574201119809422
v -0.3031250000000001 0.07021581057204428 -0.2756457948139168
vt 0.6875 0.9375
vt 0.65625 0.9375
vt 0.65625 0.90625
vt 0.6875 0.90625
vt 0.15625 0.3125
vt 0.15625 0.34375
vt 0.125 0.34375
vt 0.125 0.3125
vt 0.65625 0.84375
vt 0.6875 0.84375
vt 0.6875 0.875
vt 0.65625 0.875
vt 0.21875 0.3125
vt 0.21875 0.34375
vt 0.1875 0.34375
vt 0.1875 0.3125
vt 0.6875 0.78125
vt 0.6875 0.8125
vt 0.65625 0.8125
vt 0.65625 0.78125
vt 0.28125 0.34375
vt 0.25 0.34375
vt 0.25 0.3125
vt 0.28125 0.3125
vn 1 0 0
vn -1 0 0
vn 0 0.7372773368101242 0.6755902076156601
vn 0 -0.7372773368101242 -0.6755902076156601
vn 0 -0.6755902076156601 0.7372773368101242
vn 0 0.6755902076156601 -0.7372773368101242
usemtl m_ede1f5c5-55f8-8291-5e71-77e3daa0a758
f 2222/6317/1580 2221/6318/1580 2223/6319/1580 2224/6320/1580
f 2227/6321/1581 2225/6322/1581 2226/6323/1581 2228/6324/1581
f 2225/6325/1582 2221/6326/1582 2222/6327/1582 2226/6328/1582
f 2224/6329/1583 2223/6330/1583 2227/6331/1583 2228/6332/1583
f 2223/6333/1584 2221/6334/1584 2225/6335/1584 2227/6336/1584
f 2226/6337/1585 2222/6338/1585 2224/6339/1585 2228/6340/1585
o mesh
v -0.3687499999999999 0.04062045955083646 -0.24312822173070942
v -0.3687499999999999 0.040893080721869805 -0.24937227311559604
v -0.3687499999999999 -0.0015268872971481613 -0.24496841463518454
v -0.3687499999999999 -0.0012542661261148134 -0.25121246602007113
v -0.38124999999999987 0.04062045955083646 -0.24312822173070942
v -0.38124999999999987 0.040893080721869805 -0.24937227311559604
v -0.38124999999999987 -0.0015268872971481613 -0.24496841463518454
v -0.38124999999999987 -0.0012542661261148134 -0.25121246602007113
vt 0.6875 0.75
vt 0.65625 0.75
vt 0.65625 0.71875
vt 0.6875 0.71875
vt 0.34375 0.3125
vt 0.34375 0.34375
vt 0.3125 0.34375
vt 0.3125 0.3125
vt 0.65625 0.65625
vt 0.6875 0.65625
vt 0.6875 0.6875
vt 0.65625 0.6875
vt 0.40625 0.3125
vt 0.40625 0.34375
vt 0.375 0.34375
vt 0.375 0.3125
vt 0.6875 0.59375
vt 0.6875 0.625
vt 0.65625 0.625
vt 0.65625 0.59375
vt 0.46875 0.34375
vt 0.4375 0.34375
vt 0.4375 0.3125
vt 0.46875 0.3125
vn 1 0 0
vn -1 0 0
vn 0 0.9990482215818579 0.04361938736533588
vn 0 -0.9990482215818579 -0.04361938736533588
vn 0 -0.04361938736533588 0.9990482215818579
vn 0 0.04361938736533588 -0.9990482215818579
usemtl m_ede1f5c5-55f8-8291-5e71-77e3daa0a758
f 2230/6341/1586 2229/6342/1586 2231/6343/1586 2232/6344/1586
f 2235/6345/1587 2233/6346/1587 2234/6347/1587 2236/6348/1587
f 2233/6349/1588 2229/6350/1588 2230/6351/1588 2234/6352/1588
f 2232/6353/1589 2231/6354/1589 2235/6355/1589 2236/6356/1589
f 2231/6357/1590 2229/6358/1590 2233/6359/1590 2235/6360/1590
f 2234/6361/1591 2230/6362/1591 2232/6363/1591 2236/6364/1591
o plane
v -0.30312499999999987 0.016476102042037737 -0.21468640149869478
v -0.30312499999999987 0.07136780641081013 -0.2745901851145174
v -0.4468749999999999 0.016476102042037737 -0.21468640149869478
v -0.4468749999999999 0.07136780641081013 -0.2745901851145174
vt 0.3125 0.34375
vt 0.3125 0.40625
vt 0.21875 0.40625
vt 0.21875 0.34375
vn 0 0.7372773368101242 0.6755902076156601
usemtl m_ede1f5c5-55f8-8291-5e71-77e3daa0a758
f 2237/6365/1592 2238/6366/1592 2240/6367/1592 2239/6368/1592
o mesh
v -0.14062499999999972 0.011101667405674046 -0.21113402784303092
v -0.14062499999999972 0.07443824936964218 -0.28025377816898006
v -0.14062499999999972 0.008797675728142409 -0.2132452472418299
v -0.14062499999999972 0.07213425769211054 -0.282364997567779
v -0.2968749999999997 0.011101667405674046 -0.21113402784303092
v -0.2968749999999997 0.07443824936964218 -0.28025377816898006
v -0.2968749999999997 0.008797675728142409 -0.2132452472418299
v -0.2968749999999997 0.07213425769211054 -0.282364997567779
vt 0.5625 0.46875
vt 0.5 0.46875
vt 0.5 0.4375
vt 0.5625 0.4375
vt 0.1875 0.375
vt 0.1875 0.40625
vt 0.125 0.40625
vt 0.125 0.375
vt 0 0.40625
vt 0.09375 0.40625
vt 0.09375 0.46875
vt 0 0.46875
vt 0.625 0.9375
vt 0.625 1
vt 0.53125 1
vt 0.53125 0.9375
vt 0.625 0.875
vt 0.625 0.90625
vt 0.53125 0.90625
vt 0.53125 0.875
vt 0.21875 0.46875
vt 0.125 0.46875
vt 0.125 0.4375
vt 0.21875 0.4375
vn 1 0 0
vn -1 0 0
vn 0 0.7372773368101242 0.6755902076156601
vn 0 -0.7372773368101242 -0.6755902076156601
vn 0 -0.6755902076156601 0.7372773368101242
vn 0 0.6755902076156601 -0.7372773368101242
usemtl m_ede1f5c5-55f8-8291-5e71-77e3daa0a758
f 2242/6369/1593 2241/6370/1593 2243/6371/1593 2244/6372/1593
f 2247/6373/1594 2245/6374/1594 2246/6375/1594 2248/6376/1594
f 2245/6377/1595 2241/6378/1595 2242/6379/1595 2246/6380/1595
f 2244/6381/1596 2243/6382/1596 2247/6383/1596 2248/6384/1596
f 2243/6385/1597 2241/6386/1597 2245/6387/1597 2247/6388/1597
f 2246/6389/1598 2242/6390/1598 2244/6391/1598 2248/6392/1598
o mesh
v -0.14062499999999972 0.07251980224957595 -0.2735345754151179
v -0.14062499999999972 0.07674224104717381 -0.2781425587701811
v -0.14062499999999972 0.0702158105720443 -0.2756457948139168
v -0.14062499999999972 0.07443824936964218 -0.28025377816898006
v -0.2968749999999997 0.07251980224957595 -0.2735345754151179
v -0.2968749999999997 0.07674224104717381 -0.2781425587701811
v -0.2968749999999997 0.0702158105720443 -0.2756457948139168
v -0.2968749999999997 0.07443824936964218 -0.28025377816898006
vt 0.34375 0.40625
vt 0.3125 0.40625
vt 0.3125 0.375
vt 0.34375 0.375
vt 0.40625 0.375
vt 0.40625 0.40625
vt 0.375 0.40625
vt 0.375 0.375
vt 0.53125 0.8125
vt 0.625 0.8125
vt 0.625 0.84375
vt 0.53125 0.84375
vt 0.625 0.75
vt 0.625 0.78125
vt 0.53125 0.78125
vt 0.53125 0.75
vt 0.34375 0.4375
vt 0.34375 0.46875
vt 0.25 0.46875
vt 0.25 0.4375
vt 0.625 0.71875
vt 0.53125 0.71875
vt 0.53125 0.6875
vt 0.625 0.6875
vn 1 0 0
vn -1 0 0
vn 0 0.7372773368101242 0.6755902076156601
vn 0 -0.7372773368101242 -0.6755902076156601
vn 0 -0.6755902076156601 0.7372773368101242
vn 0 0.6755902076156601 -0.7372773368101242
usemtl m_ede1f5c5-55f8-8291-5e71-77e3daa0a758
f 2250/6393/1599 2249/6394/1599 2251/6395/1599 2252/6396/1599
f 2255/6397/1600 2253/6398/1600 2254/6399/1600 2256/6400/1600
f 2253/6401/1601 2249/6402/1601 2250/6403/1601 2254/6404/1601
f 2252/6405/1602 2251/6406/1602 2255/6407/1602 2256/6408/1602
f 2251/6409/1603 2249/6410/1603 2253/6411/1603 2255/6412/1603
f 2254/6413/1604 2250/6414/1604 2252/6415/1604 2256/6416/1604
o mesh
v -0.14062499999999972 0.013405659083205748 -0.2090228084442321
v -0.14062499999999972 0.017628097880803613 -0.21363079179929534
v -0.14062499999999972 0.011101667405674108 -0.21113402784303104
v -0.14062499999999972 0.01532410620327198 -0.2157420111980943
v -0.2968749999999997 0.013405659083205748 -0.2090228084442321
v -0.2968749999999997 0.017628097880803613 -0.21363079179929534
v -0.2968749999999997 0.011101667405674108 -0.21113402784303104
v -0.2968749999999997 0.01532410620327198 -0.2157420111980943
vt 0.46875 0.40625
vt 0.4375 0.40625
vt 0.4375 0.375
vt 0.46875 0.375
vt 0.53125 0.375
vt 0.53125 0.40625
vt 0.5 0.40625
vt 0.5 0.375
vt 0.53125 0.625
vt 0.625 0.625
vt 0.625 0.65625
vt 0.53125 0.65625
vt 0.46875 0.4375
vt 0.46875 0.46875
vt 0.375 0.46875
vt 0.375 0.4375
vt 0.625 0.5625
vt 0.625 0.59375
vt 0.53125 0.59375
vt 0.53125 0.5625
vt 0.625 0.53125
vt 0.53125 0.53125
vt 0.53125 0.5
vt 0.625 0.5
vn 1 0 0
vn -1 0 0
vn 0 0.7372773368101242 0.6755902076156601
vn 0 -0.7372773368101242 -0.6755902076156601
vn 0 -0.6755902076156601 0.7372773368101242
vn 0 0.6755902076156601 -0.7372773368101242
usemtl m_ede1f5c5-55f8-8291-5e71-77e3daa0a758
f 2258/6417/1605 2257/6418/1605 2259/6419/1605 2260/6420/1605
f 2263/6421/1606 2261/6422/1606 2262/6423/1606 2264/6424/1606
f 2261/6425/1607 2257/6426/1607 2258/6427/1607 2262/6428/1607
f 2260/6429/1608 2259/6430/1608 2263/6431/1608 2264/6432/1608
f 2259/6433/1609 2257/6434/1609 2261/6435/1609 2263/6436/1609
f 2262/6437/1610 2258/6438/1610 2260/6439/1610 2264/6440/1610
o mesh
v -0.29062499999999974 0.01762809788080353 -0.21363079179929528
v -0.29062499999999974 0.07251980224957591 -0.27353457541511783
v -0.29062499999999974 0.01532410620327189 -0.21574201119809422
v -0.29062499999999974 0.07021581057204428 -0.2756457948139168
v -0.2968749999999997 0.01762809788080353 -0.21363079179929528
v -0.2968749999999997 0.07251980224957591 -0.27353457541511783
v -0.2968749999999997 0.01532410620327189 -0.21574201119809422
v -0.2968749999999997 0.07021581057204428 -0.2756457948139168
vt 0.625 0.46875
vt 0.59375 0.46875
vt 0.59375 0.4375
vt 0.625 0.4375
vt 0.59375 0.375
vt 0.59375 0.40625
vt 0.5625 0.40625
vt 0.5625 0.375
vt 0 0.34375
vt 0.03125 0.34375
vt 0.03125 0.375
vt 0 0.375
vt 0.09375 0.34375
vt 0.09375 0.375
vt 0.0625 0.375
vt 0.0625 0.34375
vt 0.65625 0.375
vt 0.65625 0.40625
vt 0.625 0.40625
vt 0.625 0.375
vt 0.6875 1
vt 0.65625 1
vt 0.65625 0.96875
vt 0.6875 0.96875
vn 1 0 0
vn -1 0 0
vn 0 0.7372773368101242 0.6755902076156601
vn 0 -0.7372773368101242 -0.6755902076156601
vn 0 -0.6755902076156601 0.7372773368101242
vn 0 0.6755902076156601 -0.7372773368101242
usemtl m_ede1f5c5-55f8-8291-5e71-77e3daa0a758
f 2266/6441/1611 2265/6442/1611 2267/6443/1611 2268/6444/1611
f 2271/6445/1612 2269/6446/1612 2270/6447/1612 2272/6448/1612
f 2269/6449/1613 2265/6450/1613 2266/6451/1613 2270/6452/1613
f 2268/6453/1614 2267/6454/1614 2271/6455/1614 2272/6456/1614
f 2267/6457/1615 2265/6458/1615 2269/6459/1615 2271/6460/1615
f 2270/6461/1616 2266/6462/1616 2268/6463/1616 2272/6464/1616
o mesh
v -0.14062500000000006 0.01762809788080353 -0.21363079179929528
v -0.14062500000000006 0.07251980224957591 -0.27353457541511783
v -0.14062500000000006 0.01532410620327189 -0.21574201119809422
v -0.14062500000000006 0.07021581057204428 -0.2756457948139168
v -0.14687500000000003 0.01762809788080353 -0.21363079179929528
v -0.14687500000000003 0.07251980224957591 -0.27353457541511783
v -0.14687500000000003 0.01532410620327189 -0.21574201119809422
v -0.14687500000000003 0.07021581057204428 -0.2756457948139168
vt 0.6875 0.9375
vt 0.65625 0.9375
vt 0.65625 0.90625
vt 0.6875 0.90625
vt 0.15625 0.3125
vt 0.15625 0.34375
vt 0.125 0.34375
vt 0.125 0.3125
vt 0.65625 0.84375
vt 0.6875 0.84375
vt 0.6875 0.875
vt 0.65625 0.875
vt 0.21875 0.3125
vt 0.21875 0.34375
vt 0.1875 0.34375
vt 0.1875 0.3125
vt 0.6875 0.78125
vt 0.6875 0.8125
vt 0.65625 0.8125
vt 0.65625 0.78125
vt 0.28125 0.34375
vt 0.25 0.34375
vt 0.25 0.3125
vt 0.28125 0.3125
vn 1 0 0
vn -1 0 0
vn 0 0.7372773368101242 0.6755902076156601
vn 0 -0.7372773368101242 -0.6755902076156601
vn 0 -0.6755902076156601 0.7372773368101242
vn 0 0.6755902076156601 -0.7372773368101242
usemtl m_ede1f5c5-55f8-8291-5e71-77e3daa0a758
f 2274/6465/1617 2273/6466/1617 2275/6467/1617 2276/6468/1617
f 2279/6469/1618 2277/6470/1618 2278/6471/1618 2280/6472/1618
f 2277/6473/1619 2273/6474/1619 2274/6475/1619 2278/6476/1619
f 2276/6477/1620 2275/6478/1620 2279/6479/1620 2280/6480/1620
f 2275/6481/1621 2273/6482/1621 2277/6483/1621 2279/6484/1621
f 2278/6485/1622 2274/6486/1622 2276/6487/1622 2280/6488/1622
o mesh
v -0.21249999999999972 0.04062045955083646 -0.24312822173070942
v -0.21249999999999972 0.040893080721869805 -0.24937227311559604
v -0.21249999999999972 -0.0015268872971481613 -0.24496841463518454
v -0.21249999999999972 -0.0012542661261148134 -0.25121246602007113
v -0.22499999999999973 0.04062045955083646 -0.24312822173070942
v -0.22499999999999973 0.040893080721869805 -0.24937227311559604
v -0.22499999999999973 -0.0015268872971481613 -0.24496841463518454
v -0.22499999999999973 -0.0012542661261148134 -0.25121246602007113
vt 0.6875 0.75
vt 0.65625 0.75
vt 0.65625 0.71875
vt 0.6875 0.71875
vt 0.34375 0.3125
vt 0.34375 0.34375
vt 0.3125 0.34375
vt 0.3125 0.3125
vt 0.65625 0.65625
vt 0.6875 0.65625
vt 0.6875 0.6875
vt 0.65625 0.6875
vt 0.40625 0.3125
vt 0.40625 0.34375
vt 0.375 0.34375
vt 0.375 0.3125
vt 0.6875 0.59375
vt 0.6875 0.625
vt 0.65625 0.625
vt 0.65625 0.59375
vt 0.46875 0.34375
vt 0.4375 0.34375
vt 0.4375 0.3125
vt 0.46875 0.3125
vn 1 0 0
vn -1 0 0
vn 0 0.9990482215818579 0.04361938736533588
vn 0 -0.9990482215818579 -0.04361938736533588
vn 0 -0.04361938736533588 0.9990482215818579
vn 0 0.04361938736533588 -0.9990482215818579
usemtl m_ede1f5c5-55f8-8291-5e71-77e3daa0a758
f 2282/6489/1623 2281/6490/1623 2283/6491/1623 2284/6492/1623
f 2287/6493/1624 2285/6494/1624 2286/6495/1624 2288/6496/1624
f 2285/6497/1625 2281/6498/1625 2282/6499/1625 2286/6500/1625
f 2284/6501/1626 2283/6502/1626 2287/6503/1626 2288/6504/1626
f 2283/6505/1627 2281/6506/1627 2285/6507/1627 2287/6508/1627
f 2286/6509/1628 2282/6510/1628 2284/6511/1628 2288/6512/1628
o plane
v -0.14687499999999973 0.016476102042037737 -0.21468640149869478
v -0.14687499999999973 0.07136780641081013 -0.2745901851145174
v -0.2906249999999997 0.016476102042037737 -0.21468640149869478
v -0.2906249999999997 0.07136780641081013 -0.2745901851145174
vt 0.3125 0.34375
vt 0.3125 0.40625
vt 0.21875 0.40625
vt 0.21875 0.34375
vn 0 0.7372773368101242 0.6755902076156601
usemtl m_ede1f5c5-55f8-8291-5e71-77e3daa0a758
f 2289/6513/1629 2290/6514/1629 2292/6515/1629 2291/6516/1629
o mesh
v 0.015625000000000278 0.011101667405674046 -0.21113402784303092
v 0.015625000000000278 0.07443824936964218 -0.28025377816898006
v 0.015625000000000278 0.008797675728142409 -0.2132452472418299
v 0.015625000000000278 0.07213425769211054 -0.282364997567779
v -0.14062499999999972 0.011101667405674046 -0.21113402784303092
v -0.14062499999999972 0.07443824936964218 -0.28025377816898006
v -0.14062499999999972 0.008797675728142409 -0.2132452472418299
v -0.14062499999999972 0.07213425769211054 -0.282364997567779
vt 0.5625 0.46875
vt 0.5 0.46875
vt 0.5 0.4375
vt 0.5625 0.4375
vt 0.1875 0.375
vt 0.1875 0.40625
vt 0.125 0.40625
vt 0.125 0.375
vt 0 0.40625
vt 0.09375 0.40625
vt 0.09375 0.46875
vt 0 0.46875
vt 0.625 0.9375
vt 0.625 1
vt 0.53125 1
vt 0.53125 0.9375
vt 0.625 0.875
vt 0.625 0.90625
vt 0.53125 0.90625
vt 0.53125 0.875
vt 0.21875 0.46875
vt 0.125 0.46875
vt 0.125 0.4375
vt 0.21875 0.4375
vn 1 0 0
vn -1 0 0
vn 0 0.7372773368101242 0.6755902076156601
vn 0 -0.7372773368101242 -0.6755902076156601
vn 0 -0.6755902076156601 0.7372773368101242
vn 0 0.6755902076156601 -0.7372773368101242
usemtl m_ede1f5c5-55f8-8291-5e71-77e3daa0a758
f 2294/6517/1630 2293/6518/1630 2295/6519/1630 2296/6520/1630
f 2299/6521/1631 2297/6522/1631 2298/6523/1631 2300/6524/1631
f 2297/6525/1632 2293/6526/1632 2294/6527/1632 2298/6528/1632
f 2296/6529/1633 2295/6530/1633 2299/6531/1633 2300/6532/1633
f 2295/6533/1634 2293/6534/1634 2297/6535/1634 2299/6536/1634
f 2298/6537/1635 2294/6538/1635 2296/6539/1635 2300/6540/1635
o mesh
v 0.015625000000000278 0.07251980224957595 -0.2735345754151179
v 0.015625000000000278 0.07674224104717381 -0.2781425587701811
v 0.015625000000000278 0.0702158105720443 -0.2756457948139168
v 0.015625000000000278 0.07443824936964218 -0.28025377816898006
v -0.14062499999999972 0.07251980224957595 -0.2735345754151179
v -0.14062499999999972 0.07674224104717381 -0.2781425587701811
v -0.14062499999999972 0.0702158105720443 -0.2756457948139168
v -0.14062499999999972 0.07443824936964218 -0.28025377816898006
vt 0.34375 0.40625
vt 0.3125 0.40625
vt 0.3125 0.375
vt 0.34375 0.375
vt 0.40625 0.375
vt 0.40625 0.40625
vt 0.375 0.40625
vt 0.375 0.375
vt 0.53125 0.8125
vt 0.625 0.8125
vt 0.625 0.84375
vt 0.53125 0.84375
vt 0.625 0.75
vt 0.625 0.78125
vt 0.53125 0.78125
vt 0.53125 0.75
vt 0.34375 0.4375
vt 0.34375 0.46875
vt 0.25 0.46875
vt 0.25 0.4375
vt 0.625 0.71875
vt 0.53125 0.71875
vt 0.53125 0.6875
vt 0.625 0.6875
vn 1 0 0
vn -1 0 0
vn 0 0.7372773368101242 0.6755902076156601
vn 0 -0.7372773368101242 -0.6755902076156601
vn 0 -0.6755902076156601 0.7372773368101242
vn 0 0.6755902076156601 -0.7372773368101242
usemtl m_ede1f5c5-55f8-8291-5e71-77e3daa0a758
f 2302/6541/1636 2301/6542/1636 2303/6543/1636 2304/6544/1636
f 2307/6545/1637 2305/6546/1637 2306/6547/1637 2308/6548/1637
f 2305/6549/1638 2301/6550/1638 2302/6551/1638 2306/6552/1638
f 2304/6553/1639 2303/6554/1639 2307/6555/1639 2308/6556/1639
f 2303/6557/1640 2301/6558/1640 2305/6559/1640 2307/6560/1640
f 2306/6561/1641 2302/6562/1641 2304/6563/1641 2308/6564/1641
o mesh
v 0.015625000000000278 0.013405659083205748 -0.2090228084442321
v 0.015625000000000278 0.017628097880803613 -0.21363079179929534
v 0.015625000000000278 0.011101667405674108 -0.21113402784303104
v 0.015625000000000278 0.01532410620327198 -0.2157420111980943
v -0.14062499999999972 0.013405659083205748 -0.2090228084442321
v -0.14062499999999972 0.017628097880803613 -0.21363079179929534
v -0.14062499999999972 0.011101667405674108 -0.21113402784303104
v -0.14062499999999972 0.01532410620327198 -0.2157420111980943
vt 0.46875 0.40625
vt 0.4375 0.40625
vt 0.4375 0.375
vt 0.46875 0.375
vt 0.53125 0.375
vt 0.53125 0.40625
vt 0.5 0.40625
vt 0.5 0.375
vt 0.53125 0.625
vt 0.625 0.625
vt 0.625 0.65625
vt 0.53125 0.65625
vt 0.46875 0.4375
vt 0.46875 0.46875
vt 0.375 0.46875
vt 0.375 0.4375
vt 0.625 0.5625
vt 0.625 0.59375
vt 0.53125 0.59375
vt 0.53125 0.5625
vt 0.625 0.53125
vt 0.53125 0.53125
vt 0.53125 0.5
vt 0.625 0.5
vn 1 0 0
vn -1 0 0
vn 0 0.7372773368101242 0.6755902076156601
vn 0 -0.7372773368101242 -0.6755902076156601
vn 0 -0.6755902076156601 0.7372773368101242
vn 0 0.6755902076156601 -0.7372773368101242
usemtl m_ede1f5c5-55f8-8291-5e71-77e3daa0a758
f 2310/6565/1642 2309/6566/1642 2311/6567/1642 2312/6568/1642
f 2315/6569/1643 2313/6570/1643 2314/6571/1643 2316/6572/1643
f 2313/6573/1644 2309/6574/1644 2310/6575/1644 2314/6576/1644
f 2312/6577/1645 2311/6578/1645 2315/6579/1645 2316/6580/1645
f 2311/6581/1646 2309/6582/1646 2313/6583/1646 2315/6584/1646
f 2314/6585/1647 2310/6586/1647 2312/6587/1647 2316/6588/1647
o mesh
v -0.13437499999999974 0.01762809788080353 -0.21363079179929528
v -0.13437499999999974 0.07251980224957591 -0.27353457541511783
v -0.13437499999999974 0.01532410620327189 -0.21574201119809422
v -0.13437499999999974 0.07021581057204428 -0.2756457948139168
v -0.14062499999999972 0.01762809788080353 -0.21363079179929528
v -0.14062499999999972 0.07251980224957591 -0.27353457541511783
v -0.14062499999999972 0.01532410620327189 -0.21574201119809422
v -0.14062499999999972 0.07021581057204428 -0.2756457948139168
vt 0.625 0.46875
vt 0.59375 0.46875
vt 0.59375 0.4375
vt 0.625 0.4375
vt 0.59375 0.375
vt 0.59375 0.40625
vt 0.5625 0.40625
vt 0.5625 0.375
vt 0 0.34375
vt 0.03125 0.34375
vt 0.03125 0.375
vt 0 0.375
vt 0.09375 0.34375
vt 0.09375 0.375
vt 0.0625 0.375
vt 0.0625 0.34375
vt 0.65625 0.375
vt 0.65625 0.40625
vt 0.625 0.40625
vt 0.625 0.375
vt 0.6875 1
vt 0.65625 1
vt 0.65625 0.96875
vt 0.6875 0.96875
vn 1 0 0
vn -1 0 0
vn 0 0.7372773368101242 0.6755902076156601
vn 0 -0.7372773368101242 -0.6755902076156601
vn 0 -0.6755902076156601 0.7372773368101242
vn 0 0.6755902076156601 -0.7372773368101242
usemtl m_ede1f5c5-55f8-8291-5e71-77e3daa0a758
f 2318/6589/1648 2317/6590/1648 2319/6591/1648 2320/6592/1648
f 2323/6593/1649 2321/6594/1649 2322/6595/1649 2324/6596/1649
f 2321/6597/1650 2317/6598/1650 2318/6599/1650 2322/6600/1650
f 2320/6601/1651 2319/6602/1651 2323/6603/1651 2324/6604/1651
f 2319/6605/1652 2317/6606/1652 2321/6607/1652 2323/6608/1652
f 2322/6609/1653 2318/6610/1653 2320/6611/1653 2324/6612/1653
o mesh
v 0.01562499999999993 0.01762809788080353 -0.21363079179929528
v 0.01562499999999993 0.07251980224957591 -0.27353457541511783
v 0.01562499999999993 0.01532410620327189 -0.21574201119809422
v 0.01562499999999993 0.07021581057204428 -0.2756457948139168
v 0.009374999999999939 0.01762809788080353 -0.21363079179929528
v 0.009374999999999939 0.07251980224957591 -0.27353457541511783
v 0.009374999999999939 0.01532410620327189 -0.21574201119809422
v 0.009374999999999939 0.07021581057204428 -0.2756457948139168
vt 0.6875 0.9375
vt 0.65625 0.9375
vt 0.65625 0.90625
vt 0.6875 0.90625
vt 0.15625 0.3125
vt 0.15625 0.34375
vt 0.125 0.34375
vt 0.125 0.3125
vt 0.65625 0.84375
vt 0.6875 0.84375
vt 0.6875 0.875
vt 0.65625 0.875
vt 0.21875 0.3125
vt 0.21875 0.34375
vt 0.1875 0.34375
vt 0.1875 0.3125
vt 0.6875 0.78125
vt 0.6875 0.8125
vt 0.65625 0.8125
vt 0.65625 0.78125
vt 0.28125 0.34375
vt 0.25 0.34375
vt 0.25 0.3125
vt 0.28125 0.3125
vn 1 0 0
vn -1 0 0
vn 0 0.7372773368101242 0.6755902076156601
vn 0 -0.7372773368101242 -0.6755902076156601
vn 0 -0.6755902076156601 0.7372773368101242
vn 0 0.6755902076156601 -0.7372773368101242
usemtl m_ede1f5c5-55f8-8291-5e71-77e3daa0a758
f 2326/6613/1654 2325/6614/1654 2327/6615/1654 2328/6616/1654
f 2331/6617/1655 2329/6618/1655 2330/6619/1655 2332/6620/1655
f 2329/6621/1656 2325/6622/1656 2326/6623/1656 2330/6624/1656
f 2328/6625/1657 2327/6626/1657 2331/6627/1657 2332/6628/1657
f 2327/6629/1658 2325/6630/1658 2329/6631/1658 2331/6632/1658
f 2330/6633/1659 2326/6634/1659 2328/6635/1659 2332/6636/1659
o mesh
v -0.056249999999999724 0.04062045955083646 -0.24312822173070942
v -0.056249999999999724 0.040893080721869805 -0.24937227311559604
v -0.056249999999999724 -0.0015268872971481613 -0.24496841463518454
v -0.056249999999999724 -0.0012542661261148134 -0.25121246602007113
v -0.06874999999999973 0.04062045955083646 -0.24312822173070942
v -0.06874999999999973 0.040893080721869805 -0.24937227311559604
v -0.06874999999999973 -0.0015268872971481613 -0.24496841463518454
v -0.06874999999999973 -0.0012542661261148134 -0.25121246602007113
vt 0.6875 0.75
vt 0.65625 0.75
vt 0.65625 0.71875
vt 0.6875 0.71875
vt 0.34375 0.3125
vt 0.34375 0.34375
vt 0.3125 0.34375
vt 0.3125 0.3125
vt 0.65625 0.65625
vt 0.6875 0.65625
vt 0.6875 0.6875
vt 0.65625 0.6875
vt 0.40625 0.3125
vt 0.40625 0.34375
vt 0.375 0.34375
vt 0.375 0.3125
vt 0.6875 0.59375
vt 0.6875 0.625
vt 0.65625 0.625
vt 0.65625 0.59375
vt 0.46875 0.34375
vt 0.4375 0.34375
vt 0.4375 0.3125
vt 0.46875 0.3125
vn 1 0 0
vn -1 0 0
vn 0 0.9990482215818579 0.04361938736533588
vn 0 -0.9990482215818579 -0.04361938736533588
vn 0 -0.04361938736533588 0.9990482215818579
vn 0 0.04361938736533588 -0.9990482215818579
usemtl m_ede1f5c5-55f8-8291-5e71-77e3daa0a758
f 2334/6637/1660 2333/6638/1660 2335/6639/1660 2336/6640/1660
f 2339/6641/1661 2337/6642/1661 2338/6643/1661 2340/6644/1661
f 2337/6645/1662 2333/6646/1662 2334/6647/1662 2338/6648/1662
f 2336/6649/1663 2335/6650/1663 2339/6651/1663 2340/6652/1663
f 2335/6653/1664 2333/6654/1664 2337/6655/1664 2339/6656/1664
f 2338/6657/1665 2334/6658/1665 2336/6659/1665 2340/6660/1665
o plane
v 0.009375000000000272 0.016476102042037737 -0.21468640149869478
v 0.009375000000000272 0.07136780641081013 -0.2745901851145174
v -0.13437499999999972 0.016476102042037737 -0.21468640149869478
v -0.13437499999999972 0.07136780641081013 -0.2745901851145174
vt 0.3125 0.34375
vt 0.3125 0.40625
vt 0.21875 0.40625
vt 0.21875 0.34375
vn 0 0.7372773368101242 0.6755902076156601
usemtl m_ede1f5c5-55f8-8291-5e71-77e3daa0a758
f 2341/6661/1666 2342/6662/1666 2344/6663/1666 2343/6664/1666
o mesh
v 0.17187500000000033 0.011101667405674046 -0.21113402784303092
v 0.17187500000000033 0.07443824936964218 -0.28025377816898006
v 0.17187500000000033 0.008797675728142409 -0.2132452472418299
v 0.17187500000000033 0.07213425769211054 -0.282364997567779
v 0.015625000000000333 0.011101667405674046 -0.21113402784303092
v 0.015625000000000333 0.07443824936964218 -0.28025377816898006
v 0.015625000000000333 0.008797675728142409 -0.2132452472418299
v 0.015625000000000333 0.07213425769211054 -0.282364997567779
vt 0.5625 0.46875
vt 0.5 0.46875
vt 0.5 0.4375
vt 0.5625 0.4375
vt 0.1875 0.375
vt 0.1875 0.40625
vt 0.125 0.40625
vt 0.125 0.375
vt 0 0.40625
vt 0.09375 0.40625
vt 0.09375 0.46875
vt 0 0.46875
vt 0.625 0.9375
vt 0.625 1
vt 0.53125 1
vt 0.53125 0.9375
vt 0.625 0.875
vt 0.625 0.90625
vt 0.53125 0.90625
vt 0.53125 0.875
vt 0.21875 0.46875
vt 0.125 0.46875
vt 0.125 0.4375
vt 0.21875 0.4375
vn 1 0 0
vn -1 0 0
vn 0 0.7372773368101242 0.6755902076156601
vn 0 -0.7372773368101242 -0.6755902076156601
vn 0 -0.6755902076156601 0.7372773368101242
vn 0 0.6755902076156601 -0.7372773368101242
usemtl m_ede1f5c5-55f8-8291-5e71-77e3daa0a758
f 2346/6665/1667 2345/6666/1667 2347/6667/1667 2348/6668/1667
f 2351/6669/1668 2349/6670/1668 2350/6671/1668 2352/6672/1668
f 2349/6673/1669 2345/6674/1669 2346/6675/1669 2350/6676/1669
f 2348/6677/1670 2347/6678/1670 2351/6679/1670 2352/6680/1670
f 2347/6681/1671 2345/6682/1671 2349/6683/1671 2351/6684/1671
f 2350/6685/1672 2346/6686/1672 2348/6687/1672 2352/6688/1672
o mesh
v 0.17187500000000033 0.07251980224957595 -0.2735345754151179
v 0.17187500000000033 0.07674224104717381 -0.2781425587701811
v 0.17187500000000033 0.0702158105720443 -0.2756457948139168
v 0.17187500000000033 0.07443824936964218 -0.28025377816898006
v 0.015625000000000333 0.07251980224957595 -0.2735345754151179
v 0.015625000000000333 0.07674224104717381 -0.2781425587701811
v 0.015625000000000333 0.0702158105720443 -0.2756457948139168
v 0.015625000000000333 0.07443824936964218 -0.28025377816898006
vt 0.34375 0.40625
vt 0.3125 0.40625
vt 0.3125 0.375
vt 0.34375 0.375
vt 0.40625 0.375
vt 0.40625 0.40625
vt 0.375 0.40625
vt 0.375 0.375
vt 0.53125 0.8125
vt 0.625 0.8125
vt 0.625 0.84375
vt 0.53125 0.84375
vt 0.625 0.75
vt 0.625 0.78125
vt 0.53125 0.78125
vt 0.53125 0.75
vt 0.34375 0.4375
vt 0.34375 0.46875
vt 0.25 0.46875
vt 0.25 0.4375
vt 0.625 0.71875
vt 0.53125 0.71875
vt 0.53125 0.6875
vt 0.625 0.6875
vn 1 0 0
vn -1 0 0
vn 0 0.7372773368101242 0.6755902076156601
vn 0 -0.7372773368101242 -0.6755902076156601
vn 0 -0.6755902076156601 0.7372773368101242
vn 0 0.6755902076156601 -0.7372773368101242
usemtl m_ede1f5c5-55f8-8291-5e71-77e3daa0a758
f 2354/6689/1673 2353/6690/1673 2355/6691/1673 2356/6692/1673
f 2359/6693/1674 2357/6694/1674 2358/6695/1674 2360/6696/1674
f 2357/6697/1675 2353/6698/1675 2354/6699/1675 2358/6700/1675
f 2356/6701/1676 2355/6702/1676 2359/6703/1676 2360/6704/1676
f 2355/6705/1677 2353/6706/1677 2357/6707/1677 2359/6708/1677
f 2358/6709/1678 2354/6710/1678 2356/6711/1678 2360/6712/1678
o mesh
v 0.17187500000000033 0.013405659083205748 -0.2090228084442321
v 0.17187500000000033 0.017628097880803613 -0.21363079179929534
v 0.17187500000000033 0.011101667405674108 -0.21113402784303104
v 0.17187500000000033 0.01532410620327198 -0.2157420111980943
v 0.015625000000000333 0.013405659083205748 -0.2090228084442321
v 0.015625000000000333 0.017628097880803613 -0.21363079179929534
v 0.015625000000000333 0.011101667405674108 -0.21113402784303104
v 0.015625000000000333 0.01532410620327198 -0.2157420111980943
vt 0.46875 0.40625
vt 0.4375 0.40625
vt 0.4375 0.375
vt 0.46875 0.375
vt 0.53125 0.375
vt 0.53125 0.40625
vt 0.5 0.40625
vt 0.5 0.375
vt 0.53125 0.625
vt 0.625 0.625
vt 0.625 0.65625
vt 0.53125 0.65625
vt 0.46875 0.4375
vt 0.46875 0.46875
vt 0.375 0.46875
vt 0.375 0.4375
vt 0.625 0.5625
vt 0.625 0.59375
vt 0.53125 0.59375
vt 0.53125 0.5625
vt 0.625 0.53125
vt 0.53125 0.53125
vt 0.53125 0.5
vt 0.625 0.5
vn 1 0 0
vn -1 0 0
vn 0 0.7372773368101242 0.6755902076156601
vn 0 -0.7372773368101242 -0.6755902076156601
vn 0 -0.6755902076156601 0.7372773368101242
vn 0 0.6755902076156601 -0.7372773368101242
usemtl m_ede1f5c5-55f8-8291-5e71-77e3daa0a758
f 2362/6713/1679 2361/6714/1679 2363/6715/1679 2364/6716/1679
f 2367/6717/1680 2365/6718/1680 2366/6719/1680 2368/6720/1680
f 2365/6721/1681 2361/6722/1681 2362/6723/1681 2366/6724/1681
f 2364/6725/1682 2363/6726/1682 2367/6727/1682 2368/6728/1682
f 2363/6729/1683 2361/6730/1683 2365/6731/1683 2367/6732/1683
f 2366/6733/1684 2362/6734/1684 2364/6735/1684 2368/6736/1684
o mesh
v 0.021875000000000325 0.01762809788080353 -0.21363079179929528
v 0.021875000000000325 0.07251980224957591 -0.27353457541511783
v 0.021875000000000325 0.01532410620327189 -0.21574201119809422
v 0.021875000000000325 0.07021581057204428 -0.2756457948139168
v 0.015625000000000333 0.01762809788080353 -0.21363079179929528
v 0.015625000000000333 0.07251980224957591 -0.27353457541511783
v 0.015625000000000333 0.01532410620327189 -0.21574201119809422
v 0.015625000000000333 0.07021581057204428 -0.2756457948139168
vt 0.625 0.46875
vt 0.59375 0.46875
vt 0.59375 0.4375
vt 0.625 0.4375
vt 0.59375 0.375
vt 0.59375 0.40625
vt 0.5625 0.40625
vt 0.5625 0.375
vt 0 0.34375
vt 0.03125 0.34375
vt 0.03125 0.375
vt 0 0.375
vt 0.09375 0.34375
vt 0.09375 0.375
vt 0.0625 0.375
vt 0.0625 0.34375
vt 0.65625 0.375
vt 0.65625 0.40625
vt 0.625 0.40625
vt 0.625 0.375
vt 0.6875 1
vt 0.65625 1
vt 0.65625 0.96875
vt 0.6875 0.96875
vn 1 0 0
vn -1 0 0
vn 0 0.7372773368101242 0.6755902076156601
vn 0 -0.7372773368101242 -0.6755902076156601
vn 0 -0.6755902076156601 0.7372773368101242
vn 0 0.6755902076156601 -0.7372773368101242
usemtl m_ede1f5c5-55f8-8291-5e71-77e3daa0a758
f 2370/6737/1685 2369/6738/1685 2371/6739/1685 2372/6740/1685
f 2375/6741/1686 2373/6742/1686 2374/6743/1686 2376/6744/1686
f 2373/6745/1687 2369/6746/1687 2370/6747/1687 2374/6748/1687
f 2372/6749/1688 2371/6750/1688 2375/6751/1688 2376/6752/1688
f 2371/6753/1689 2369/6754/1689 2373/6755/1689 2375/6756/1689
f 2374/6757/1690 2370/6758/1690 2372/6759/1690 2376/6760/1690
o mesh
v 0.171875 0.01762809788080353 -0.21363079179929528
v 0.171875 0.07251980224957591 -0.27353457541511783
v 0.171875 0.01532410620327189 -0.21574201119809422
v 0.171875 0.07021581057204428 -0.2756457948139168
v 0.16562500000000002 0.01762809788080353 -0.21363079179929528
v 0.16562500000000002 0.07251980224957591 -0.27353457541511783
v 0.16562500000000002 0.01532410620327189 -0.21574201119809422
v 0.16562500000000002 0.07021581057204428 -0.2756457948139168
vt 0.6875 0.9375
vt 0.65625 0.9375
vt 0.65625 0.90625
vt 0.6875 0.90625
vt 0.15625 0.3125
vt 0.15625 0.34375
vt 0.125 0.34375
vt 0.125 0.3125
vt 0.65625 0.84375
vt 0.6875 0.84375
vt 0.6875 0.875
vt 0.65625 0.875
vt 0.21875 0.3125
vt 0.21875 0.34375
vt 0.1875 0.34375
vt 0.1875 0.3125
vt 0.6875 0.78125
vt 0.6875 0.8125
vt 0.65625 0.8125
vt 0.65625 0.78125
vt 0.28125 0.34375
vt 0.25 0.34375
vt 0.25 0.3125
vt 0.28125 0.3125
vn 1 0 0
vn -1 0 0
vn 0 0.7372773368101242 0.6755902076156601
vn 0 -0.7372773368101242 -0.6755902076156601
vn 0 -0.6755902076156601 0.7372773368101242
vn 0 0.6755902076156601 -0.7372773368101242
usemtl m_ede1f5c5-55f8-8291-5e71-77e3daa0a758
f 2378/6761/1691 2377/6762/1691 2379/6763/1691 2380/6764/1691
f 2383/6765/1692 2381/6766/1692 2382/6767/1692 2384/6768/1692
f 2381/6769/1693 2377/6770/1693 2378/6771/1693 2382/6772/1693
f 2380/6773/1694 2379/6774/1694 2383/6775/1694 2384/6776/1694
f 2379/6777/1695 2377/6778/1695 2381/6779/1695 2383/6780/1695
f 2382/6781/1696 2378/6782/1696 2380/6783/1696 2384/6784/1696
o mesh
v 0.10000000000000034 0.04062045955083646 -0.24312822173070942
v 0.10000000000000034 0.040893080721869805 -0.24937227311559604
v 0.10000000000000034 -0.0015268872971481613 -0.24496841463518454
v 0.10000000000000034 -0.0012542661261148134 -0.25121246602007113
v 0.08750000000000033 0.04062045955083646 -0.24312822173070942
v 0.08750000000000033 0.040893080721869805 -0.24937227311559604
v 0.08750000000000033 -0.0015268872971481613 -0.24496841463518454
v 0.08750000000000033 -0.0012542661261148134 -0.25121246602007113
vt 0.6875 0.75
vt 0.65625 0.75
vt 0.65625 0.71875
vt 0.6875 0.71875
vt 0.34375 0.3125
vt 0.34375 0.34375
vt 0.3125 0.34375
vt 0.3125 0.3125
vt 0.65625 0.65625
vt 0.6875 0.65625
vt 0.6875 0.6875
vt 0.65625 0.6875
vt 0.40625 0.3125
vt 0.40625 0.34375
vt 0.375 0.34375
vt 0.375 0.3125
vt 0.6875 0.59375
vt 0.6875 0.625
vt 0.65625 0.625
vt 0.65625 0.59375
vt 0.46875 0.34375
vt 0.4375 0.34375
vt 0.4375 0.3125
vt 0.46875 0.3125
vn 1 0 0
vn -1 0 0
vn 0 0.9990482215818579 0.04361938736533588
vn 0 -0.9990482215818579 -0.04361938736533588
vn 0 -0.04361938736533588 0.9990482215818579
vn 0 0.04361938736533588 -0.9990482215818579
usemtl m_ede1f5c5-55f8-8291-5e71-77e3daa0a758
f 2386/6785/1697 2385/6786/1697 2387/6787/1697 2388/6788/1697
f 2391/6789/1698 2389/6790/1698 2390/6791/1698 2392/6792/1698
f 2389/6793/1699 2385/6794/1699 2386/6795/1699 2390/6796/1699
f 2388/6797/1700 2387/6798/1700 2391/6799/1700 2392/6800/1700
f 2387/6801/1701 2385/6802/1701 2389/6803/1701 2391/6804/1701
f 2390/6805/1702 2386/6806/1702 2388/6807/1702 2392/6808/1702
o plane
v 0.16562500000000033 0.016476102042037737 -0.21468640149869478
v 0.16562500000000033 0.07136780641081013 -0.2745901851145174
v 0.02187500000000034 0.016476102042037737 -0.21468640149869478
v 0.02187500000000034 0.07136780641081013 -0.2745901851145174
vt 0.3125 0.34375
vt 0.3125 0.40625
vt 0.21875 0.40625
vt 0.21875 0.34375
vn 0 0.7372773368101242 0.6755902076156601
usemtl m_ede1f5c5-55f8-8291-5e71-77e3daa0a758
f 2393/6809/1703 2394/6810/1703 2396/6811/1703 2395/6812/1703
o mesh
v 0.32812500000000033 0.011101667405674046 -0.21113402784303092
v 0.32812500000000033 0.07443824936964218 -0.28025377816898006
v 0.32812500000000033 0.008797675728142409 -0.2132452472418299
v 0.32812500000000033 0.07213425769211054 -0.282364997567779
v 0.17187500000000033 0.011101667405674046 -0.21113402784303092
v 0.17187500000000033 0.07443824936964218 -0.28025377816898006
v 0.17187500000000033 0.008797675728142409 -0.2132452472418299
v 0.17187500000000033 0.07213425769211054 -0.282364997567779
vt 0.5625 0.46875
vt 0.5 0.46875
vt 0.5 0.4375
vt 0.5625 0.4375
vt 0.1875 0.375
vt 0.1875 0.40625
vt 0.125 0.40625
vt 0.125 0.375
vt 0 0.40625
vt 0.09375 0.40625
vt 0.09375 0.46875
vt 0 0.46875
vt 0.625 0.9375
vt 0.625 1
vt 0.53125 1
vt 0.53125 0.9375
vt 0.625 0.875
vt 0.625 0.90625
vt 0.53125 0.90625
vt 0.53125 0.875
vt 0.21875 0.46875
vt 0.125 0.46875
vt 0.125 0.4375
vt 0.21875 0.4375
vn 1 0 0
vn -1 0 0
vn 0 0.7372773368101242 0.6755902076156601
vn 0 -0.7372773368101242 -0.6755902076156601
vn 0 -0.6755902076156601 0.7372773368101242
vn 0 0.6755902076156601 -0.7372773368101242
usemtl m_ede1f5c5-55f8-8291-5e71-77e3daa0a758
f 2398/6813/1704 2397/6814/1704 2399/6815/1704 2400/6816/1704
f 2403/6817/1705 2401/6818/1705 2402/6819/1705 2404/6820/1705
f 2401/6821/1706 2397/6822/1706 2398/6823/1706 2402/6824/1706
f 2400/6825/1707 2399/6826/1707 2403/6827/1707 2404/6828/1707
f 2399/6829/1708 2397/6830/1708 2401/6831/1708 2403/6832/1708
f 2402/6833/1709 2398/6834/1709 2400/6835/1709 2404/6836/1709
o mesh
v 0.32812500000000033 0.07251980224957595 -0.2735345754151179
v 0.32812500000000033 0.07674224104717381 -0.2781425587701811
v 0.32812500000000033 0.0702158105720443 -0.2756457948139168
v 0.32812500000000033 0.07443824936964218 -0.28025377816898006
v 0.17187500000000033 0.07251980224957595 -0.2735345754151179
v 0.17187500000000033 0.07674224104717381 -0.2781425587701811
v 0.17187500000000033 0.0702158105720443 -0.2756457948139168
v 0.17187500000000033 0.07443824936964218 -0.28025377816898006
vt 0.34375 0.40625
vt 0.3125 0.40625
vt 0.3125 0.375
vt 0.34375 0.375
vt 0.40625 0.375
vt 0.40625 0.40625
vt 0.375 0.40625
vt 0.375 0.375
vt 0.53125 0.8125
vt 0.625 0.8125
vt 0.625 0.84375
vt 0.53125 0.84375
vt 0.625 0.75
vt 0.625 0.78125
vt 0.53125 0.78125
vt 0.53125 0.75
vt 0.34375 0.4375
vt 0.34375 0.46875
vt 0.25 0.46875
vt 0.25 0.4375
vt 0.625 0.71875
vt 0.53125 0.71875
vt 0.53125 0.6875
vt 0.625 0.6875
vn 1 0 0
vn -1 0 0
vn 0 0.7372773368101242 0.6755902076156601
vn 0 -0.7372773368101242 -0.6755902076156601
vn 0 -0.6755902076156601 0.7372773368101242
vn 0 0.6755902076156601 -0.7372773368101242
usemtl m_ede1f5c5-55f8-8291-5e71-77e3daa0a758
f 2406/6837/1710 2405/6838/1710 2407/6839/1710 2408/6840/1710
f 2411/6841/1711 2409/6842/1711 2410/6843/1711 2412/6844/1711
f 2409/6845/1712 2405/6846/1712 2406/6847/1712 2410/6848/1712
f 2408/6849/1713 2407/6850/1713 2411/6851/1713 2412/6852/1713
f 2407/6853/1714 2405/6854/1714 2409/6855/1714 2411/6856/1714
f 2410/6857/1715 2406/6858/1715 2408/6859/1715 2412/6860/1715
o mesh
v 0.32812500000000033 0.013405659083205748 -0.2090228084442321
v 0.32812500000000033 0.017628097880803613 -0.21363079179929534
v 0.32812500000000033 0.011101667405674108 -0.21113402784303104
v 0.32812500000000033 0.01532410620327198 -0.2157420111980943
v 0.17187500000000033 0.013405659083205748 -0.2090228084442321
v 0.17187500000000033 0.017628097880803613 -0.21363079179929534
v 0.17187500000000033 0.011101667405674108 -0.21113402784303104
v 0.17187500000000033 0.01532410620327198 -0.2157420111980943
vt 0.46875 0.40625
vt 0.4375 0.40625
vt 0.4375 0.375
vt 0.46875 0.375
vt 0.53125 0.375
vt 0.53125 0.40625
vt 0.5 0.40625
vt 0.5 0.375
vt 0.53125 0.625
vt 0.625 0.625
vt 0.625 0.65625
vt 0.53125 0.65625
vt 0.46875 0.4375
vt 0.46875 0.46875
vt 0.375 0.46875
vt 0.375 0.4375
vt 0.625 0.5625
vt 0.625 0.59375
vt 0.53125 0.59375
vt 0.53125 0.5625
vt 0.625 0.53125
vt 0.53125 0.53125
vt 0.53125 0.5
vt 0.625 0.5
vn 1 0 0
vn -1 0 0
vn 0 0.7372773368101242 0.6755902076156601
vn 0 -0.7372773368101242 -0.6755902076156601
vn 0 -0.6755902076156601 0.7372773368101242
vn 0 0.6755902076156601 -0.7372773368101242
usemtl m_ede1f5c5-55f8-8291-5e71-77e3daa0a758
f 2414/6861/1716 2413/6862/1716 2415/6863/1716 2416/6864/1716
f 2419/6865/1717 2417/6866/1717 2418/6867/1717 2420/6868/1717
f 2417/6869/1718 2413/6870/1718 2414/6871/1718 2418/6872/1718
f 2416/6873/1719 2415/6874/1719 2419/6875/1719 2420/6876/1719
f 2415/6877/1720 2413/6878/1720 2417/6879/1720 2419/6880/1720
f 2418/6881/1721 2414/6882/1721 2416/6883/1721 2420/6884/1721
o mesh
v 0.1781250000000003 0.01762809788080353 -0.21363079179929528
v 0.1781250000000003 0.07251980224957591 -0.27353457541511783
v 0.1781250000000003 0.01532410620327189 -0.21574201119809422
v 0.1781250000000003 0.07021581057204428 -0.2756457948139168
v 0.17187500000000033 0.01762809788080353 -0.21363079179929528
v 0.17187500000000033 0.07251980224957591 -0.27353457541511783
v 0.17187500000000033 0.01532410620327189 -0.21574201119809422
v 0.17187500000000033 0.07021581057204428 -0.2756457948139168
vt 0.625 0.46875
vt 0.59375 0.46875
vt 0.59375 0.4375
vt 0.625 0.4375
vt 0.59375 0.375
vt 0.59375 0.40625
vt 0.5625 0.40625
vt 0.5625 0.375
vt 0 0.34375
vt 0.03125 0.34375
vt 0.03125 0.375
vt 0 0.375
vt 0.09375 0.34375
vt 0.09375 0.375
vt 0.0625 0.375
vt 0.0625 0.34375
vt 0.65625 0.375
vt 0.65625 0.40625
vt 0.625 0.40625
vt 0.625 0.375
vt 0.6875 1
vt 0.65625 1
vt 0.65625 0.96875
vt 0.6875 0.96875
vn 1 0 0
vn -1 0 0
vn 0 0.7372773368101242 0.6755902076156601
vn 0 -0.7372773368101242 -0.6755902076156601
vn 0 -0.6755902076156601 0.7372773368101242
vn 0 0.6755902076156601 -0.7372773368101242
usemtl m_ede1f5c5-55f8-8291-5e71-77e3daa0a758
f 2422/6885/1722 2421/6886/1722 2423/6887/1722 2424/6888/1722
f 2427/6889/1723 2425/6890/1723 2426/6891/1723 2428/6892/1723
f 2425/6893/1724 2421/6894/1724 2422/6895/1724 2426/6896/1724
f 2424/6897/1725 2423/6898/1725 2427/6899/1725 2428/6900/1725
f 2423/6901/1726 2421/6902/1726 2425/6903/1726 2427/6904/1726
f 2426/6905/1727 2422/6906/1727 2424/6907/1727 2428/6908/1727
o mesh
v 0.3281249999999998 0.01762809788080353 -0.21363079179929528
v 0.3281249999999998 0.07251980224957591 -0.27353457541511783
v 0.3281249999999998 0.01532410620327189 -0.21574201119809422
v 0.3281249999999998 0.07021581057204428 -0.2756457948139168
v 0.3218749999999998 0.01762809788080353 -0.21363079179929528
v 0.3218749999999998 0.07251980224957591 -0.27353457541511783
v 0.3218749999999998 0.01532410620327189 -0.21574201119809422
v 0.3218749999999998 0.07021581057204428 -0.2756457948139168
vt 0.6875 0.9375
vt 0.65625 0.9375
vt 0.65625 0.90625
vt 0.6875 0.90625
vt 0.15625 0.3125
vt 0.15625 0.34375
vt 0.125 0.34375
vt 0.125 0.3125
vt 0.65625 0.84375
vt 0.6875 0.84375
vt 0.6875 0.875
vt 0.65625 0.875
vt 0.21875 0.3125
vt 0.21875 0.34375
vt 0.1875 0.34375
vt 0.1875 0.3125
vt 0.6875 0.78125
vt 0.6875 0.8125
vt 0.65625 0.8125
vt 0.65625 0.78125
vt 0.28125 0.34375
vt 0.25 0.34375
vt 0.25 0.3125
vt 0.28125 0.3125
vn 1 0 0
vn -1 0 0
vn 0 0.7372773368101242 0.6755902076156601
vn 0 -0.7372773368101242 -0.6755902076156601
vn 0 -0.6755902076156601 0.7372773368101242
vn 0 0.6755902076156601 -0.7372773368101242
usemtl m_ede1f5c5-55f8-8291-5e71-77e3daa0a758
f 2430/6909/1728 2429/6910/1728 2431/6911/1728 2432/6912/1728
f 2435/6913/1729 2433/6914/1729 2434/6915/1729 2436/6916/1729
f 2433/6917/1730 2429/6918/1730 2430/6919/1730 2434/6920/1730
f 2432/6921/1731 2431/6922/1731 2435/6923/1731 2436/6924/1731
f 2431/6925/1732 2429/6926/1732 2433/6927/1732 2435/6928/1732
f 2434/6929/1733 2430/6930/1733 2432/6931/1733 2436/6932/1733
o mesh
v 0.2562500000000003 0.04062045955083646 -0.24312822173070942
v 0.2562500000000003 0.040893080721869805 -0.24937227311559604
v 0.2562500000000003 -0.0015268872971481613 -0.24496841463518454
v 0.2562500000000003 -0.0012542661261148134 -0.25121246602007113
v 0.24375000000000033 0.04062045955083646 -0.24312822173070942
v 0.24375000000000033 0.040893080721869805 -0.24937227311559604
v 0.24375000000000033 -0.0015268872971481613 -0.24496841463518454
v 0.24375000000000033 -0.0012542661261148134 -0.25121246602007113
vt 0.6875 0.75
vt 0.65625 0.75
vt 0.65625 0.71875
vt 0.6875 0.71875
vt 0.34375 0.3125
vt 0.34375 0.34375
vt 0.3125 0.34375
vt 0.3125 0.3125
vt 0.65625 0.65625
vt 0.6875 0.65625
vt 0.6875 0.6875
vt 0.65625 0.6875
vt 0.40625 0.3125
vt 0.40625 0.34375
vt 0.375 0.34375
vt 0.375 0.3125
vt 0.6875 0.59375
vt 0.6875 0.625
vt 0.65625 0.625
vt 0.65625 0.59375
vt 0.46875 0.34375
vt 0.4375 0.34375
vt 0.4375 0.3125
vt 0.46875 0.3125
vn 1 0 0
vn -1 0 0
vn 0 0.9990482215818579 0.04361938736533588
vn 0 -0.9990482215818579 -0.04361938736533588
vn 0 -0.04361938736533588 0.9990482215818579
vn 0 0.04361938736533588 -0.9990482215818579
usemtl m_ede1f5c5-55f8-8291-5e71-77e3daa0a758
f 2438/6933/1734 2437/6934/1734 2439/6935/1734 2440/6936/1734
f 2443/6937/1735 2441/6938/1735 2442/6939/1735 2444/6940/1735
f 2441/6941/1736 2437/6942/1736 2438/6943/1736 2442/6944/1736
f 2440/6945/1737 2439/6946/1737 2443/6947/1737 2444/6948/1737
f 2439/6949/1738 2437/6950/1738 2441/6951/1738 2443/6952/1738
f 2442/6953/1739 2438/6954/1739 2440/6955/1739 2444/6956/1739
o plane
v 0.32187500000000036 0.016476102042037737 -0.21468640149869478
v 0.32187500000000036 0.07136780641081013 -0.2745901851145174
v 0.17812500000000034 0.016476102042037737 -0.21468640149869478
v 0.17812500000000034 0.07136780641081013 -0.2745901851145174
vt 0.3125 0.34375
vt 0.3125 0.40625
vt 0.21875 0.40625
vt 0.21875 0.34375
vn 0 0.7372773368101242 0.6755902076156601
usemtl m_ede1f5c5-55f8-8291-5e71-77e3daa0a758
f 2445/6957/1740 2446/6958/1740 2448/6959/1740 2447/6960/1740
o mesh
v 0.4843750000000001 0.011101667405674046 -0.21113402784303092
v 0.4843750000000001 0.07443824936964218 -0.28025377816898006
v 0.4843750000000001 0.008797675728142409 -0.2132452472418299
v 0.4843750000000001 0.07213425769211054 -0.282364997567779
v 0.3281250000000001 0.011101667405674046 -0.21113402784303092
v 0.3281250000000001 0.07443824936964218 -0.28025377816898006
v 0.3281250000000001 0.008797675728142409 -0.2132452472418299
v 0.3281250000000001 0.07213425769211054 -0.282364997567779
vt 0.5625 0.46875
vt 0.5 0.46875
vt 0.5 0.4375
vt 0.5625 0.4375
vt 0.1875 0.375
vt 0.1875 0.40625
vt 0.125 0.40625
vt 0.125 0.375
vt 0 0.40625
vt 0.09375 0.40625
vt 0.09375 0.46875
vt 0 0.46875
vt 0.625 0.9375
vt 0.625 1
vt 0.53125 1
vt 0.53125 0.9375
vt 0.625 0.875
vt 0.625 0.90625
vt 0.53125 0.90625
vt 0.53125 0.875
vt 0.21875 0.46875
vt 0.125 0.46875
vt 0.125 0.4375
vt 0.21875 0.4375
vn 1 0 0
vn -1 0 0
vn 0 0.7372773368101242 0.6755902076156601
vn 0 -0.7372773368101242 -0.6755902076156601
vn 0 -0.6755902076156601 0.7372773368101242
vn 0 0.6755902076156601 -0.7372773368101242
usemtl m_ede1f5c5-55f8-8291-5e71-77e3daa0a758
f 2450/6961/1741 2449/6962/1741 2451/6963/1741 2452/6964/1741
f 2455/6965/1742 2453/6966/1742 2454/6967/1742 2456/6968/1742
f 2453/6969/1743 2449/6970/1743 2450/6971/1743 2454/6972/1743
f 2452/6973/1744 2451/6974/1744 2455/6975/1744 2456/6976/1744
f 2451/6977/1745 2449/6978/1745 2453/6979/1745 2455/6980/1745
f 2454/6981/1746 2450/6982/1746 2452/6983/1746 2456/6984/1746
o mesh
v 0.4843750000000001 0.07251980224957595 -0.2735345754151179
v 0.4843750000000001 0.07674224104717381 -0.2781425587701811
v 0.4843750000000001 0.0702158105720443 -0.2756457948139168
v 0.4843750000000001 0.07443824936964218 -0.28025377816898006
v 0.3281250000000001 0.07251980224957595 -0.2735345754151179
v 0.3281250000000001 0.07674224104717381 -0.2781425587701811
v 0.3281250000000001 0.0702158105720443 -0.2756457948139168
v 0.3281250000000001 0.07443824936964218 -0.28025377816898006
vt 0.34375 0.40625
vt 0.3125 0.40625
vt 0.3125 0.375
vt 0.34375 0.375
vt 0.40625 0.375
vt 0.40625 0.40625
vt 0.375 0.40625
vt 0.375 0.375
vt 0.53125 0.8125
vt 0.625 0.8125
vt 0.625 0.84375
vt 0.53125 0.84375
vt 0.625 0.75
vt 0.625 0.78125
vt 0.53125 0.78125
vt 0.53125 0.75
vt 0.34375 0.4375
vt 0.34375 0.46875
vt 0.25 0.46875
vt 0.25 0.4375
vt 0.625 0.71875
vt 0.53125 0.71875
vt 0.53125 0.6875
vt 0.625 0.6875
vn 1 0 0
vn -1 0 0
vn 0 0.7372773368101242 0.6755902076156601
vn 0 -0.7372773368101242 -0.6755902076156601
vn 0 -0.6755902076156601 0.7372773368101242
vn 0 0.6755902076156601 -0.7372773368101242
usemtl m_ede1f5c5-55f8-8291-5e71-77e3daa0a758
f 2458/6985/1747 2457/6986/1747 2459/6987/1747 2460/6988/1747
f 2463/6989/1748 2461/6990/1748 2462/6991/1748 2464/6992/1748
f 2461/6993/1749 2457/6994/1749 2458/6995/1749 2462/6996/1749
f 2460/6997/1750 2459/6998/1750 2463/6999/1750 2464/7000/1750
f 2459/7001/1751 2457/7002/1751 2461/7003/1751 2463/7004/1751
f 2462/7005/1752 2458/7006/1752 2460/7007/1752 2464/7008/1752
o mesh
v 0.4843750000000001 0.013405659083205748 -0.2090228084442321
v 0.4843750000000001 0.017628097880803613 -0.21363079179929534
v 0.4843750000000001 0.011101667405674108 -0.21113402784303104
v 0.4843750000000001 0.01532410620327198 -0.2157420111980943
v 0.3281250000000001 0.013405659083205748 -0.2090228084442321
v 0.3281250000000001 0.017628097880803613 -0.21363079179929534
v 0.3281250000000001 0.011101667405674108 -0.21113402784303104
v 0.3281250000000001 0.01532410620327198 -0.2157420111980943
vt 0.46875 0.40625
vt 0.4375 0.40625
vt 0.4375 0.375
vt 0.46875 0.375
vt 0.53125 0.375
vt 0.53125 0.40625
vt 0.5 0.40625
vt 0.5 0.375
vt 0.53125 0.625
vt 0.625 0.625
vt 0.625 0.65625
vt 0.53125 0.65625
vt 0.46875 0.4375
vt 0.46875 0.46875
vt 0.375 0.46875
vt 0.375 0.4375
vt 0.625 0.5625
vt 0.625 0.59375
vt 0.53125 0.59375
vt 0.53125 0.5625
vt 0.625 0.53125
vt 0.53125 0.53125
vt 0.53125 0.5
vt 0.625 0.5
vn 1 0 0
vn -1 0 0
vn 0 0.7372773368101242 0.6755902076156601
vn 0 -0.7372773368101242 -0.6755902076156601
vn 0 -0.6755902076156601 0.7372773368101242
vn 0 0.6755902076156601 -0.7372773368101242
usemtl m_ede1f5c5-55f8-8291-5e71-77e3daa0a758
f 2466/7009/1753 2465/7010/1753 2467/7011/1753 2468/7012/1753
f 2471/7013/1754 2469/7014/1754 2470/7015/1754 2472/7016/1754
f 2469/7017/1755 2465/7018/1755 2466/7019/1755 2470/7020/1755
f 2468/7021/1756 2467/7022/1756 2471/7023/1756 2472/7024/1756
f 2467/7025/1757 2465/7026/1757 2469/7027/1757 2471/7028/1757
f 2470/7029/1758 2466/7030/1758 2468/7031/1758 2472/7032/1758
o mesh
v 0.3343750000000001 0.01762809788080353 -0.21363079179929528
v 0.3343750000000001 0.07251980224957591 -0.27353457541511783
v 0.3343750000000001 0.01532410620327189 -0.21574201119809422
v 0.3343750000000001 0.07021581057204428 -0.2756457948139168
v 0.3281250000000001 0.01762809788080353 -0.21363079179929528
v 0.3281250000000001 0.07251980224957591 -0.27353457541511783
v 0.3281250000000001 0.01532410620327189 -0.21574201119809422
v 0.3281250000000001 0.07021581057204428 -0.2756457948139168
vt 0.625 0.46875
vt 0.59375 0.46875
vt 0.59375 0.4375
vt 0.625 0.4375
vt 0.59375 0.375
vt 0.59375 0.40625
vt 0.5625 0.40625
vt 0.5625 0.375
vt 0 0.34375
vt 0.03125 0.34375
vt 0.03125 0.375
vt 0 0.375
vt 0.09375 0.34375
vt 0.09375 0.375
vt 0.0625 0.375
vt 0.0625 0.34375
vt 0.65625 0.375
vt 0.65625 0.40625
vt 0.625 0.40625
vt 0.625 0.375
vt 0.6875 1
vt 0.65625 1
vt 0.65625 0.96875
vt 0.6875 0.96875
vn 1 0 0
vn -1 0 0
vn 0 0.7372773368101242 0.6755902076156601
vn 0 -0.7372773368101242 -0.6755902076156601
vn 0 -0.6755902076156601 0.7372773368101242
vn 0 0.6755902076156601 -0.7372773368101242
usemtl m_ede1f5c5-55f8-8291-5e71-77e3daa0a758
f 2474/7033/1759 2473/7034/1759 2475/7035/1759 2476/7036/1759
f 2479/7037/1760 2477/7038/1760 2478/7039/1760 2480/7040/1760
f 2477/7041/1761 2473/7042/1761 2474/7043/1761 2478/7044/1761
f 2476/7045/1762 2475/7046/1762 2479/7047/1762 2480/7048/1762
f 2475/7049/1763 2473/7050/1763 2477/7051/1763 2479/7052/1763
f 2478/7053/1764 2474/7054/1764 2476/7055/1764 2480/7056/1764
o mesh
v 0.4843749999999998 0.01762809788080353 -0.21363079179929528
v 0.4843749999999998 0.07251980224957591 -0.27353457541511783
v 0.4843749999999998 0.01532410620327189 -0.21574201119809422
v 0.4843749999999998 0.07021581057204428 -0.2756457948139168
v 0.4781249999999998 0.01762809788080353 -0.21363079179929528
v 0.4781249999999998 0.07251980224957591 -0.27353457541511783
v 0.4781249999999998 0.01532410620327189 -0.21574201119809422
v 0.4781249999999998 0.07021581057204428 -0.2756457948139168
vt 0.6875 0.9375
vt 0.65625 0.9375
vt 0.65625 0.90625
vt 0.6875 0.90625
vt 0.15625 0.3125
vt 0.15625 0.34375
vt 0.125 0.34375
vt 0.125 0.3125
vt 0.65625 0.84375
vt 0.6875 0.84375
vt 0.6875 0.875
vt 0.65625 0.875
vt 0.21875 0.3125
vt 0.21875 0.34375
vt 0.1875 0.34375
vt 0.1875 0.3125
vt 0.6875 0.78125
vt 0.6875 0.8125
vt 0.65625 0.8125
vt 0.65625 0.78125
vt 0.28125 0.34375
vt 0.25 0.34375
vt 0.25 0.3125
vt 0.28125 0.3125
vn 1 0 0
vn -1 0 0
vn 0 0.7372773368101242 0.6755902076156601
vn 0 -0.7372773368101242 -0.6755902076156601
vn 0 -0.6755902076156601 0.7372773368101242
vn 0 0.6755902076156601 -0.7372773368101242
usemtl m_ede1f5c5-55f8-8291-5e71-77e3daa0a758
f 2482/7057/1765 2481/7058/1765 2483/7059/1765 2484/7060/1765
f 2487/7061/1766 2485/7062/1766 2486/7063/1766 2488/7064/1766
f 2485/7065/1767 2481/7066/1767 2482/7067/1767 2486/7068/1767
f 2484/7069/1768 2483/7070/1768 2487/7071/1768 2488/7072/1768
f 2483/7073/1769 2481/7074/1769 2485/7075/1769 2487/7076/1769
f 2486/7077/1770 2482/7078/1770 2484/7079/1770 2488/7080/1770
o mesh
v 0.4125000000000001 0.04062045955083646 -0.24312822173070942
v 0.4125000000000001 0.040893080721869805 -0.24937227311559604
v 0.4125000000000001 -0.0015268872971481613 -0.24496841463518454
v 0.4125000000000001 -0.0012542661261148134 -0.25121246602007113
v 0.40000000000000013 0.04062045955083646 -0.24312822173070942
v 0.40000000000000013 0.040893080721869805 -0.24937227311559604
v 0.40000000000000013 -0.0015268872971481613 -0.24496841463518454
v 0.40000000000000013 -0.0012542661261148134 -0.25121246602007113
vt 0.6875 0.75
vt 0.65625 0.75
vt 0.65625 0.71875
vt 0.6875 0.71875
vt 0.34375 0.3125
vt 0.34375 0.34375
vt 0.3125 0.34375
vt 0.3125 0.3125
vt 0.65625 0.65625
vt 0.6875 0.65625
vt 0.6875 0.6875
vt 0.65625 0.6875
vt 0.40625 0.3125
vt 0.40625 0.34375
vt 0.375 0.34375
vt 0.375 0.3125
vt 0.6875 0.59375
vt 0.6875 0.625
vt 0.65625 0.625
vt 0.65625 0.59375
vt 0.46875 0.34375
vt 0.4375 0.34375
vt 0.4375 0.3125
vt 0.46875 0.3125
vn 1 0 0
vn -1 0 0
vn 0 0.9990482215818579 0.04361938736533588
vn 0 -0.9990482215818579 -0.04361938736533588
vn 0 -0.04361938736533588 0.9990482215818579
vn 0 0.04361938736533588 -0.9990482215818579
usemtl m_ede1f5c5-55f8-8291-5e71-77e3daa0a758
f 2490/7081/1771 2489/7082/1771 2491/7083/1771 2492/7084/1771
f 2495/7085/1772 2493/7086/1772 2494/7087/1772 2496/7088/1772
f 2493/7089/1773 2489/7090/1773 2490/7091/1773 2494/7092/1773
f 2492/7093/1774 2491/7094/1774 2495/7095/1774 2496/7096/1774
f 2491/7097/1775 2489/7098/1775 2493/7099/1775 2495/7100/1775
f 2494/7101/1776 2490/7102/1776 2492/7103/1776 2496/7104/1776
o plane
v 0.47812500000000013 0.016476102042037737 -0.21468640149869478
v 0.47812500000000013 0.07136780641081013 -0.2745901851145174
v 0.3343750000000001 0.016476102042037737 -0.21468640149869478
v 0.3343750000000001 0.07136780641081013 -0.2745901851145174
vt 0.3125 0.34375
vt 0.3125 0.40625
vt 0.21875 0.40625
vt 0.21875 0.34375
vn 0 0.7372773368101242 0.6755902076156601
usemtl m_ede1f5c5-55f8-8291-5e71-77e3daa0a758
f 2497/7105/1777 2498/7106/1777 2500/7107/1777 2499/7108/1777
o mesh
v -0.3281249999999998 0.011101667405674084 -0.3048840278430308
v -0.3281249999999998 0.07443824936964222 -0.37400377816897995
v -0.3281249999999998 0.008797675728142447 -0.30699524724182975
v -0.3281249999999998 0.07213425769211057 -0.3761149975677789
v -0.4843749999999998 0.011101667405674084 -0.3048840278430308
v -0.4843749999999998 0.07443824936964222 -0.37400377816897995
v -0.4843749999999998 0.008797675728142447 -0.30699524724182975
v -0.4843749999999998 0.07213425769211057 -0.3761149975677789
vt 0.5625 0.46875
vt 0.5 0.46875
vt 0.5 0.4375
vt 0.5625 0.4375
vt 0.1875 0.375
vt 0.1875 0.40625
vt 0.125 0.40625
vt 0.125 0.375
vt 0 0.40625
vt 0.09375 0.40625
vt 0.09375 0.46875
vt 0 0.46875
vt 0.625 0.9375
vt 0.625 1
vt 0.53125 1
vt 0.53125 0.9375
vt 0.625 0.875
vt 0.625 0.90625
vt 0.53125 0.90625
vt 0.53125 0.875
vt 0.21875 0.46875
vt 0.125 0.46875
vt 0.125 0.4375
vt 0.21875 0.4375
vn 1 0 0
vn -1 0 0
vn 0 0.7372773368101242 0.6755902076156601
vn 0 -0.7372773368101242 -0.6755902076156601
vn 0 -0.6755902076156601 0.7372773368101242
vn 0 0.6755902076156601 -0.7372773368101242
usemtl m_ede1f5c5-55f8-8291-5e71-77e3daa0a758
f 2502/7109/1778 2501/7110/1778 2503/7111/1778 2504/7112/1778
f 2507/7113/1779 2505/7114/1779 2506/7115/1779 2508/7116/1779
f 2505/7117/1780 2501/7118/1780 2502/7119/1780 2506/7120/1780
f 2504/7121/1781 2503/7122/1781 2507/7123/1781 2508/7124/1781
f 2503/7125/1782 2501/7126/1782 2505/7127/1782 2507/7128/1782
f 2506/7129/1783 2502/7130/1783 2504/7131/1783 2508/7132/1783
o mesh
v -0.3281249999999998 0.072519802249576 -0.3672845754151178
v -0.3281249999999998 0.07674224104717385 -0.371892558770181
v -0.3281249999999998 0.07021581057204435 -0.3693957948139167
v -0.3281249999999998 0.07443824936964222 -0.37400377816897995
v -0.4843749999999998 0.072519802249576 -0.3672845754151178
v -0.4843749999999998 0.07674224104717385 -0.371892558770181
v -0.4843749999999998 0.07021581057204435 -0.3693957948139167
v -0.4843749999999998 0.07443824936964222 -0.37400377816897995
vt 0.34375 0.40625
vt 0.3125 0.40625
vt 0.3125 0.375
vt 0.34375 0.375
vt 0.40625 0.375
vt 0.40625 0.40625
vt 0.375 0.40625
vt 0.375 0.375
vt 0.53125 0.8125
vt 0.625 0.8125
vt 0.625 0.84375
vt 0.53125 0.84375
vt 0.625 0.75
vt 0.625 0.78125
vt 0.53125 0.78125
vt 0.53125 0.75
vt 0.34375 0.4375
vt 0.34375 0.46875
vt 0.25 0.46875
vt 0.25 0.4375
vt 0.625 0.71875
vt 0.53125 0.71875
vt 0.53125 0.6875
vt 0.625 0.6875
vn 1 0 0
vn -1 0 0
vn 0 0.7372773368101242 0.6755902076156601
vn 0 -0.7372773368101242 -0.6755902076156601
vn 0 -0.6755902076156601 0.7372773368101242
vn 0 0.6755902076156601 -0.7372773368101242
usemtl m_ede1f5c5-55f8-8291-5e71-77e3daa0a758
f 2510/7133/1784 2509/7134/1784 2511/7135/1784 2512/7136/1784
f 2515/7137/1785 2513/7138/1785 2514/7139/1785 2516/7140/1785
f 2513/7141/1786 2509/7142/1786 2510/7143/1786 2514/7144/1786
f 2512/7145/1787 2511/7146/1787 2515/7147/1787 2516/7148/1787
f 2511/7149/1788 2509/7150/1788 2513/7151/1788 2515/7152/1788
f 2514/7153/1789 2510/7154/1789 2512/7155/1789 2516/7156/1789
o mesh
v -0.3281249999999998 0.013405659083205783 -0.302772808444232
v -0.3281249999999998 0.017628097880803648 -0.3073807917992952
v -0.3281249999999998 0.011101667405674143 -0.3048840278430309
v -0.3281249999999998 0.015324106203272014 -0.30949201119809416
v -0.4843749999999998 0.013405659083205783 -0.302772808444232
v -0.4843749999999998 0.017628097880803648 -0.3073807917992952
v -0.4843749999999998 0.011101667405674143 -0.3048840278430309
v -0.4843749999999998 0.015324106203272014 -0.30949201119809416
vt 0.46875 0.40625
vt 0.4375 0.40625
vt 0.4375 0.375
vt 0.46875 0.375
vt 0.53125 0.375
vt 0.53125 0.40625
vt 0.5 0.40625
vt 0.5 0.375
vt 0.53125 0.625
vt 0.625 0.625
vt 0.625 0.65625
vt 0.53125 0.65625
vt 0.46875 0.4375
vt 0.46875 0.46875
vt 0.375 0.46875
vt 0.375 0.4375
vt 0.625 0.5625
vt 0.625 0.59375
vt 0.53125 0.59375
vt 0.53125 0.5625
vt 0.625 0.53125
vt 0.53125 0.53125
vt 0.53125 0.5
vt 0.625 0.5
vn 1 0 0
vn -1 0 0
vn 0 0.7372773368101242 0.6755902076156601
vn 0 -0.7372773368101242 -0.6755902076156601
vn 0 -0.6755902076156601 0.7372773368101242
vn 0 0.6755902076156601 -0.7372773368101242
usemtl m_ede1f5c5-55f8-8291-5e71-77e3daa0a758
f 2518/7157/1790 2517/7158/1790 2519/7159/1790 2520/7160/1790
f 2523/7161/1791 2521/7162/1791 2522/7163/1791 2524/7164/1791
f 2521/7165/1792 2517/7166/1792 2518/7167/1792 2522/7168/1792
f 2520/7169/1793 2519/7170/1793 2523/7171/1793 2524/7172/1793
f 2519/7173/1794 2517/7174/1794 2521/7175/1794 2523/7176/1794
f 2522/7177/1795 2518/7178/1795 2520/7179/1795 2524/7180/1795
o mesh
v -0.4781249999999998 0.01762809788080357 -0.3073807917992951
v -0.4781249999999998 0.07251980224957595 -0.3672845754151177
v -0.4781249999999998 0.015324106203271931 -0.30949201119809405
v -0.4781249999999998 0.07021581057204432 -0.3693957948139166
v -0.4843749999999998 0.01762809788080357 -0.3073807917992951
v -0.4843749999999998 0.07251980224957595 -0.3672845754151177
v -0.4843749999999998 0.015324106203271931 -0.30949201119809405
v -0.4843749999999998 0.07021581057204432 -0.3693957948139166
vt 0.625 0.46875
vt 0.59375 0.46875
vt 0.59375 0.4375
vt 0.625 0.4375
vt 0.59375 0.375
vt 0.59375 0.40625
vt 0.5625 0.40625
vt 0.5625 0.375
vt 0 0.34375
vt 0.03125 0.34375
vt 0.03125 0.375
vt 0 0.375
vt 0.09375 0.34375
vt 0.09375 0.375
vt 0.0625 0.375
vt 0.0625 0.34375
vt 0.65625 0.375
vt 0.65625 0.40625
vt 0.625 0.40625
vt 0.625 0.375
vt 0.6875 1
vt 0.65625 1
vt 0.65625 0.96875
vt 0.6875 0.96875
vn 1 0 0
vn -1 0 0
vn 0 0.7372773368101242 0.6755902076156601
vn 0 -0.7372773368101242 -0.6755902076156601
vn 0 -0.6755902076156601 0.7372773368101242
vn 0 0.6755902076156601 -0.7372773368101242
usemtl m_ede1f5c5-55f8-8291-5e71-77e3daa0a758
f 2526/7181/1796 2525/7182/1796 2527/7183/1796 2528/7184/1796
f 2531/7185/1797 2529/7186/1797 2530/7187/1797 2532/7188/1797
f 2529/7189/1798 2525/7190/1798 2526/7191/1798 2530/7192/1798
f 2528/7193/1799 2527/7194/1799 2531/7195/1799 2532/7196/1799
f 2527/7197/1800 2525/7198/1800 2529/7199/1800 2531/7200/1800
f 2530/7201/1801 2526/7202/1801 2528/7203/1801 2532/7204/1801
o mesh
v -0.3281250000000001 0.01762809788080357 -0.3073807917992951
v -0.3281250000000001 0.07251980224957595 -0.3672845754151177
v -0.3281250000000001 0.015324106203271931 -0.30949201119809405
v -0.3281250000000001 0.07021581057204432 -0.3693957948139166
v -0.3343750000000001 0.01762809788080357 -0.3073807917992951
v -0.3343750000000001 0.07251980224957595 -0.3672845754151177
v -0.3343750000000001 0.015324106203271931 -0.30949201119809405
v -0.3343750000000001 0.07021581057204432 -0.3693957948139166
vt 0.6875 0.9375
vt 0.65625 0.9375
vt 0.65625 0.90625
vt 0.6875 0.90625
vt 0.15625 0.3125
vt 0.15625 0.34375
vt 0.125 0.34375
vt 0.125 0.3125
vt 0.65625 0.84375
vt 0.6875 0.84375
vt 0.6875 0.875
vt 0.65625 0.875
vt 0.21875 0.3125
vt 0.21875 0.34375
vt 0.1875 0.34375
vt 0.1875 0.3125
vt 0.6875 0.78125
vt 0.6875 0.8125
vt 0.65625 0.8125
vt 0.65625 0.78125
vt 0.28125 0.34375
vt 0.25 0.34375
vt 0.25 0.3125
vt 0.28125 0.3125
vn 1 0 0
vn -1 0 0
vn 0 0.7372773368101242 0.6755902076156601
vn 0 -0.7372773368101242 -0.6755902076156601
vn 0 -0.6755902076156601 0.7372773368101242
vn 0 0.6755902076156601 -0.7372773368101242
usemtl m_ede1f5c5-55f8-8291-5e71-77e3daa0a758
f 2534/7205/1802 2533/7206/1802 2535/7207/1802 2536/7208/1802
f 2539/7209/1803 2537/7210/1803 2538/7211/1803 2540/7212/1803
f 2537/7213/1804 2533/7214/1804 2534/7215/1804 2538/7216/1804
f 2536/7217/1805 2535/7218/1805 2539/7219/1805 2540/7220/1805
f 2535/7221/1806 2533/7222/1806 2537/7223/1806 2539/7224/1806
f 2538/7225/1807 2534/7226/1807 2536/7227/1807 2540/7228/1807
o mesh
v -0.3999999999999998 0.04062045955083649 -0.3368782217307093
v -0.3999999999999998 0.04089308072186984 -0.3431222731155959
v -0.3999999999999998 -0.0015268872971481266 -0.33871841463518443
v -0.3999999999999998 -0.0012542661261147788 -0.344962466020071
v -0.41249999999999976 0.04062045955083649 -0.3368782217307093
v -0.41249999999999976 0.04089308072186984 -0.3431222731155959
v -0.41249999999999976 -0.0015268872971481266 -0.33871841463518443
v -0.41249999999999976 -0.0012542661261147788 -0.344962466020071
vt 0.6875 0.75
vt 0.65625 0.75
vt 0.65625 0.71875
vt 0.6875 0.71875
vt 0.34375 0.3125
vt 0.34375 0.34375
vt 0.3125 0.34375
vt 0.3125 0.3125
vt 0.65625 0.65625
vt 0.6875 0.65625
vt 0.6875 0.6875
vt 0.65625 0.6875
vt 0.40625 0.3125
vt 0.40625 0.34375
vt 0.375 0.34375
vt 0.375 0.3125
vt 0.6875 0.59375
vt 0.6875 0.625
vt 0.65625 0.625
vt 0.65625 0.59375
vt 0.46875 0.34375
vt 0.4375 0.34375
vt 0.4375 0.3125
vt 0.46875 0.3125
vn 1 0 0
vn -1 0 0
vn 0 0.9990482215818579 0.04361938736533588
vn 0 -0.9990482215818579 -0.04361938736533588
vn 0 -0.04361938736533588 0.9990482215818579
vn 0 0.04361938736533588 -0.9990482215818579
usemtl m_ede1f5c5-55f8-8291-5e71-77e3daa0a758
f 2542/7229/1808 2541/7230/1808 2543/7231/1808 2544/7232/1808
f 2547/7233/1809 2545/7234/1809 2546/7235/1809 2548/7236/1809
f 2545/7237/1810 2541/7238/1810 2542/7239/1810 2546/7240/1810
f 2544/7241/1811 2543/7242/1811 2547/7243/1811 2548/7244/1811
f 2543/7245/1812 2541/7246/1812 2545/7247/1812 2547/7248/1812
f 2546/7249/1813 2542/7250/1813 2544/7251/1813 2548/7252/1813
o plane
v -0.33437499999999976 0.016476102042037772 -0.3084364014986946
v -0.33437499999999976 0.07136780641081016 -0.3683401851145172
v -0.4781249999999998 0.016476102042037772 -0.3084364014986946
v -0.4781249999999998 0.07136780641081016 -0.3683401851145172
vt 0.3125 0.34375
vt 0.3125 0.40625
vt 0.21875 0.40625
vt 0.21875 0.34375
vn 0 0.7372773368101242 0.6755902076156601
usemtl m_ede1f5c5-55f8-8291-5e71-77e3daa0a758
f 2549/7253/1814 2550/7254/1814 2552/7255/1814 2551/7256/1814
o mesh
v -0.17187499999999975 0.011101667405674084 -0.3048840278430308
v -0.17187499999999975 0.07443824936964222 -0.37400377816897995
v -0.17187499999999975 0.008797675728142447 -0.30699524724182975
v -0.17187499999999975 0.07213425769211057 -0.3761149975677789
v -0.3281249999999998 0.011101667405674084 -0.3048840278430308
v -0.3281249999999998 0.07443824936964222 -0.37400377816897995
v -0.3281249999999998 0.008797675728142447 -0.30699524724182975
v -0.3281249999999998 0.07213425769211057 -0.3761149975677789
vt 0.5625 0.46875
vt 0.5 0.46875
vt 0.5 0.4375
vt 0.5625 0.4375
vt 0.1875 0.375
vt 0.1875 0.40625
vt 0.125 0.40625
vt 0.125 0.375
vt 0 0.40625
vt 0.09375 0.40625
vt 0.09375 0.46875
vt 0 0.46875
vt 0.625 0.9375
vt 0.625 1
vt 0.53125 1
vt 0.53125 0.9375
vt 0.625 0.875
vt 0.625 0.90625
vt 0.53125 0.90625
vt 0.53125 0.875
vt 0.21875 0.46875
vt 0.125 0.46875
vt 0.125 0.4375
vt 0.21875 0.4375
vn 1 0 0
vn -1 0 0
vn 0 0.7372773368101242 0.6755902076156601
vn 0 -0.7372773368101242 -0.6755902076156601
vn 0 -0.6755902076156601 0.7372773368101242
vn 0 0.6755902076156601 -0.7372773368101242
usemtl m_ede1f5c5-55f8-8291-5e71-77e3daa0a758
f 2554/7257/1815 2553/7258/1815 2555/7259/1815 2556/7260/1815
f 2559/7261/1816 2557/7262/1816 2558/7263/1816 2560/7264/1816
f 2557/7265/1817 2553/7266/1817 2554/7267/1817 2558/7268/1817
f 2556/7269/1818 2555/7270/1818 2559/7271/1818 2560/7272/1818
f 2555/7273/1819 2553/7274/1819 2557/7275/1819 2559/7276/1819
f 2558/7277/1820 2554/7278/1820 2556/7279/1820 2560/7280/1820
o mesh
v -0.17187499999999975 0.072519802249576 -0.3672845754151178
v -0.17187499999999975 0.07674224104717385 -0.371892558770181
v -0.17187499999999975 0.07021581057204435 -0.3693957948139167
v -0.17187499999999975 0.07443824936964222 -0.37400377816897995
v -0.3281249999999998 0.072519802249576 -0.3672845754151178
v -0.3281249999999998 0.07674224104717385 -0.371892558770181
v -0.3281249999999998 0.07021581057204435 -0.3693957948139167
v -0.3281249999999998 0.07443824936964222 -0.37400377816897995
vt 0.34375 0.40625
vt 0.3125 0.40625
vt 0.3125 0.375
vt 0.34375 0.375
vt 0.40625 0.375
vt 0.40625 0.40625
vt 0.375 0.40625
vt 0.375 0.375
vt 0.53125 0.8125
vt 0.625 0.8125
vt 0.625 0.84375
vt 0.53125 0.84375
vt 0.625 0.75
vt 0.625 0.78125
vt 0.53125 0.78125
vt 0.53125 0.75
vt 0.34375 0.4375
vt 0.34375 0.46875
vt 0.25 0.46875
vt 0.25 0.4375
vt 0.625 0.71875
vt 0.53125 0.71875
vt 0.53125 0.6875
vt 0.625 0.6875
vn 1 0 0
vn -1 0 0
vn 0 0.7372773368101242 0.6755902076156601
vn 0 -0.7372773368101242 -0.6755902076156601
vn 0 -0.6755902076156601 0.7372773368101242
vn 0 0.6755902076156601 -0.7372773368101242
usemtl m_ede1f5c5-55f8-8291-5e71-77e3daa0a758
f 2562/7281/1821 2561/7282/1821 2563/7283/1821 2564/7284/1821
f 2567/7285/1822 2565/7286/1822 2566/7287/1822 2568/7288/1822
f 2565/7289/1823 2561/7290/1823 2562/7291/1823 2566/7292/1823
f 2564/7293/1824 2563/7294/1824 2567/7295/1824 2568/7296/1824
f 2563/7297/1825 2561/7298/1825 2565/7299/1825 2567/7300/1825
f 2566/7301/1826 2562/7302/1826 2564/7303/1826 2568/7304/1826
o mesh
v -0.17187499999999975 0.013405659083205783 -0.302772808444232
v -0.17187499999999975 0.017628097880803648 -0.3073807917992952
v -0.17187499999999975 0.011101667405674143 -0.3048840278430309
v -0.17187499999999975 0.015324106203272014 -0.30949201119809416
v -0.3281249999999998 0.013405659083205783 -0.302772808444232
v -0.3281249999999998 0.017628097880803648 -0.3073807917992952
v -0.3281249999999998 0.011101667405674143 -0.3048840278430309
v -0.3281249999999998 0.015324106203272014 -0.30949201119809416
vt 0.46875 0.40625
vt 0.4375 0.40625
vt 0.4375 0.375
vt 0.46875 0.375
vt 0.53125 0.375
vt 0.53125 0.40625
vt 0.5 0.40625
vt 0.5 0.375
vt 0.53125 0.625
vt 0.625 0.625
vt 0.625 0.65625
vt 0.53125 0.65625
vt 0.46875 0.4375
vt 0.46875 0.46875
vt 0.375 0.46875
vt 0.375 0.4375
vt 0.625 0.5625
vt 0.625 0.59375
vt 0.53125 0.59375
vt 0.53125 0.5625
vt 0.625 0.53125
vt 0.53125 0.53125
vt 0.53125 0.5
vt 0.625 0.5
vn 1 0 0
vn -1 0 0
vn 0 0.7372773368101242 0.6755902076156601
vn 0 -0.7372773368101242 -0.6755902076156601
vn 0 -0.6755902076156601 0.7372773368101242
vn 0 0.6755902076156601 -0.7372773368101242
usemtl m_ede1f5c5-55f8-8291-5e71-77e3daa0a758
f 2570/7305/1827 2569/7306/1827 2571/7307/1827 2572/7308/1827
f 2575/7309/1828 2573/7310/1828 2574/7311/1828 2576/7312/1828
f 2573/7313/1829 2569/7314/1829 2570/7315/1829 2574/7316/1829
f 2572/7317/1830 2571/7318/1830 2575/7319/1830 2576/7320/1830
f 2571/7321/1831 2569/7322/1831 2573/7323/1831 2575/7324/1831
f 2574/7325/1832 2570/7326/1832 2572/7327/1832 2576/7328/1832
o mesh
v -0.32187499999999974 0.01762809788080357 -0.3073807917992951
v -0.32187499999999974 0.07251980224957595 -0.3672845754151177
v -0.32187499999999974 0.015324106203271931 -0.30949201119809405
v -0.32187499999999974 0.07021581057204432 -0.3693957948139166
v -0.3281249999999998 0.01762809788080357 -0.3073807917992951
v -0.3281249999999998 0.07251980224957595 -0.3672845754151177
v -0.3281249999999998 0.015324106203271931 -0.30949201119809405
v -0.3281249999999998 0.07021581057204432 -0.3693957948139166
vt 0.625 0.46875
vt 0.59375 0.46875
vt 0.59375 0.4375
vt 0.625 0.4375
vt 0.59375 0.375
vt 0.59375 0.40625
vt 0.5625 0.40625
vt 0.5625 0.375
vt 0 0.34375
vt 0.03125 0.34375
vt 0.03125 0.375
vt 0 0.375
vt 0.09375 0.34375
vt 0.09375 0.375
vt 0.0625 0.375
vt 0.0625 0.34375
vt 0.65625 0.375
vt 0.65625 0.40625
vt 0.625 0.40625
vt 0.625 0.375
vt 0.6875 1
vt 0.65625 1
vt 0.65625 0.96875
vt 0.6875 0.96875
vn 1 0 0
vn -1 0 0
vn 0 0.7372773368101242 0.6755902076156601
vn 0 -0.7372773368101242 -0.6755902076156601
vn 0 -0.6755902076156601 0.7372773368101242
vn 0 0.6755902076156601 -0.7372773368101242
usemtl m_ede1f5c5-55f8-8291-5e71-77e3daa0a758
f 2578/7329/1833 2577/7330/1833 2579/7331/1833 2580/7332/1833
f 2583/7333/1834 2581/7334/1834 2582/7335/1834 2584/7336/1834
f 2581/7337/1835 2577/7338/1835 2578/7339/1835 2582/7340/1835
f 2580/7341/1836 2579/7342/1836 2583/7343/1836 2584/7344/1836
f 2579/7345/1837 2577/7346/1837 2581/7347/1837 2583/7348/1837
f 2582/7349/1838 2578/7350/1838 2580/7351/1838 2584/7352/1838
o mesh
v -0.17187500000000006 0.01762809788080357 -0.3073807917992951
v -0.17187500000000006 0.07251980224957595 -0.3672845754151177
v -0.17187500000000006 0.015324106203271931 -0.30949201119809405
v -0.17187500000000006 0.07021581057204432 -0.3693957948139166
v -0.17812500000000006 0.01762809788080357 -0.3073807917992951
v -0.17812500000000006 0.07251980224957595 -0.3672845754151177
v -0.17812500000000006 0.015324106203271931 -0.30949201119809405
v -0.17812500000000006 0.07021581057204432 -0.3693957948139166
vt 0.6875 0.9375
vt 0.65625 0.9375
vt 0.65625 0.90625
vt 0.6875 0.90625
vt 0.15625 0.3125
vt 0.15625 0.34375
vt 0.125 0.34375
vt 0.125 0.3125
vt 0.65625 0.84375
vt 0.6875 0.84375
vt 0.6875 0.875
vt 0.65625 0.875
vt 0.21875 0.3125
vt 0.21875 0.34375
vt 0.1875 0.34375
vt 0.1875 0.3125
vt 0.6875 0.78125
vt 0.6875 0.8125
vt 0.65625 0.8125
vt 0.65625 0.78125
vt 0.28125 0.34375
vt 0.25 0.34375
vt 0.25 0.3125
vt 0.28125 0.3125
vn 1 0 0
vn -1 0 0
vn 0 0.7372773368101242 0.6755902076156601
vn 0 -0.7372773368101242 -0.6755902076156601
vn 0 -0.6755902076156601 0.7372773368101242
vn 0 0.6755902076156601 -0.7372773368101242
usemtl m_ede1f5c5-55f8-8291-5e71-77e3daa0a758
f 2586/7353/1839 2585/7354/1839 2587/7355/1839 2588/7356/1839
f 2591/7357/1840 2589/7358/1840 2590/7359/1840 2592/7360/1840
f 2589/7361/1841 2585/7362/1841 2586/7363/1841 2590/7364/1841
f 2588/7365/1842 2587/7366/1842 2591/7367/1842 2592/7368/1842
f 2587/7369/1843 2585/7370/1843 2589/7371/1843 2591/7372/1843
f 2590/7373/1844 2586/7374/1844 2588/7375/1844 2592/7376/1844
o mesh
v -0.24374999999999974 0.04062045955083649 -0.3368782217307093
v -0.24374999999999974 0.04089308072186984 -0.3431222731155959
v -0.24374999999999974 -0.0015268872971481266 -0.33871841463518443
v -0.24374999999999974 -0.0012542661261147788 -0.344962466020071
v -0.25624999999999976 0.04062045955083649 -0.3368782217307093
v -0.25624999999999976 0.04089308072186984 -0.3431222731155959
v -0.25624999999999976 -0.0015268872971481266 -0.33871841463518443
v -0.25624999999999976 -0.0012542661261147788 -0.344962466020071
vt 0.6875 0.75
vt 0.65625 0.75
vt 0.65625 0.71875
vt 0.6875 0.71875
vt 0.34375 0.3125
vt 0.34375 0.34375
vt 0.3125 0.34375
vt 0.3125 0.3125
vt 0.65625 0.65625
vt 0.6875 0.65625
vt 0.6875 0.6875
vt 0.65625 0.6875
vt 0.40625 0.3125
vt 0.40625 0.34375
vt 0.375 0.34375
vt 0.375 0.3125
vt 0.6875 0.59375
vt 0.6875 0.625
vt 0.65625 0.625
vt 0.65625 0.59375
vt 0.46875 0.34375
vt 0.4375 0.34375
vt 0.4375 0.3125
vt 0.46875 0.3125
vn 1 0 0
vn -1 0 0
vn 0 0.9990482215818579 0.04361938736533588
vn 0 -0.9990482215818579 -0.04361938736533588
vn 0 -0.04361938736533588 0.9990482215818579
vn 0 0.04361938736533588 -0.9990482215818579
usemtl m_ede1f5c5-55f8-8291-5e71-77e3daa0a758
f 2594/7377/1845 2593/7378/1845 2595/7379/1845 2596/7380/1845
f 2599/7381/1846 2597/7382/1846 2598/7383/1846 2600/7384/1846
f 2597/7385/1847 2593/7386/1847 2594/7387/1847 2598/7388/1847
f 2596/7389/1848 2595/7390/1848 2599/7391/1848 2600/7392/1848
f 2595/7393/1849 2593/7394/1849 2597/7395/1849 2599/7396/1849
f 2598/7397/1850 2594/7398/1850 2596/7399/1850 2600/7400/1850
o plane
v -0.17812499999999976 0.016476102042037772 -0.3084364014986946
v -0.17812499999999976 0.07136780641081016 -0.3683401851145172
v -0.32187499999999974 0.016476102042037772 -0.3084364014986946
v -0.32187499999999974 0.07136780641081016 -0.3683401851145172
vt 0.3125 0.34375
vt 0.3125 0.40625
vt 0.21875 0.40625
vt 0.21875 0.34375
vn 0 0.7372773368101242 0.6755902076156601
usemtl m_ede1f5c5-55f8-8291-5e71-77e3daa0a758
f 2601/7401/1851 2602/7402/1851 2604/7403/1851 2603/7404/1851
o mesh
v -0.015624999999999778 0.011101667405674084 -0.3048840278430308
v -0.015624999999999778 0.07443824936964222 -0.37400377816897995
v -0.015624999999999778 0.008797675728142447 -0.30699524724182975
v -0.015624999999999778 0.07213425769211057 -0.3761149975677789
v -0.17187499999999978 0.011101667405674084 -0.3048840278430308
v -0.17187499999999978 0.07443824936964222 -0.37400377816897995
v -0.17187499999999978 0.008797675728142447 -0.30699524724182975
v -0.17187499999999978 0.07213425769211057 -0.3761149975677789
vt 0.5625 0.46875
vt 0.5 0.46875
vt 0.5 0.4375
vt 0.5625 0.4375
vt 0.1875 0.375
vt 0.1875 0.40625
vt 0.125 0.40625
vt 0.125 0.375
vt 0 0.40625
vt 0.09375 0.40625
vt 0.09375 0.46875
vt 0 0.46875
vt 0.625 0.9375
vt 0.625 1
vt 0.53125 1
vt 0.53125 0.9375
vt 0.625 0.875
vt 0.625 0.90625
vt 0.53125 0.90625
vt 0.53125 0.875
vt 0.21875 0.46875
vt 0.125 0.46875
vt 0.125 0.4375
vt 0.21875 0.4375
vn 1 0 0
vn -1 0 0
vn 0 0.7372773368101242 0.6755902076156601
vn 0 -0.7372773368101242 -0.6755902076156601
vn 0 -0.6755902076156601 0.7372773368101242
vn 0 0.6755902076156601 -0.7372773368101242
usemtl m_ede1f5c5-55f8-8291-5e71-77e3daa0a758
f 2606/7405/1852 2605/7406/1852 2607/7407/1852 2608/7408/1852
f 2611/7409/1853 2609/7410/1853 2610/7411/1853 2612/7412/1853
f 2609/7413/1854 2605/7414/1854 2606/7415/1854 2610/7416/1854
f 2608/7417/1855 2607/7418/1855 2611/7419/1855 2612/7420/1855
f 2607/7421/1856 2605/7422/1856 2609/7423/1856 2611/7424/1856
f 2610/7425/1857 2606/7426/1857 2608/7427/1857 2612/7428/1857
o mesh
v -0.015624999999999778 0.072519802249576 -0.3672845754151178
v -0.015624999999999778 0.07674224104717385 -0.371892558770181
v -0.015624999999999778 0.07021581057204435 -0.3693957948139167
v -0.015624999999999778 0.07443824936964222 -0.37400377816897995
v -0.17187499999999978 0.072519802249576 -0.3672845754151178
v -0.17187499999999978 0.07674224104717385 -0.371892558770181
v -0.17187499999999978 0.07021581057204435 -0.3693957948139167
v -0.17187499999999978 0.07443824936964222 -0.37400377816897995
vt 0.34375 0.40625
vt 0.3125 0.40625
vt 0.3125 0.375
vt 0.34375 0.375
vt 0.40625 0.375
vt 0.40625 0.40625
vt 0.375 0.40625
vt 0.375 0.375
vt 0.53125 0.8125
vt 0.625 0.8125
vt 0.625 0.84375
vt 0.53125 0.84375
vt 0.625 0.75
vt 0.625 0.78125
vt 0.53125 0.78125
vt 0.53125 0.75
vt 0.34375 0.4375
vt 0.34375 0.46875
vt 0.25 0.46875
vt 0.25 0.4375
vt 0.625 0.71875
vt 0.53125 0.71875
vt 0.53125 0.6875
vt 0.625 0.6875
vn 1 0 0
vn -1 0 0
vn 0 0.7372773368101242 0.6755902076156601
vn 0 -0.7372773368101242 -0.6755902076156601
vn 0 -0.6755902076156601 0.7372773368101242
vn 0 0.6755902076156601 -0.7372773368101242
usemtl m_ede1f5c5-55f8-8291-5e71-77e3daa0a758
f 2614/7429/1858 2613/7430/1858 2615/7431/1858 2616/7432/1858
f 2619/7433/1859 2617/7434/1859 2618/7435/1859 2620/7436/1859
f 2617/7437/1860 2613/7438/1860 2614/7439/1860 2618/7440/1860
f 2616/7441/1861 2615/7442/1861 2619/7443/1861 2620/7444/1861
f 2615/7445/1862 2613/7446/1862 2617/7447/1862 2619/7448/1862
f 2618/7449/1863 2614/7450/1863 2616/7451/1863 2620/7452/1863
o mesh
v -0.015624999999999778 0.013405659083205783 -0.302772808444232
v -0.015624999999999778 0.017628097880803648 -0.3073807917992952
v -0.015624999999999778 0.011101667405674143 -0.3048840278430309
v -0.015624999999999778 0.015324106203272014 -0.30949201119809416
v -0.17187499999999978 0.013405659083205783 -0.302772808444232
v -0.17187499999999978 0.017628097880803648 -0.3073807917992952
v -0.17187499999999978 0.011101667405674143 -0.3048840278430309
v -0.17187499999999978 0.015324106203272014 -0.30949201119809416
vt 0.46875 0.40625
vt 0.4375 0.40625
vt 0.4375 0.375
vt 0.46875 0.375
vt 0.53125 0.375
vt 0.53125 0.40625
vt 0.5 0.40625
vt 0.5 0.375
vt 0.53125 0.625
vt 0.625 0.625
vt 0.625 0.65625
vt 0.53125 0.65625
vt 0.46875 0.4375
vt 0.46875 0.46875
vt 0.375 0.46875
vt 0.375 0.4375
vt 0.625 0.5625
vt 0.625 0.59375
vt 0.53125 0.59375
vt 0.53125 0.5625
vt 0.625 0.53125
vt 0.53125 0.53125
vt 0.53125 0.5
vt 0.625 0.5
vn 1 0 0
vn -1 0 0
vn 0 0.7372773368101242 0.6755902076156601
vn 0 -0.7372773368101242 -0.6755902076156601
vn 0 -0.6755902076156601 0.7372773368101242
vn 0 0.6755902076156601 -0.7372773368101242
usemtl m_ede1f5c5-55f8-8291-5e71-77e3daa0a758
f 2622/7453/1864 2621/7454/1864 2623/7455/1864 2624/7456/1864
f 2627/7457/1865 2625/7458/1865 2626/7459/1865 2628/7460/1865
f 2625/7461/1866 2621/7462/1866 2622/7463/1866 2626/7464/1866
f 2624/7465/1867 2623/7466/1867 2627/7467/1867 2628/7468/1867
f 2623/7469/1868 2621/7470/1868 2625/7471/1868 2627/7472/1868
f 2626/7473/1869 2622/7474/1869 2624/7475/1869 2628/7476/1869
o mesh
v -0.1656249999999998 0.01762809788080357 -0.3073807917992951
v -0.1656249999999998 0.07251980224957595 -0.3672845754151177
v -0.1656249999999998 0.015324106203271931 -0.30949201119809405
v -0.1656249999999998 0.07021581057204432 -0.3693957948139166
v -0.17187499999999978 0.01762809788080357 -0.3073807917992951
v -0.17187499999999978 0.07251980224957595 -0.3672845754151177
v -0.17187499999999978 0.015324106203271931 -0.30949201119809405
v -0.17187499999999978 0.07021581057204432 -0.3693957948139166
vt 0.625 0.46875
vt 0.59375 0.46875
vt 0.59375 0.4375
vt 0.625 0.4375
vt 0.59375 0.375
vt 0.59375 0.40625
vt 0.5625 0.40625
vt 0.5625 0.375
vt 0 0.34375
vt 0.03125 0.34375
vt 0.03125 0.375
vt 0 0.375
vt 0.09375 0.34375
vt 0.09375 0.375
vt 0.0625 0.375
vt 0.0625 0.34375
vt 0.65625 0.375
vt 0.65625 0.40625
vt 0.625 0.40625
vt 0.625 0.375
vt 0.6875 1
vt 0.65625 1
vt 0.65625 0.96875
vt 0.6875 0.96875
vn 1 0 0
vn -1 0 0
vn 0 0.7372773368101242 0.6755902076156601
vn 0 -0.7372773368101242 -0.6755902076156601
vn 0 -0.6755902076156601 0.7372773368101242
vn 0 0.6755902076156601 -0.7372773368101242
usemtl m_ede1f5c5-55f8-8291-5e71-77e3daa0a758
f 2630/7477/1870 2629/7478/1870 2631/7479/1870 2632/7480/1870
f 2635/7481/1871 2633/7482/1871 2634/7483/1871 2636/7484/1871
f 2633/7485/1872 2629/7486/1872 2630/7487/1872 2634/7488/1872
f 2632/7489/1873 2631/7490/1873 2635/7491/1873 2636/7492/1873
f 2631/7493/1874 2629/7494/1874 2633/7495/1874 2635/7496/1874
f 2634/7497/1875 2630/7498/1875 2632/7499/1875 2636/7500/1875
o mesh
v -0.015625000000000097 0.01762809788080357 -0.3073807917992951
v -0.015625000000000097 0.07251980224957595 -0.3672845754151177
v -0.015625000000000097 0.015324106203271931 -0.30949201119809405
v -0.015625000000000097 0.07021581057204432 -0.3693957948139166
v -0.02187500000000009 0.01762809788080357 -0.3073807917992951
v -0.02187500000000009 0.07251980224957595 -0.3672845754151177
v -0.02187500000000009 0.015324106203271931 -0.30949201119809405
v -0.02187500000000009 0.07021581057204432 -0.3693957948139166
vt 0.6875 0.9375
vt 0.65625 0.9375
vt 0.65625 0.90625
vt 0.6875 0.90625
vt 0.15625 0.3125
vt 0.15625 0.34375
vt 0.125 0.34375
vt 0.125 0.3125
vt 0.65625 0.84375
vt 0.6875 0.84375
vt 0.6875 0.875
vt 0.65625 0.875
vt 0.21875 0.3125
vt 0.21875 0.34375
vt 0.1875 0.34375
vt 0.1875 0.3125
vt 0.6875 0.78125
vt 0.6875 0.8125
vt 0.65625 0.8125
vt 0.65625 0.78125
vt 0.28125 0.34375
vt 0.25 0.34375
vt 0.25 0.3125
vt 0.28125 0.3125
vn 1 0 0
vn -1 0 0
vn 0 0.7372773368101242 0.6755902076156601
vn 0 -0.7372773368101242 -0.6755902076156601
vn 0 -0.6755902076156601 0.7372773368101242
vn 0 0.6755902076156601 -0.7372773368101242
usemtl m_ede1f5c5-55f8-8291-5e71-77e3daa0a758
f 2638/7501/1876 2637/7502/1876 2639/7503/1876 2640/7504/1876
f 2643/7505/1877 2641/7506/1877 2642/7507/1877 2644/7508/1877
f 2641/7509/1878 2637/7510/1878 2638/7511/1878 2642/7512/1878
f 2640/7513/1879 2639/7514/1879 2643/7515/1879 2644/7516/1879
f 2639/7517/1880 2637/7518/1880 2641/7519/1880 2643/7520/1880
f 2642/7521/1881 2638/7522/1881 2640/7523/1881 2644/7524/1881
o mesh
v -0.08749999999999977 0.04062045955083649 -0.3368782217307093
v -0.08749999999999977 0.04089308072186984 -0.3431222731155959
v -0.08749999999999977 -0.0015268872971481266 -0.33871841463518443
v -0.08749999999999977 -0.0012542661261147788 -0.344962466020071
v -0.09999999999999978 0.04062045955083649 -0.3368782217307093
v -0.09999999999999978 0.04089308072186984 -0.3431222731155959
v -0.09999999999999978 -0.0015268872971481266 -0.33871841463518443
v -0.09999999999999978 -0.0012542661261147788 -0.344962466020071
vt 0.6875 0.75
vt 0.65625 0.75
vt 0.65625 0.71875
vt 0.6875 0.71875
vt 0.34375 0.3125
vt 0.34375 0.34375
vt 0.3125 0.34375
vt 0.3125 0.3125
vt 0.65625 0.65625
vt 0.6875 0.65625
vt 0.6875 0.6875
vt 0.65625 0.6875
vt 0.40625 0.3125
vt 0.40625 0.34375
vt 0.375 0.34375
vt 0.375 0.3125
vt 0.6875 0.59375
vt 0.6875 0.625
vt 0.65625 0.625
vt 0.65625 0.59375
vt 0.46875 0.34375
vt 0.4375 0.34375
vt 0.4375 0.3125
vt 0.46875 0.3125
vn 1 0 0
vn -1 0 0
vn 0 0.9990482215818579 0.04361938736533588
vn 0 -0.9990482215818579 -0.04361938736533588
vn 0 -0.04361938736533588 0.9990482215818579
vn 0 0.04361938736533588 -0.9990482215818579
usemtl m_ede1f5c5-55f8-8291-5e71-77e3daa0a758
f 2646/7525/1882 2645/7526/1882 2647/7527/1882 2648/7528/1882
f 2651/7529/1883 2649/7530/1883 2650/7531/1883 2652/7532/1883
f 2649/7533/1884 2645/7534/1884 2646/7535/1884 2650/7536/1884
f 2648/7537/1885 2647/7538/1885 2651/7539/1885 2652/7540/1885
f 2647/7541/1886 2645/7542/1886 2649/7543/1886 2651/7544/1886
f 2650/7545/1887 2646/7546/1887 2648/7547/1887 2652/7548/1887
o plane
v -0.021874999999999784 0.016476102042037772 -0.3084364014986946
v -0.021874999999999784 0.07136780641081016 -0.3683401851145172
v -0.16562499999999977 0.016476102042037772 -0.3084364014986946
v -0.16562499999999977 0.07136780641081016 -0.3683401851145172
vt 0.3125 0.34375
vt 0.3125 0.40625
vt 0.21875 0.40625
vt 0.21875 0.34375
vn 0 0.7372773368101242 0.6755902076156601
usemtl m_ede1f5c5-55f8-8291-5e71-77e3daa0a758
f 2653/7549/1888 2654/7550/1888 2656/7551/1888 2655/7552/1888
o mesh
v 0.14062500000000022 0.011101667405674084 -0.3048840278430308
v 0.14062500000000022 0.07443824936964222 -0.37400377816897995
v 0.14062500000000022 0.008797675728142447 -0.30699524724182975
v 0.14062500000000022 0.07213425769211057 -0.3761149975677789
v -0.015624999999999778 0.011101667405674084 -0.3048840278430308
v -0.015624999999999778 0.07443824936964222 -0.37400377816897995
v -0.015624999999999778 0.008797675728142447 -0.30699524724182975
v -0.015624999999999778 0.07213425769211057 -0.3761149975677789
vt 0.5625 0.46875
vt 0.5 0.46875
vt 0.5 0.4375
vt 0.5625 0.4375
vt 0.1875 0.375
vt 0.1875 0.40625
vt 0.125 0.40625
vt 0.125 0.375
vt 0 0.40625
vt 0.09375 0.40625
vt 0.09375 0.46875
vt 0 0.46875
vt 0.625 0.9375
vt 0.625 1
vt 0.53125 1
vt 0.53125 0.9375
vt 0.625 0.875
vt 0.625 0.90625
vt 0.53125 0.90625
vt 0.53125 0.875
vt 0.21875 0.46875
vt 0.125 0.46875
vt 0.125 0.4375
vt 0.21875 0.4375
vn 1 0 0
vn -1 0 0
vn 0 0.7372773368101242 0.6755902076156601
vn 0 -0.7372773368101242 -0.6755902076156601
vn 0 -0.6755902076156601 0.7372773368101242
vn 0 0.6755902076156601 -0.7372773368101242
usemtl m_ede1f5c5-55f8-8291-5e71-77e3daa0a758
f 2658/7553/1889 2657/7554/1889 2659/7555/1889 2660/7556/1889
f 2663/7557/1890 2661/7558/1890 2662/7559/1890 2664/7560/1890
f 2661/7561/1891 2657/7562/1891 2658/7563/1891 2662/7564/1891
f 2660/7565/1892 2659/7566/1892 2663/7567/1892 2664/7568/1892
f 2659/7569/1893 2657/7570/1893 2661/7571/1893 2663/7572/1893
f 2662/7573/1894 2658/7574/1894 2660/7575/1894 2664/7576/1894
o mesh
v 0.14062500000000022 0.072519802249576 -0.3672845754151178
v 0.14062500000000022 0.07674224104717385 -0.371892558770181
v 0.14062500000000022 0.07021581057204435 -0.3693957948139167
v 0.14062500000000022 0.07443824936964222 -0.37400377816897995
v -0.015624999999999778 0.072519802249576 -0.3672845754151178
v -0.015624999999999778 0.07674224104717385 -0.371892558770181
v -0.015624999999999778 0.07021581057204435 -0.3693957948139167
v -0.015624999999999778 0.07443824936964222 -0.37400377816897995
vt 0.34375 0.40625
vt 0.3125 0.40625
vt 0.3125 0.375
vt 0.34375 0.375
vt 0.40625 0.375
vt 0.40625 0.40625
vt 0.375 0.40625
vt 0.375 0.375
vt 0.53125 0.8125
vt 0.625 0.8125
vt 0.625 0.84375
vt 0.53125 0.84375
vt 0.625 0.75
vt 0.625 0.78125
vt 0.53125 0.78125
vt 0.53125 0.75
vt 0.34375 0.4375
vt 0.34375 0.46875
vt 0.25 0.46875
vt 0.25 0.4375
vt 0.625 0.71875
vt 0.53125 0.71875
vt 0.53125 0.6875
vt 0.625 0.6875
vn 1 0 0
vn -1 0 0
vn 0 0.7372773368101242 0.6755902076156601
vn 0 -0.7372773368101242 -0.6755902076156601
vn 0 -0.6755902076156601 0.7372773368101242
vn 0 0.6755902076156601 -0.7372773368101242
usemtl m_ede1f5c5-55f8-8291-5e71-77e3daa0a758
f 2666/7577/1895 2665/7578/1895 2667/7579/1895 2668/7580/1895
f 2671/7581/1896 2669/7582/1896 2670/7583/1896 2672/7584/1896
f 2669/7585/1897 2665/7586/1897 2666/7587/1897 2670/7588/1897
f 2668/7589/1898 2667/7590/1898 2671/7591/1898 2672/7592/1898
f 2667/7593/1899 2665/7594/1899 2669/7595/1899 2671/7596/1899
f 2670/7597/1900 2666/7598/1900 2668/7599/1900 2672/7600/1900
o mesh
v 0.14062500000000022 0.013405659083205783 -0.302772808444232
v 0.14062500000000022 0.017628097880803648 -0.3073807917992952
v 0.14062500000000022 0.011101667405674143 -0.3048840278430309
v 0.14062500000000022 0.015324106203272014 -0.30949201119809416
v -0.015624999999999778 0.013405659083205783 -0.302772808444232
v -0.015624999999999778 0.017628097880803648 -0.3073807917992952
v -0.015624999999999778 0.011101667405674143 -0.3048840278430309
v -0.015624999999999778 0.015324106203272014 -0.30949201119809416
vt 0.46875 0.40625
vt 0.4375 0.40625
vt 0.4375 0.375
vt 0.46875 0.375
vt 0.53125 0.375
vt 0.53125 0.40625
vt 0.5 0.40625
vt 0.5 0.375
vt 0.53125 0.625
vt 0.625 0.625
vt 0.625 0.65625
vt 0.53125 0.65625
vt 0.46875 0.4375
vt 0.46875 0.46875
vt 0.375 0.46875
vt 0.375 0.4375
vt 0.625 0.5625
vt 0.625 0.59375
vt 0.53125 0.59375
vt 0.53125 0.5625
vt 0.625 0.53125
vt 0.53125 0.53125
vt 0.53125 0.5
vt 0.625 0.5
vn 1 0 0
vn -1 0 0
vn 0 0.7372773368101242 0.6755902076156601
vn 0 -0.7372773368101242 -0.6755902076156601
vn 0 -0.6755902076156601 0.7372773368101242
vn 0 0.6755902076156601 -0.7372773368101242
usemtl m_ede1f5c5-55f8-8291-5e71-77e3daa0a758
f 2674/7601/1901 2673/7602/1901 2675/7603/1901 2676/7604/1901
f 2679/7605/1902 2677/7606/1902 2678/7607/1902 2680/7608/1902
f 2677/7609/1903 2673/7610/1903 2674/7611/1903 2678/7612/1903
f 2676/7613/1904 2675/7614/1904 2679/7615/1904 2680/7616/1904
f 2675/7617/1905 2673/7618/1905 2677/7619/1905 2679/7620/1905
f 2678/7621/1906 2674/7622/1906 2676/7623/1906 2680/7624/1906
o mesh
v -0.009374999999999786 0.01762809788080357 -0.3073807917992951
v -0.009374999999999786 0.07251980224957595 -0.3672845754151177
v -0.009374999999999786 0.015324106203271931 -0.30949201119809405
v -0.009374999999999786 0.07021581057204432 -0.3693957948139166
v -0.015624999999999778 0.01762809788080357 -0.3073807917992951
v -0.015624999999999778 0.07251980224957595 -0.3672845754151177
v -0.015624999999999778 0.015324106203271931 -0.30949201119809405
v -0.015624999999999778 0.07021581057204432 -0.3693957948139166
vt 0.625 0.46875
vt 0.59375 0.46875
vt 0.59375 0.4375
vt 0.625 0.4375
vt 0.59375 0.375
vt 0.59375 0.40625
vt 0.5625 0.40625
vt 0.5625 0.375
vt 0 0.34375
vt 0.03125 0.34375
vt 0.03125 0.375
vt 0 0.375
vt 0.09375 0.34375
vt 0.09375 0.375
vt 0.0625 0.375
vt 0.0625 0.34375
vt 0.65625 0.375
vt 0.65625 0.40625
vt 0.625 0.40625
vt 0.625 0.375
vt 0.6875 1
vt 0.65625 1
vt 0.65625 0.96875
vt 0.6875 0.96875
vn 1 0 0
vn -1 0 0
vn 0 0.7372773368101242 0.6755902076156601
vn 0 -0.7372773368101242 -0.6755902076156601
vn 0 -0.6755902076156601 0.7372773368101242
vn 0 0.6755902076156601 -0.7372773368101242
usemtl m_ede1f5c5-55f8-8291-5e71-77e3daa0a758
f 2682/7625/1907 2681/7626/1907 2683/7627/1907 2684/7628/1907
f 2687/7629/1908 2685/7630/1908 2686/7631/1908 2688/7632/1908
f 2685/7633/1909 2681/7634/1909 2682/7635/1909 2686/7636/1909
f 2684/7637/1910 2683/7638/1910 2687/7639/1910 2688/7640/1910
f 2683/7641/1911 2681/7642/1911 2685/7643/1911 2687/7644/1911
f 2686/7645/1912 2682/7646/1912 2684/7647/1912 2688/7648/1912
o mesh
v 0.1406249999999999 0.01762809788080357 -0.3073807917992951
v 0.1406249999999999 0.07251980224957595 -0.3672845754151177
v 0.1406249999999999 0.015324106203271931 -0.30949201119809405
v 0.1406249999999999 0.07021581057204432 -0.3693957948139166
v 0.1343749999999999 0.01762809788080357 -0.3073807917992951
v 0.1343749999999999 0.07251980224957595 -0.3672845754151177
v 0.1343749999999999 0.015324106203271931 -0.30949201119809405
v 0.1343749999999999 0.07021581057204432 -0.3693957948139166
vt 0.6875 0.9375
vt 0.65625 0.9375
vt 0.65625 0.90625
vt 0.6875 0.90625
vt 0.15625 0.3125
vt 0.15625 0.34375
vt 0.125 0.34375
vt 0.125 0.3125
vt 0.65625 0.84375
vt 0.6875 0.84375
vt 0.6875 0.875
vt 0.65625 0.875
vt 0.21875 0.3125
vt 0.21875 0.34375
vt 0.1875 0.34375
vt 0.1875 0.3125
vt 0.6875 0.78125
vt 0.6875 0.8125
vt 0.65625 0.8125
vt 0.65625 0.78125
vt 0.28125 0.34375
vt 0.25 0.34375
vt 0.25 0.3125
vt 0.28125 0.3125
vn 1 0 0
vn -1 0 0
vn 0 0.7372773368101242 0.6755902076156601
vn 0 -0.7372773368101242 -0.6755902076156601
vn 0 -0.6755902076156601 0.7372773368101242
vn 0 0.6755902076156601 -0.7372773368101242
usemtl m_ede1f5c5-55f8-8291-5e71-77e3daa0a758
f 2690/7649/1913 2689/7650/1913 2691/7651/1913 2692/7652/1913
f 2695/7653/1914 2693/7654/1914 2694/7655/1914 2696/7656/1914
f 2693/7657/1915 2689/7658/1915 2690/7659/1915 2694/7660/1915
f 2692/7661/1916 2691/7662/1916 2695/7663/1916 2696/7664/1916
f 2691/7665/1917 2689/7666/1917 2693/7667/1917 2695/7668/1917
f 2694/7669/1918 2690/7670/1918 2692/7671/1918 2696/7672/1918
o mesh
v 0.06875000000000023 0.04062045955083649 -0.3368782217307093
v 0.06875000000000023 0.04089308072186984 -0.3431222731155959
v 0.06875000000000023 -0.0015268872971481266 -0.33871841463518443
v 0.06875000000000023 -0.0012542661261147788 -0.344962466020071
v 0.05625000000000022 0.04062045955083649 -0.3368782217307093
v 0.05625000000000022 0.04089308072186984 -0.3431222731155959
v 0.05625000000000022 -0.0015268872971481266 -0.33871841463518443
v 0.05625000000000022 -0.0012542661261147788 -0.344962466020071
vt 0.6875 0.75
vt 0.65625 0.75
vt 0.65625 0.71875
vt 0.6875 0.71875
vt 0.34375 0.3125
vt 0.34375 0.34375
vt 0.3125 0.34375
vt 0.3125 0.3125
vt 0.65625 0.65625
vt 0.6875 0.65625
vt 0.6875 0.6875
vt 0.65625 0.6875
vt 0.40625 0.3125
vt 0.40625 0.34375
vt 0.375 0.34375
vt 0.375 0.3125
vt 0.6875 0.59375
vt 0.6875 0.625
vt 0.65625 0.625
vt 0.65625 0.59375
vt 0.46875 0.34375
vt 0.4375 0.34375
vt 0.4375 0.3125
vt 0.46875 0.3125
vn 1 0 0
vn -1 0 0
vn 0 0.9990482215818579 0.04361938736533588
vn 0 -0.9990482215818579 -0.04361938736533588
vn 0 -0.04361938736533588 0.9990482215818579
vn 0 0.04361938736533588 -0.9990482215818579
usemtl m_ede1f5c5-55f8-8291-5e71-77e3daa0a758
f 2698/7673/1919 2697/7674/1919 2699/7675/1919 2700/7676/1919
f 2703/7677/1920 2701/7678/1920 2702/7679/1920 2704/7680/1920
f 2701/7681/1921 2697/7682/1921 2698/7683/1921 2702/7684/1921
f 2700/7685/1922 2699/7686/1922 2703/7687/1922 2704/7688/1922
f 2699/7689/1923 2697/7690/1923 2701/7691/1923 2703/7692/1923
f 2702/7693/1924 2698/7694/1924 2700/7695/1924 2704/7696/1924
o plane
v 0.13437500000000022 0.016476102042037772 -0.3084364014986946
v 0.13437500000000022 0.07136780641081016 -0.3683401851145172
v -0.009374999999999772 0.016476102042037772 -0.3084364014986946
v -0.009374999999999772 0.07136780641081016 -0.3683401851145172
vt 0.3125 0.34375
vt 0.3125 0.40625
vt 0.21875 0.40625
vt 0.21875 0.34375
vn 0 0.7372773368101242 0.6755902076156601
usemtl m_ede1f5c5-55f8-8291-5e71-77e3daa0a758
f 2705/7697/1925 2706/7698/1925 2708/7699/1925 2707/7700/1925
o mesh
v 0.2968750000000002 0.011101667405674084 -0.3048840278430308
v 0.2968750000000002 0.07443824936964222 -0.37400377816897995
v 0.2968750000000002 0.008797675728142447 -0.30699524724182975
v 0.2968750000000002 0.07213425769211057 -0.3761149975677789
v 0.14062500000000022 0.011101667405674084 -0.3048840278430308
v 0.14062500000000022 0.07443824936964222 -0.37400377816897995
v 0.14062500000000022 0.008797675728142447 -0.30699524724182975
v 0.14062500000000022 0.07213425769211057 -0.3761149975677789
vt 0.5625 0.46875
vt 0.5 0.46875
vt 0.5 0.4375
vt 0.5625 0.4375
vt 0.1875 0.375
vt 0.1875 0.40625
vt 0.125 0.40625
vt 0.125 0.375
vt 0 0.40625
vt 0.09375 0.40625
vt 0.09375 0.46875
vt 0 0.46875
vt 0.625 0.9375
vt 0.625 1
vt 0.53125 1
vt 0.53125 0.9375
vt 0.625 0.875
vt 0.625 0.90625
vt 0.53125 0.90625
vt 0.53125 0.875
vt 0.21875 0.46875
vt 0.125 0.46875
vt 0.125 0.4375
vt 0.21875 0.4375
vn 1 0 0
vn -1 0 0
vn 0 0.7372773368101242 0.6755902076156601
vn 0 -0.7372773368101242 -0.6755902076156601
vn 0 -0.6755902076156601 0.7372773368101242
vn 0 0.6755902076156601 -0.7372773368101242
usemtl m_ede1f5c5-55f8-8291-5e71-77e3daa0a758
f 2710/7701/1926 2709/7702/1926 2711/7703/1926 2712/7704/1926
f 2715/7705/1927 2713/7706/1927 2714/7707/1927 2716/7708/1927
f 2713/7709/1928 2709/7710/1928 2710/7711/1928 2714/7712/1928
f 2712/7713/1929 2711/7714/1929 2715/7715/1929 2716/7716/1929
f 2711/7717/1930 2709/7718/1930 2713/7719/1930 2715/7720/1930
f 2714/7721/1931 2710/7722/1931 2712/7723/1931 2716/7724/1931
o mesh
v 0.2968750000000002 0.072519802249576 -0.3672845754151178
v 0.2968750000000002 0.07674224104717385 -0.371892558770181
v 0.2968750000000002 0.07021581057204435 -0.3693957948139167
v 0.2968750000000002 0.07443824936964222 -0.37400377816897995
v 0.14062500000000022 0.072519802249576 -0.3672845754151178
v 0.14062500000000022 0.07674224104717385 -0.371892558770181
v 0.14062500000000022 0.07021581057204435 -0.3693957948139167
v 0.14062500000000022 0.07443824936964222 -0.37400377816897995
vt 0.34375 0.40625
vt 0.3125 0.40625
vt 0.3125 0.375
vt 0.34375 0.375
vt 0.40625 0.375
vt 0.40625 0.40625
vt 0.375 0.40625
vt 0.375 0.375
vt 0.53125 0.8125
vt 0.625 0.8125
vt 0.625 0.84375
vt 0.53125 0.84375
vt 0.625 0.75
vt 0.625 0.78125
vt 0.53125 0.78125
vt 0.53125 0.75
vt 0.34375 0.4375
vt 0.34375 0.46875
vt 0.25 0.46875
vt 0.25 0.4375
vt 0.625 0.71875
vt 0.53125 0.71875
vt 0.53125 0.6875
vt 0.625 0.6875
vn 1 0 0
vn -1 0 0
vn 0 0.7372773368101242 0.6755902076156601
vn 0 -0.7372773368101242 -0.6755902076156601
vn 0 -0.6755902076156601 0.7372773368101242
vn 0 0.6755902076156601 -0.7372773368101242
usemtl m_ede1f5c5-55f8-8291-5e71-77e3daa0a758
f 2718/7725/1932 2717/7726/1932 2719/7727/1932 2720/7728/1932
f 2723/7729/1933 2721/7730/1933 2722/7731/1933 2724/7732/1933
f 2721/7733/1934 2717/7734/1934 2718/7735/1934 2722/7736/1934
f 2720/7737/1935 2719/7738/1935 2723/7739/1935 2724/7740/1935
f 2719/7741/1936 2717/7742/1936 2721/7743/1936 2723/7744/1936
f 2722/7745/1937 2718/7746/1937 2720/7747/1937 2724/7748/1937
o mesh
v 0.2968750000000002 0.013405659083205783 -0.302772808444232
v 0.2968750000000002 0.017628097880803648 -0.3073807917992952
v 0.2968750000000002 0.011101667405674143 -0.3048840278430309
v 0.2968750000000002 0.015324106203272014 -0.30949201119809416
v 0.14062500000000022 0.013405659083205783 -0.302772808444232
v 0.14062500000000022 0.017628097880803648 -0.3073807917992952
v 0.14062500000000022 0.011101667405674143 -0.3048840278430309
v 0.14062500000000022 0.015324106203272014 -0.30949201119809416
vt 0.46875 0.40625
vt 0.4375 0.40625
vt 0.4375 0.375
vt 0.46875 0.375
vt 0.53125 0.375
vt 0.53125 0.40625
vt 0.5 0.40625
vt 0.5 0.375
vt 0.53125 0.625
vt 0.625 0.625
vt 0.625 0.65625
vt 0.53125 0.65625
vt 0.46875 0.4375
vt 0.46875 0.46875
vt 0.375 0.46875
vt 0.375 0.4375
vt 0.625 0.5625
vt 0.625 0.59375
vt 0.53125 0.59375
vt 0.53125 0.5625
vt 0.625 0.53125
vt 0.53125 0.53125
vt 0.53125 0.5
vt 0.625 0.5
vn 1 0 0
vn -1 0 0
vn 0 0.7372773368101242 0.6755902076156601
vn 0 -0.7372773368101242 -0.6755902076156601
vn 0 -0.6755902076156601 0.7372773368101242
vn 0 0.6755902076156601 -0.7372773368101242
usemtl m_ede1f5c5-55f8-8291-5e71-77e3daa0a758
f 2726/7749/1938 2725/7750/1938 2727/7751/1938 2728/7752/1938
f 2731/7753/1939 2729/7754/1939 2730/7755/1939 2732/7756/1939
f 2729/7757/1940 2725/7758/1940 2726/7759/1940 2730/7760/1940
f 2728/7761/1941 2727/7762/1941 2731/7763/1941 2732/7764/1941
f 2727/7765/1942 2725/7766/1942 2729/7767/1942 2731/7768/1942
f 2730/7769/1943 2726/7770/1943 2728/7771/1943 2732/7772/1943
o mesh
v 0.1468750000000002 0.01762809788080357 -0.3073807917992951
v 0.1468750000000002 0.07251980224957595 -0.3672845754151177
v 0.1468750000000002 0.015324106203271931 -0.30949201119809405
v 0.1468750000000002 0.07021581057204432 -0.3693957948139166
v 0.14062500000000022 0.01762809788080357 -0.3073807917992951
v 0.14062500000000022 0.07251980224957595 -0.3672845754151177
v 0.14062500000000022 0.015324106203271931 -0.30949201119809405
v 0.14062500000000022 0.07021581057204432 -0.3693957948139166
vt 0.625 0.46875
vt 0.59375 0.46875
vt 0.59375 0.4375
vt 0.625 0.4375
vt 0.59375 0.375
vt 0.59375 0.40625
vt 0.5625 0.40625
vt 0.5625 0.375
vt 0 0.34375
vt 0.03125 0.34375
vt 0.03125 0.375
vt 0 0.375
vt 0.09375 0.34375
vt 0.09375 0.375
vt 0.0625 0.375
vt 0.0625 0.34375
vt 0.65625 0.375
vt 0.65625 0.40625
vt 0.625 0.40625
vt 0.625 0.375
vt 0.6875 1
vt 0.65625 1
vt 0.65625 0.96875
vt 0.6875 0.96875
vn 1 0 0
vn -1 0 0
vn 0 0.7372773368101242 0.6755902076156601
vn 0 -0.7372773368101242 -0.6755902076156601
vn 0 -0.6755902076156601 0.7372773368101242
vn 0 0.6755902076156601 -0.7372773368101242
usemtl m_ede1f5c5-55f8-8291-5e71-77e3daa0a758
f 2734/7773/1944 2733/7774/1944 2735/7775/1944 2736/7776/1944
f 2739/7777/1945 2737/7778/1945 2738/7779/1945 2740/7780/1945
f 2737/7781/1946 2733/7782/1946 2734/7783/1946 2738/7784/1946
f 2736/7785/1947 2735/7786/1947 2739/7787/1947 2740/7788/1947
f 2735/7789/1948 2733/7790/1948 2737/7791/1948 2739/7792/1948
f 2738/7793/1949 2734/7794/1949 2736/7795/1949 2740/7796/1949
o mesh
v 0.2968749999999999 0.01762809788080357 -0.3073807917992951
v 0.2968749999999999 0.07251980224957595 -0.3672845754151177
v 0.2968749999999999 0.015324106203271931 -0.30949201119809405
v 0.2968749999999999 0.07021581057204432 -0.3693957948139166
v 0.2906249999999999 0.01762809788080357 -0.3073807917992951
v 0.2906249999999999 0.07251980224957595 -0.3672845754151177
v 0.2906249999999999 0.015324106203271931 -0.30949201119809405
v 0.2906249999999999 0.07021581057204432 -0.3693957948139166
vt 0.6875 0.9375
vt 0.65625 0.9375
vt 0.65625 0.90625
vt 0.6875 0.90625
vt 0.15625 0.3125
vt 0.15625 0.34375
vt 0.125 0.34375
vt 0.125 0.3125
vt 0.65625 0.84375
vt 0.6875 0.84375
vt 0.6875 0.875
vt 0.65625 0.875
vt 0.21875 0.3125
vt 0.21875 0.34375
vt 0.1875 0.34375
vt 0.1875 0.3125
vt 0.6875 0.78125
vt 0.6875 0.8125
vt 0.65625 0.8125
vt 0.65625 0.78125
vt 0.28125 0.34375
vt 0.25 0.34375
vt 0.25 0.3125
vt 0.28125 0.3125
vn 1 0 0
vn -1 0 0
vn 0 0.7372773368101242 0.6755902076156601
vn 0 -0.7372773368101242 -0.6755902076156601
vn 0 -0.6755902076156601 0.7372773368101242
vn 0 0.6755902076156601 -0.7372773368101242
usemtl m_ede1f5c5-55f8-8291-5e71-77e3daa0a758
f 2742/7797/1950 2741/7798/1950 2743/7799/1950 2744/7800/1950
f 2747/7801/1951 2745/7802/1951 2746/7803/1951 2748/7804/1951
f 2745/7805/1952 2741/7806/1952 2742/7807/1952 2746/7808/1952
f 2744/7809/1953 2743/7810/1953 2747/7811/1953 2748/7812/1953
f 2743/7813/1954 2741/7814/1954 2745/7815/1954 2747/7816/1954
f 2746/7817/1955 2742/7818/1955 2744/7819/1955 2748/7820/1955
o mesh
v 0.22500000000000023 0.04062045955083649 -0.3368782217307093
v 0.22500000000000023 0.04089308072186984 -0.3431222731155959
v 0.22500000000000023 -0.0015268872971481266 -0.33871841463518443
v 0.22500000000000023 -0.0012542661261147788 -0.344962466020071
v 0.21250000000000022 0.04062045955083649 -0.3368782217307093
v 0.21250000000000022 0.04089308072186984 -0.3431222731155959
v 0.21250000000000022 -0.0015268872971481266 -0.33871841463518443
v 0.21250000000000022 -0.0012542661261147788 -0.344962466020071
vt 0.6875 0.75
vt 0.65625 0.75
vt 0.65625 0.71875
vt 0.6875 0.71875
vt 0.34375 0.3125
vt 0.34375 0.34375
vt 0.3125 0.34375
vt 0.3125 0.3125
vt 0.65625 0.65625
vt 0.6875 0.65625
vt 0.6875 0.6875
vt 0.65625 0.6875
vt 0.40625 0.3125
vt 0.40625 0.34375
vt 0.375 0.34375
vt 0.375 0.3125
vt 0.6875 0.59375
vt 0.6875 0.625
vt 0.65625 0.625
vt 0.65625 0.59375
vt 0.46875 0.34375
vt 0.4375 0.34375
vt 0.4375 0.3125
vt 0.46875 0.3125
vn 1 0 0
vn -1 0 0
vn 0 0.9990482215818579 0.04361938736533588
vn 0 -0.9990482215818579 -0.04361938736533588
vn 0 -0.04361938736533588 0.9990482215818579
vn 0 0.04361938736533588 -0.9990482215818579
usemtl m_ede1f5c5-55f8-8291-5e71-77e3daa0a758
f 2750/7821/1956 2749/7822/1956 2751/7823/1956 2752/7824/1956
f 2755/7825/1957 2753/7826/1957 2754/7827/1957 2756/7828/1957
f 2753/7829/1958 2749/7830/1958 2750/7831/1958 2754/7832/1958
f 2752/7833/1959 2751/7834/1959 2755/7835/1959 2756/7836/1959
f 2751/7837/1960 2749/7838/1960 2753/7839/1960 2755/7840/1960
f 2754/7841/1961 2750/7842/1961 2752/7843/1961 2756/7844/1961
o plane
v 0.29062500000000024 0.016476102042037772 -0.3084364014986946
v 0.29062500000000024 0.07136780641081016 -0.3683401851145172
v 0.14687500000000023 0.016476102042037772 -0.3084364014986946
v 0.14687500000000023 0.07136780641081016 -0.3683401851145172
vt 0.3125 0.34375
vt 0.3125 0.40625
vt 0.21875 0.40625
vt 0.21875 0.34375
vn 0 0.7372773368101242 0.6755902076156601
usemtl m_ede1f5c5-55f8-8291-5e71-77e3daa0a758
f 2757/7845/1962 2758/7846/1962 2760/7847/1962 2759/7848/1962
o mesh
v 0.4531250000000002 0.011101667405674084 -0.3048840278430308
v 0.4531250000000002 0.07443824936964222 -0.37400377816897995
v 0.4531250000000002 0.008797675728142447 -0.30699524724182975
v 0.4531250000000002 0.07213425769211057 -0.3761149975677789
v 0.2968750000000002 0.011101667405674084 -0.3048840278430308
v 0.2968750000000002 0.07443824936964222 -0.37400377816897995
v 0.2968750000000002 0.008797675728142447 -0.30699524724182975
v 0.2968750000000002 0.07213425769211057 -0.3761149975677789
vt 0.5625 0.46875
vt 0.5 0.46875
vt 0.5 0.4375
vt 0.5625 0.4375
vt 0.1875 0.375
vt 0.1875 0.40625
vt 0.125 0.40625
vt 0.125 0.375
vt 0 0.40625
vt 0.09375 0.40625
vt 0.09375 0.46875
vt 0 0.46875
vt 0.625 0.9375
vt 0.625 1
vt 0.53125 1
vt 0.53125 0.9375
vt 0.625 0.875
vt 0.625 0.90625
vt 0.53125 0.90625
vt 0.53125 0.875
vt 0.21875 0.46875
vt 0.125 0.46875
vt 0.125 0.4375
vt 0.21875 0.4375
vn 1 0 0
vn -1 0 0
vn 0 0.7372773368101242 0.6755902076156601
vn 0 -0.7372773368101242 -0.6755902076156601
vn 0 -0.6755902076156601 0.7372773368101242
vn 0 0.6755902076156601 -0.7372773368101242
usemtl m_ede1f5c5-55f8-8291-5e71-77e3daa0a758
f 2762/7849/1963 2761/7850/1963 2763/7851/1963 2764/7852/1963
f 2767/7853/1964 2765/7854/1964 2766/7855/1964 2768/7856/1964
f 2765/7857/1965 2761/7858/1965 2762/7859/1965 2766/7860/1965
f 2764/7861/1966 2763/7862/1966 2767/7863/1966 2768/7864/1966
f 2763/7865/1967 2761/7866/1967 2765/7867/1967 2767/7868/1967
f 2766/7869/1968 2762/7870/1968 2764/7871/1968 2768/7872/1968
o mesh
v 0.4531250000000002 0.072519802249576 -0.3672845754151178
v 0.4531250000000002 0.07674224104717385 -0.371892558770181
v 0.4531250000000002 0.07021581057204435 -0.3693957948139167
v 0.4531250000000002 0.07443824936964222 -0.37400377816897995
v 0.2968750000000002 0.072519802249576 -0.3672845754151178
v 0.2968750000000002 0.07674224104717385 -0.371892558770181
v 0.2968750000000002 0.07021581057204435 -0.3693957948139167
v 0.2968750000000002 0.07443824936964222 -0.37400377816897995
vt 0.34375 0.40625
vt 0.3125 0.40625
vt 0.3125 0.375
vt 0.34375 0.375
vt 0.40625 0.375
vt 0.40625 0.40625
vt 0.375 0.40625
vt 0.375 0.375
vt 0.53125 0.8125
vt 0.625 0.8125
vt 0.625 0.84375
vt 0.53125 0.84375
vt 0.625 0.75
vt 0.625 0.78125
vt 0.53125 0.78125
vt 0.53125 0.75
vt 0.34375 0.4375
vt 0.34375 0.46875
vt 0.25 0.46875
vt 0.25 0.4375
vt 0.625 0.71875
vt 0.53125 0.71875
vt 0.53125 0.6875
vt 0.625 0.6875
vn 1 0 0
vn -1 0 0
vn 0 0.7372773368101242 0.6755902076156601
vn 0 -0.7372773368101242 -0.6755902076156601
vn 0 -0.6755902076156601 0.7372773368101242
vn 0 0.6755902076156601 -0.7372773368101242
usemtl m_ede1f5c5-55f8-8291-5e71-77e3daa0a758
f 2770/7873/1969 2769/7874/1969 2771/7875/1969 2772/7876/1969
f 2775/7877/1970 2773/7878/1970 2774/7879/1970 2776/7880/1970
f 2773/7881/1971 2769/7882/1971 2770/7883/1971 2774/7884/1971
f 2772/7885/1972 2771/7886/1972 2775/7887/1972 2776/7888/1972
f 2771/7889/1973 2769/7890/1973 2773/7891/1973 2775/7892/1973
f 2774/7893/1974 2770/7894/1974 2772/7895/1974 2776/7896/1974
o mesh
v 0.4531250000000002 0.013405659083205783 -0.302772808444232
v 0.4531250000000002 0.017628097880803648 -0.3073807917992952
v 0.4531250000000002 0.011101667405674143 -0.3048840278430309
v 0.4531250000000002 0.015324106203272014 -0.30949201119809416
v 0.2968750000000002 0.013405659083205783 -0.302772808444232
v 0.2968750000000002 0.017628097880803648 -0.3073807917992952
v 0.2968750000000002 0.011101667405674143 -0.3048840278430309
v 0.2968750000000002 0.015324106203272014 -0.30949201119809416
vt 0.46875 0.40625
vt 0.4375 0.40625
vt 0.4375 0.375
vt 0.46875 0.375
vt 0.53125 0.375
vt 0.53125 0.40625
vt 0.5 0.40625
vt 0.5 0.375
vt 0.53125 0.625
vt 0.625 0.625
vt 0.625 0.65625
vt 0.53125 0.65625
vt 0.46875 0.4375
vt 0.46875 0.46875
vt 0.375 0.46875
vt 0.375 0.4375
vt 0.625 0.5625
vt 0.625 0.59375
vt 0.53125 0.59375
vt 0.53125 0.5625
vt 0.625 0.53125
vt 0.53125 0.53125
vt 0.53125 0.5
vt 0.625 0.5
vn 1 0 0
vn -1 0 0
vn 0 0.7372773368101242 0.6755902076156601
vn 0 -0.7372773368101242 -0.6755902076156601
vn 0 -0.6755902076156601 0.7372773368101242
vn 0 0.6755902076156601 -0.7372773368101242
usemtl m_ede1f5c5-55f8-8291-5e71-77e3daa0a758
f 2778/7897/1975 2777/7898/1975 2779/7899/1975 2780/7900/1975
f 2783/7901/1976 2781/7902/1976 2782/7903/1976 2784/7904/1976
f 2781/7905/1977 2777/7906/1977 2778/7907/1977 2782/7908/1977
f 2780/7909/1978 2779/7910/1978 2783/7911/1978 2784/7912/1978
f 2779/7913/1979 2777/7914/1979 2781/7915/1979 2783/7916/1979
f 2782/7917/1980 2778/7918/1980 2780/7919/1980 2784/7920/1980
o mesh
v 0.3031250000000002 0.01762809788080357 -0.3073807917992951
v 0.3031250000000002 0.07251980224957595 -0.3672845754151177
v 0.3031250000000002 0.015324106203271931 -0.30949201119809405
v 0.3031250000000002 0.07021581057204432 -0.3693957948139166
v 0.2968750000000002 0.01762809788080357 -0.3073807917992951
v 0.2968750000000002 0.07251980224957595 -0.3672845754151177
v 0.2968750000000002 0.015324106203271931 -0.30949201119809405
v 0.2968750000000002 0.07021581057204432 -0.3693957948139166
vt 0.625 0.46875
vt 0.59375 0.46875
vt 0.59375 0.4375
vt 0.625 0.4375
vt 0.59375 0.375
vt 0.59375 0.40625
vt 0.5625 0.40625
vt 0.5625 0.375
vt 0 0.34375
vt 0.03125 0.34375
vt 0.03125 0.375
vt 0 0.375
vt 0.09375 0.34375
vt 0.09375 0.375
vt 0.0625 0.375
vt 0.0625 0.34375
vt 0.65625 0.375
vt 0.65625 0.40625
vt 0.625 0.40625
vt 0.625 0.375
vt 0.6875 1
vt 0.65625 1
vt 0.65625 0.96875
vt 0.6875 0.96875
vn 1 0 0
vn -1 0 0
vn 0 0.7372773368101242 0.6755902076156601
vn 0 -0.7372773368101242 -0.6755902076156601
vn 0 -0.6755902076156601 0.7372773368101242
vn 0 0.6755902076156601 -0.7372773368101242
usemtl m_ede1f5c5-55f8-8291-5e71-77e3daa0a758
f 2786/7921/1981 2785/7922/1981 2787/7923/1981 2788/7924/1981
f 2791/7925/1982 2789/7926/1982 2790/7927/1982 2792/7928/1982
f 2789/7929/1983 2785/7930/1983 2786/7931/1983 2790/7932/1983
f 2788/7933/1984 2787/7934/1984 2791/7935/1984 2792/7936/1984
f 2787/7937/1985 2785/7938/1985 2789/7939/1985 2791/7940/1985
f 2790/7941/1986 2786/7942/1986 2788/7943/1986 2792/7944/1986
o mesh
v 0.4531249999999999 0.01762809788080357 -0.3073807917992951
v 0.4531249999999999 0.07251980224957595 -0.3672845754151177
v 0.4531249999999999 0.015324106203271931 -0.30949201119809405
v 0.4531249999999999 0.07021581057204432 -0.3693957948139166
v 0.4468749999999999 0.01762809788080357 -0.3073807917992951
v 0.4468749999999999 0.07251980224957595 -0.3672845754151177
v 0.4468749999999999 0.015324106203271931 -0.30949201119809405
v 0.4468749999999999 0.07021581057204432 -0.3693957948139166
vt 0.6875 0.9375
vt 0.65625 0.9375
vt 0.65625 0.90625
vt 0.6875 0.90625
vt 0.15625 0.3125
vt 0.15625 0.34375
vt 0.125 0.34375
vt 0.125 0.3125
vt 0.65625 0.84375
vt 0.6875 0.84375
vt 0.6875 0.875
vt 0.65625 0.875
vt 0.21875 0.3125
vt 0.21875 0.34375
vt 0.1875 0.34375
vt 0.1875 0.3125
vt 0.6875 0.78125
vt 0.6875 0.8125
vt 0.65625 0.8125
vt 0.65625 0.78125
vt 0.28125 0.34375
vt 0.25 0.34375
vt 0.25 0.3125
vt 0.28125 0.3125
vn 1 0 0
vn -1 0 0
vn 0 0.7372773368101242 0.6755902076156601
vn 0 -0.7372773368101242 -0.6755902076156601
vn 0 -0.6755902076156601 0.7372773368101242
vn 0 0.6755902076156601 -0.7372773368101242
usemtl m_ede1f5c5-55f8-8291-5e71-77e3daa0a758
f 2794/7945/1987 2793/7946/1987 2795/7947/1987 2796/7948/1987
f 2799/7949/1988 2797/7950/1988 2798/7951/1988 2800/7952/1988
f 2797/7953/1989 2793/7954/1989 2794/7955/1989 2798/7956/1989
f 2796/7957/1990 2795/7958/1990 2799/7959/1990 2800/7960/1990
f 2795/7961/1991 2793/7962/1991 2797/7963/1991 2799/7964/1991
f 2798/7965/1992 2794/7966/1992 2796/7967/1992 2800/7968/1992
o mesh
v 0.3812500000000002 0.04062045955083649 -0.3368782217307093
v 0.3812500000000002 0.04089308072186984 -0.3431222731155959
v 0.3812500000000002 -0.0015268872971481266 -0.33871841463518443
v 0.3812500000000002 -0.0012542661261147788 -0.344962466020071
v 0.36875000000000024 0.04062045955083649 -0.3368782217307093
v 0.36875000000000024 0.04089308072186984 -0.3431222731155959
v 0.36875000000000024 -0.0015268872971481266 -0.33871841463518443
v 0.36875000000000024 -0.0012542661261147788 -0.344962466020071
vt 0.6875 0.75
vt 0.65625 0.75
vt 0.65625 0.71875
vt 0.6875 0.71875
vt 0.34375 0.3125
vt 0.34375 0.34375
vt 0.3125 0.34375
vt 0.3125 0.3125
vt 0.65625 0.65625
vt 0.6875 0.65625
vt 0.6875 0.6875
vt 0.65625 0.6875
vt 0.40625 0.3125
vt 0.40625 0.34375
vt 0.375 0.34375
vt 0.375 0.3125
vt 0.6875 0.59375
vt 0.6875 0.625
vt 0.65625 0.625
vt 0.65625 0.59375
vt 0.46875 0.34375
vt 0.4375 0.34375
vt 0.4375 0.3125
vt 0.46875 0.3125
vn 1 0 0
vn -1 0 0
vn 0 0.9990482215818579 0.04361938736533588
vn 0 -0.9990482215818579 -0.04361938736533588
vn 0 -0.04361938736533588 0.9990482215818579
vn 0 0.04361938736533588 -0.9990482215818579
usemtl m_ede1f5c5-55f8-8291-5e71-77e3daa0a758
f 2802/7969/1993 2801/7970/1993 2803/7971/1993 2804/7972/1993
f 2807/7973/1994 2805/7974/1994 2806/7975/1994 2808/7976/1994
f 2805/7977/1995 2801/7978/1995 2802/7979/1995 2806/7980/1995
f 2804/7981/1996 2803/7982/1996 2807/7983/1996 2808/7984/1996
f 2803/7985/1997 2801/7986/1997 2805/7987/1997 2807/7988/1997
f 2806/7989/1998 2802/7990/1998 2804/7991/1998 2808/7992/1998
o plane
v 0.44687500000000024 0.016476102042037772 -0.3084364014986946
v 0.44687500000000024 0.07136780641081016 -0.3683401851145172
v 0.3031250000000002 0.016476102042037772 -0.3084364014986946
v 0.3031250000000002 0.07136780641081016 -0.3683401851145172
vt 0.3125 0.34375
vt 0.3125 0.40625
vt 0.21875 0.40625
vt 0.21875 0.34375
vn 0 0.7372773368101242 0.6755902076156601
usemtl m_ede1f5c5-55f8-8291-5e71-77e3daa0a758
f 2809/7993/1999 2810/7994/1999 2812/7995/1999 2811/7996/1999
o mesh
v -0.2968749999999999 0.011101667405674046 -0.39863402784303087
v -0.2968749999999999 0.07443824936964218 -0.46775377816898
v -0.2968749999999999 0.008797675728142409 -0.4007452472418298
v -0.2968749999999999 0.07213425769211054 -0.46986499756777894
v -0.4531249999999999 0.011101667405674046 -0.39863402784303087
v -0.4531249999999999 0.07443824936964218 -0.46775377816898
v -0.4531249999999999 0.008797675728142409 -0.4007452472418298
v -0.4531249999999999 0.07213425769211054 -0.46986499756777894
vt 0.5625 0.46875
vt 0.5 0.46875
vt 0.5 0.4375
vt 0.5625 0.4375
vt 0.1875 0.375
vt 0.1875 0.40625
vt 0.125 0.40625
vt 0.125 0.375
vt 0 0.40625
vt 0.09375 0.40625
vt 0.09375 0.46875
vt 0 0.46875
vt 0.625 0.9375
vt 0.625 1
vt 0.53125 1
vt 0.53125 0.9375
vt 0.625 0.875
vt 0.625 0.90625
vt 0.53125 0.90625
vt 0.53125 0.875
vt 0.21875 0.46875
vt 0.125 0.46875
vt 0.125 0.4375
vt 0.21875 0.4375
vn 1 0 0
vn -1 0 0
vn 0 0.7372773368101242 0.6755902076156601
vn 0 -0.7372773368101242 -0.6755902076156601
vn 0 -0.6755902076156601 0.7372773368101242
vn 0 0.6755902076156601 -0.7372773368101242
usemtl m_ede1f5c5-55f8-8291-5e71-77e3daa0a758
f 2814/7997/2000 2813/7998/2000 2815/7999/2000 2816/8000/2000
f 2819/8001/2001 2817/8002/2001 2818/8003/2001 2820/8004/2001
f 2817/8005/2002 2813/8006/2002 2814/8007/2002 2818/8008/2002
f 2816/8009/2003 2815/8010/2003 2819/8011/2003 2820/8012/2003
f 2815/8013/2004 2813/8014/2004 2817/8015/2004 2819/8016/2004
f 2818/8017/2005 2814/8018/2005 2816/8019/2005 2820/8020/2005
o mesh
v -0.2968749999999999 0.07251980224957595 -0.46103457541511783
v -0.2968749999999999 0.07674224104717381 -0.46564255877018107
v -0.2968749999999999 0.0702158105720443 -0.46314579481391677
v -0.2968749999999999 0.07443824936964218 -0.46775377816898
v -0.4531249999999999 0.07251980224957595 -0.46103457541511783
v -0.4531249999999999 0.07674224104717381 -0.46564255877018107
v -0.4531249999999999 0.0702158105720443 -0.46314579481391677
v -0.4531249999999999 0.07443824936964218 -0.46775377816898
vt 0.34375 0.40625
vt 0.3125 0.40625
vt 0.3125 0.375
vt 0.34375 0.375
vt 0.40625 0.375
vt 0.40625 0.40625
vt 0.375 0.40625
vt 0.375 0.375
vt 0.53125 0.8125
vt 0.625 0.8125
vt 0.625 0.84375
vt 0.53125 0.84375
vt 0.625 0.75
vt 0.625 0.78125
vt 0.53125 0.78125
vt 0.53125 0.75
vt 0.34375 0.4375
vt 0.34375 0.46875
vt 0.25 0.46875
vt 0.25 0.4375
vt 0.625 0.71875
vt 0.53125 0.71875
vt 0.53125 0.6875
vt 0.625 0.6875
vn 1 0 0
vn -1 0 0
vn 0 0.7372773368101242 0.6755902076156601
vn 0 -0.7372773368101242 -0.6755902076156601
vn 0 -0.6755902076156601 0.7372773368101242
vn 0 0.6755902076156601 -0.7372773368101242
usemtl m_ede1f5c5-55f8-8291-5e71-77e3daa0a758
f 2822/8021/2006 2821/8022/2006 2823/8023/2006 2824/8024/2006
f 2827/8025/2007 2825/8026/2007 2826/8027/2007 2828/8028/2007
f 2825/8029/2008 2821/8030/2008 2822/8031/2008 2826/8032/2008
f 2824/8033/2009 2823/8034/2009 2827/8035/2009 2828/8036/2009
f 2823/8037/2010 2821/8038/2010 2825/8039/2010 2827/8040/2010
f 2826/8041/2011 2822/8042/2011 2824/8043/2011 2828/8044/2011
o mesh
v -0.2968749999999999 0.013405659083205748 -0.39652280844423204
v -0.2968749999999999 0.017628097880803613 -0.4011307917992953
v -0.2968749999999999 0.011101667405674108 -0.398634027843031
v -0.2968749999999999 0.01532410620327198 -0.4032420111980942
v -0.4531249999999999 0.013405659083205748 -0.39652280844423204
v -0.4531249999999999 0.017628097880803613 -0.4011307917992953
v -0.4531249999999999 0.011101667405674108 -0.398634027843031
v -0.4531249999999999 0.01532410620327198 -0.4032420111980942
vt 0.46875 0.40625
vt 0.4375 0.40625
vt 0.4375 0.375
vt 0.46875 0.375
vt 0.53125 0.375
vt 0.53125 0.40625
vt 0.5 0.40625
vt 0.5 0.375
vt 0.53125 0.625
vt 0.625 0.625
vt 0.625 0.65625
vt 0.53125 0.65625
vt 0.46875 0.4375
vt 0.46875 0.46875
vt 0.375 0.46875
vt 0.375 0.4375
vt 0.625 0.5625
vt 0.625 0.59375
vt 0.53125 0.59375
vt 0.53125 0.5625
vt 0.625 0.53125
vt 0.53125 0.53125
vt 0.53125 0.5
vt 0.625 0.5
vn 1 0 0
vn -1 0 0
vn 0 0.7372773368101242 0.6755902076156601
vn 0 -0.7372773368101242 -0.6755902076156601
vn 0 -0.6755902076156601 0.7372773368101242
vn 0 0.6755902076156601 -0.7372773368101242
usemtl m_ede1f5c5-55f8-8291-5e71-77e3daa0a758
f 2830/8045/2012 2829/8046/2012 2831/8047/2012 2832/8048/2012
f 2835/8049/2013 2833/8050/2013 2834/8051/2013 2836/8052/2013
f 2833/8053/2014 2829/8054/2014 2830/8055/2014 2834/8056/2014
f 2832/8057/2015 2831/8058/2015 2835/8059/2015 2836/8060/2015
f 2831/8061/2016 2829/8062/2016 2833/8063/2016 2835/8064/2016
f 2834/8065/2017 2830/8066/2017 2832/8067/2017 2836/8068/2017
o mesh
v -0.4468749999999999 0.01762809788080353 -0.4011307917992952
v -0.4468749999999999 0.07251980224957591 -0.46103457541511783
v -0.4468749999999999 0.01532410620327189 -0.40324201119809416
v -0.4468749999999999 0.07021581057204428 -0.4631457948139167
v -0.4531249999999999 0.01762809788080353 -0.4011307917992952
v -0.4531249999999999 0.07251980224957591 -0.46103457541511783
v -0.4531249999999999 0.01532410620327189 -0.40324201119809416
v -0.4531249999999999 0.07021581057204428 -0.4631457948139167
vt 0.625 0.46875
vt 0.59375 0.46875
vt 0.59375 0.4375
vt 0.625 0.4375
vt 0.59375 0.375
vt 0.59375 0.40625
vt 0.5625 0.40625
vt 0.5625 0.375
vt 0 0.34375
vt 0.03125 0.34375
vt 0.03125 0.375
vt 0 0.375
vt 0.09375 0.34375
vt 0.09375 0.375
vt 0.0625 0.375
vt 0.0625 0.34375
vt 0.65625 0.375
vt 0.65625 0.40625
vt 0.625 0.40625
vt 0.625 0.375
vt 0.6875 1
vt 0.65625 1
vt 0.65625 0.96875
vt 0.6875 0.96875
vn 1 0 0
vn -1 0 0
vn 0 0.7372773368101242 0.6755902076156601
vn 0 -0.7372773368101242 -0.6755902076156601
vn 0 -0.6755902076156601 0.7372773368101242
vn 0 0.6755902076156601 -0.7372773368101242
usemtl m_ede1f5c5-55f8-8291-5e71-77e3daa0a758
f 2838/8069/2018 2837/8070/2018 2839/8071/2018 2840/8072/2018
f 2843/8073/2019 2841/8074/2019 2842/8075/2019 2844/8076/2019
f 2841/8077/2020 2837/8078/2020 2838/8079/2020 2842/8080/2020
f 2840/8081/2021 2839/8082/2021 2843/8083/2021 2844/8084/2021
f 2839/8085/2022 2837/8086/2022 2841/8087/2022 2843/8088/2022
f 2842/8089/2023 2838/8090/2023 2840/8091/2023 2844/8092/2023
o mesh
v -0.2968750000000001 0.01762809788080353 -0.4011307917992952
v -0.2968750000000001 0.07251980224957591 -0.46103457541511783
v -0.2968750000000001 0.01532410620327189 -0.40324201119809416
v -0.2968750000000001 0.07021581057204428 -0.4631457948139167
v -0.3031250000000001 0.01762809788080353 -0.4011307917992952
v -0.3031250000000001 0.07251980224957591 -0.46103457541511783
v -0.3031250000000001 0.01532410620327189 -0.40324201119809416
v -0.3031250000000001 0.07021581057204428 -0.4631457948139167
vt 0.6875 0.9375
vt 0.65625 0.9375
vt 0.65625 0.90625
vt 0.6875 0.90625
vt 0.15625 0.3125
vt 0.15625 0.34375
vt 0.125 0.34375
vt 0.125 0.3125
vt 0.65625 0.84375
vt 0.6875 0.84375
vt 0.6875 0.875
vt 0.65625 0.875
vt 0.21875 0.3125
vt 0.21875 0.34375
vt 0.1875 0.34375
vt 0.1875 0.3125
vt 0.6875 0.78125
vt 0.6875 0.8125
vt 0.65625 0.8125
vt 0.65625 0.78125
vt 0.28125 0.34375
vt 0.25 0.34375
vt 0.25 0.3125
vt 0.28125 0.3125
vn 1 0 0
vn -1 0 0
vn 0 0.7372773368101242 0.6755902076156601
vn 0 -0.7372773368101242 -0.6755902076156601
vn 0 -0.6755902076156601 0.7372773368101242
vn 0 0.6755902076156601 -0.7372773368101242
usemtl m_ede1f5c5-55f8-8291-5e71-77e3daa0a758
f 2846/8093/2024 2845/8094/2024 2847/8095/2024 2848/8096/2024
f 2851/8097/2025 2849/8098/2025 2850/8099/2025 2852/8100/2025
f 2849/8101/2026 2845/8102/2026 2846/8103/2026 2850/8104/2026
f 2848/8105/2027 2847/8106/2027 2851/8107/2027 2852/8108/2027
f 2847/8109/2028 2845/8110/2028 2849/8111/2028 2851/8112/2028
f 2850/8113/2029 2846/8114/2029 2848/8115/2029 2852/8116/2029
o mesh
v -0.3687499999999999 0.04062045955083646 -0.43062822173070936
v -0.3687499999999999 0.040893080721869805 -0.43687227311559595
v -0.3687499999999999 -0.0015268872971481613 -0.4324684146351845
v -0.3687499999999999 -0.0012542661261148134 -0.4387124660200711
v -0.38124999999999987 0.04062045955083646 -0.43062822173070936
v -0.38124999999999987 0.040893080721869805 -0.43687227311559595
v -0.38124999999999987 -0.0015268872971481613 -0.4324684146351845
v -0.38124999999999987 -0.0012542661261148134 -0.4387124660200711
vt 0.6875 0.75
vt 0.65625 0.75
vt 0.65625 0.71875
vt 0.6875 0.71875
vt 0.34375 0.3125
vt 0.34375 0.34375
vt 0.3125 0.34375
vt 0.3125 0.3125
vt 0.65625 0.65625
vt 0.6875 0.65625
vt 0.6875 0.6875
vt 0.65625 0.6875
vt 0.40625 0.3125
vt 0.40625 0.34375
vt 0.375 0.34375
vt 0.375 0.3125
vt 0.6875 0.59375
vt 0.6875 0.625
vt 0.65625 0.625
vt 0.65625 0.59375
vt 0.46875 0.34375
vt 0.4375 0.34375
vt 0.4375 0.3125
vt 0.46875 0.3125
vn 1 0 0
vn -1 0 0
vn 0 0.9990482215818579 0.04361938736533588
vn 0 -0.9990482215818579 -0.04361938736533588
vn 0 -0.04361938736533588 0.9990482215818579
vn 0 0.04361938736533588 -0.9990482215818579
usemtl m_ede1f5c5-55f8-8291-5e71-77e3daa0a758
f 2854/8117/2030 2853/8118/2030 2855/8119/2030 2856/8120/2030
f 2859/8121/2031 2857/8122/2031 2858/8123/2031 2860/8124/2031
f 2857/8125/2032 2853/8126/2032 2854/8127/2032 2858/8128/2032
f 2856/8129/2033 2855/8130/2033 2859/8131/2033 2860/8132/2033
f 2855/8133/2034 2853/8134/2034 2857/8135/2034 2859/8136/2034
f 2858/8137/2035 2854/8138/2035 2856/8139/2035 2860/8140/2035
o plane
v -0.30312499999999987 0.016476102042037737 -0.40218640149869467
v -0.30312499999999987 0.07136780641081013 -0.46209018511451727
v -0.4468749999999999 0.016476102042037737 -0.40218640149869467
v -0.4468749999999999 0.07136780641081013 -0.46209018511451727
vt 0.3125 0.34375
vt 0.3125 0.40625
vt 0.21875 0.40625
vt 0.21875 0.34375
vn 0 0.7372773368101242 0.6755902076156601
usemtl m_ede1f5c5-55f8-8291-5e71-77e3daa0a758
f 2861/8141/2036 2862/8142/2036 2864/8143/2036 2863/8144/2036
o mesh
v -0.14062499999999972 0.011101667405674046 -0.39863402784303087
v -0.14062499999999972 0.07443824936964218 -0.46775377816898
v -0.14062499999999972 0.008797675728142409 -0.4007452472418298
v -0.14062499999999972 0.07213425769211054 -0.46986499756777894
v -0.2968749999999997 0.011101667405674046 -0.39863402784303087
v -0.2968749999999997 0.07443824936964218 -0.46775377816898
v -0.2968749999999997 0.008797675728142409 -0.4007452472418298
v -0.2968749999999997 0.07213425769211054 -0.46986499756777894
vt 0.5625 0.46875
vt 0.5 0.46875
vt 0.5 0.4375
vt 0.5625 0.4375
vt 0.1875 0.375
vt 0.1875 0.40625
vt 0.125 0.40625
vt 0.125 0.375
vt 0 0.40625
vt 0.09375 0.40625
vt 0.09375 0.46875
vt 0 0.46875
vt 0.625 0.9375
vt 0.625 1
vt 0.53125 1
vt 0.53125 0.9375
vt 0.625 0.875
vt 0.625 0.90625
vt 0.53125 0.90625
vt 0.53125 0.875
vt 0.21875 0.46875
vt 0.125 0.46875
vt 0.125 0.4375
vt 0.21875 0.4375
vn 1 0 0
vn -1 0 0
vn 0 0.7372773368101242 0.6755902076156601
vn 0 -0.7372773368101242 -0.6755902076156601
vn 0 -0.6755902076156601 0.7372773368101242
vn 0 0.6755902076156601 -0.7372773368101242
usemtl m_ede1f5c5-55f8-8291-5e71-77e3daa0a758
f 2866/8145/2037 2865/8146/2037 2867/8147/2037 2868/8148/2037
f 2871/8149/2038 2869/8150/2038 2870/8151/2038 2872/8152/2038
f 2869/8153/2039 2865/8154/2039 2866/8155/2039 2870/8156/2039
f 2868/8157/2040 2867/8158/2040 2871/8159/2040 2872/8160/2040
f 2867/8161/2041 2865/8162/2041 2869/8163/2041 2871/8164/2041
f 2870/8165/2042 2866/8166/2042 2868/8167/2042 2872/8168/2042
o mesh
v -0.14062499999999972 0.07251980224957595 -0.46103457541511783
v -0.14062499999999972 0.07674224104717381 -0.46564255877018107
v -0.14062499999999972 0.0702158105720443 -0.46314579481391677
v -0.14062499999999972 0.07443824936964218 -0.46775377816898
v -0.2968749999999997 0.07251980224957595 -0.46103457541511783
v -0.2968749999999997 0.07674224104717381 -0.46564255877018107
v -0.2968749999999997 0.0702158105720443 -0.46314579481391677
v -0.2968749999999997 0.07443824936964218 -0.46775377816898
vt 0.34375 0.40625
vt 0.3125 0.40625
vt 0.3125 0.375
vt 0.34375 0.375
vt 0.40625 0.375
vt 0.40625 0.40625
vt 0.375 0.40625
vt 0.375 0.375
vt 0.53125 0.8125
vt 0.625 0.8125
vt 0.625 0.84375
vt 0.53125 0.84375
vt 0.625 0.75
vt 0.625 0.78125
vt 0.53125 0.78125
vt 0.53125 0.75
vt 0.34375 0.4375
vt 0.34375 0.46875
vt 0.25 0.46875
vt 0.25 0.4375
vt 0.625 0.71875
vt 0.53125 0.71875
vt 0.53125 0.6875
vt 0.625 0.6875
vn 1 0 0
vn -1 0 0
vn 0 0.7372773368101242 0.6755902076156601
vn 0 -0.7372773368101242 -0.6755902076156601
vn 0 -0.6755902076156601 0.7372773368101242
vn 0 0.6755902076156601 -0.7372773368101242
usemtl m_ede1f5c5-55f8-8291-5e71-77e3daa0a758
f 2874/8169/2043 2873/8170/2043 2875/8171/2043 2876/8172/2043
f 2879/8173/2044 2877/8174/2044 2878/8175/2044 2880/8176/2044
f 2877/8177/2045 2873/8178/2045 2874/8179/2045 2878/8180/2045
f 2876/8181/2046 2875/8182/2046 2879/8183/2046 2880/8184/2046
f 2875/8185/2047 2873/8186/2047 2877/8187/2047 2879/8188/2047
f 2878/8189/2048 2874/8190/2048 2876/8191/2048 2880/8192/2048
o mesh
v -0.14062499999999972 0.013405659083205748 -0.39652280844423204
v -0.14062499999999972 0.017628097880803613 -0.4011307917992953
v -0.14062499999999972 0.011101667405674108 -0.398634027843031
v -0.14062499999999972 0.01532410620327198 -0.4032420111980942
v -0.2968749999999997 0.013405659083205748 -0.39652280844423204
v -0.2968749999999997 0.017628097880803613 -0.4011307917992953
v -0.2968749999999997 0.011101667405674108 -0.398634027843031
v -0.2968749999999997 0.01532410620327198 -0.4032420111980942
vt 0.46875 0.40625
vt 0.4375 0.40625
vt 0.4375 0.375
vt 0.46875 0.375
vt 0.53125 0.375
vt 0.53125 0.40625
vt 0.5 0.40625
vt 0.5 0.375
vt 0.53125 0.625
vt 0.625 0.625
vt 0.625 0.65625
vt 0.53125 0.65625
vt 0.46875 0.4375
vt 0.46875 0.46875
vt 0.375 0.46875
vt 0.375 0.4375
vt 0.625 0.5625
vt 0.625 0.59375
vt 0.53125 0.59375
vt 0.53125 0.5625
vt 0.625 0.53125
vt 0.53125 0.53125
vt 0.53125 0.5
vt 0.625 0.5
vn 1 0 0
vn -1 0 0
vn 0 0.7372773368101242 0.6755902076156601
vn 0 -0.7372773368101242 -0.6755902076156601
vn 0 -0.6755902076156601 0.7372773368101242
vn 0 0.6755902076156601 -0.7372773368101242
usemtl m_ede1f5c5-55f8-8291-5e71-77e3daa0a758
f 2882/8193/2049 2881/8194/2049 2883/8195/2049 2884/8196/2049
f 2887/8197/2050 2885/8198/2050 2886/8199/2050 2888/8200/2050
f 2885/8201/2051 2881/8202/2051 2882/8203/2051 2886/8204/2051
f 2884/8205/2052 2883/8206/2052 2887/8207/2052 2888/8208/2052
f 2883/8209/2053 2881/8210/2053 2885/8211/2053 2887/8212/2053
f 2886/8213/2054 2882/8214/2054 2884/8215/2054 2888/8216/2054
o mesh
v -0.29062499999999974 0.01762809788080353 -0.4011307917992952
v -0.29062499999999974 0.07251980224957591 -0.46103457541511783
v -0.29062499999999974 0.01532410620327189 -0.40324201119809416
v -0.29062499999999974 0.07021581057204428 -0.4631457948139167
v -0.2968749999999997 0.01762809788080353 -0.4011307917992952
v -0.2968749999999997 0.07251980224957591 -0.46103457541511783
v -0.2968749999999997 0.01532410620327189 -0.40324201119809416
v -0.2968749999999997 0.07021581057204428 -0.4631457948139167
vt 0.625 0.46875
vt 0.59375 0.46875
vt 0.59375 0.4375
vt 0.625 0.4375
vt 0.59375 0.375
vt 0.59375 0.40625
vt 0.5625 0.40625
vt 0.5625 0.375
vt 0 0.34375
vt 0.03125 0.34375
vt 0.03125 0.375
vt 0 0.375
vt 0.09375 0.34375
vt 0.09375 0.375
vt 0.0625 0.375
vt 0.0625 0.34375
vt 0.65625 0.375
vt 0.65625 0.40625
vt 0.625 0.40625
vt 0.625 0.375
vt 0.6875 1
vt 0.65625 1
vt 0.65625 0.96875
vt 0.6875 0.96875
vn 1 0 0
vn -1 0 0
vn 0 0.7372773368101242 0.6755902076156601
vn 0 -0.7372773368101242 -0.6755902076156601
vn 0 -0.6755902076156601 0.7372773368101242
vn 0 0.6755902076156601 -0.7372773368101242
usemtl m_ede1f5c5-55f8-8291-5e71-77e3daa0a758
f 2890/8217/2055 2889/8218/2055 2891/8219/2055 2892/8220/2055
f 2895/8221/2056 2893/8222/2056 2894/8223/2056 2896/8224/2056
f 2893/8225/2057 2889/8226/2057 2890/8227/2057 2894/8228/2057
f 2892/8229/2058 2891/8230/2058 2895/8231/2058 2896/8232/2058
f 2891/8233/2059 2889/8234/2059 2893/8235/2059 2895/8236/2059
f 2894/8237/2060 2890/8238/2060 2892/8239/2060 2896/8240/2060
o mesh
v -0.14062500000000006 0.01762809788080353 -0.4011307917992952
v -0.14062500000000006 0.07251980224957591 -0.46103457541511783
v -0.14062500000000006 0.01532410620327189 -0.40324201119809416
v -0.14062500000000006 0.07021581057204428 -0.4631457948139167
v -0.14687500000000003 0.01762809788080353 -0.4011307917992952
v -0.14687500000000003 0.07251980224957591 -0.46103457541511783
v -0.14687500000000003 0.01532410620327189 -0.40324201119809416
v -0.14687500000000003 0.07021581057204428 -0.4631457948139167
vt 0.6875 0.9375
vt 0.65625 0.9375
vt 0.65625 0.90625
vt 0.6875 0.90625
vt 0.15625 0.3125
vt 0.15625 0.34375
vt 0.125 0.34375
vt 0.125 0.3125
vt 0.65625 0.84375
vt 0.6875 0.84375
vt 0.6875 0.875
vt 0.65625 0.875
vt 0.21875 0.3125
vt 0.21875 0.34375
vt 0.1875 0.34375
vt 0.1875 0.3125
vt 0.6875 0.78125
vt 0.6875 0.8125
vt 0.65625 0.8125
vt 0.65625 0.78125
vt 0.28125 0.34375
vt 0.25 0.34375
vt 0.25 0.3125
vt 0.28125 0.3125
vn 1 0 0
vn -1 0 0
vn 0 0.7372773368101242 0.6755902076156601
vn 0 -0.7372773368101242 -0.6755902076156601
vn 0 -0.6755902076156601 0.7372773368101242
vn 0 0.6755902076156601 -0.7372773368101242
usemtl m_ede1f5c5-55f8-8291-5e71-77e3daa0a758
f 2898/8241/2061 2897/8242/2061 2899/8243/2061 2900/8244/2061
f 2903/8245/2062 2901/8246/2062 2902/8247/2062 2904/8248/2062
f 2901/8249/2063 2897/8250/2063 2898/8251/2063 2902/8252/2063
f 2900/8253/2064 2899/8254/2064 2903/8255/2064 2904/8256/2064
f 2899/8257/2065 2897/8258/2065 2901/8259/2065 2903/8260/2065
f 2902/8261/2066 2898/8262/2066 2900/8263/2066 2904/8264/2066
o mesh
v -0.21249999999999972 0.04062045955083646 -0.43062822173070936
v -0.21249999999999972 0.040893080721869805 -0.43687227311559595
v -0.21249999999999972 -0.0015268872971481613 -0.4324684146351845
v -0.21249999999999972 -0.0012542661261148134 -0.4387124660200711
v -0.22499999999999973 0.04062045955083646 -0.43062822173070936
v -0.22499999999999973 0.040893080721869805 -0.43687227311559595
v -0.22499999999999973 -0.0015268872971481613 -0.4324684146351845
v -0.22499999999999973 -0.0012542661261148134 -0.4387124660200711
vt 0.6875 0.75
vt 0.65625 0.75
vt 0.65625 0.71875
vt 0.6875 0.71875
vt 0.34375 0.3125
vt 0.34375 0.34375
vt 0.3125 0.34375
vt 0.3125 0.3125
vt 0.65625 0.65625
vt 0.6875 0.65625
vt 0.6875 0.6875
vt 0.65625 0.6875
vt 0.40625 0.3125
vt 0.40625 0.34375
vt 0.375 0.34375
vt 0.375 0.3125
vt 0.6875 0.59375
vt 0.6875 0.625
vt 0.65625 0.625
vt 0.65625 0.59375
vt 0.46875 0.34375
vt 0.4375 0.34375
vt 0.4375 0.3125
vt 0.46875 0.3125
vn 1 0 0
vn -1 0 0
vn 0 0.9990482215818579 0.04361938736533588
vn 0 -0.9990482215818579 -0.04361938736533588
vn 0 -0.04361938736533588 0.9990482215818579
vn 0 0.04361938736533588 -0.9990482215818579
usemtl m_ede1f5c5-55f8-8291-5e71-77e3daa0a758
f 2906/8265/2067 2905/8266/2067 2907/8267/2067 2908/8268/2067
f 2911/8269/2068 2909/8270/2068 2910/8271/2068 2912/8272/2068
f 2909/8273/2069 2905/8274/2069 2906/8275/2069 2910/8276/2069
f 2908/8277/2070 2907/8278/2070 2911/8279/2070 2912/8280/2070
f 2907/8281/2071 2905/8282/2071 2909/8283/2071 2911/8284/2071
f 2910/8285/2072 2906/8286/2072 2908/8287/2072 2912/8288/2072
o plane
v -0.14687499999999973 0.016476102042037737 -0.40218640149869467
v -0.14687499999999973 0.07136780641081013 -0.46209018511451727
v -0.2906249999999997 0.016476102042037737 -0.40218640149869467
v -0.2906249999999997 0.07136780641081013 -0.46209018511451727
vt 0.3125 0.34375
vt 0.3125 0.40625
vt 0.21875 0.40625
vt 0.21875 0.34375
vn 0 0.7372773368101242 0.6755902076156601
usemtl m_ede1f5c5-55f8-8291-5e71-77e3daa0a758
f 2913/8289/2073 2914/8290/2073 2916/8291/2073 2915/8292/2073
o mesh
v 0.015625000000000278 0.011101667405674046 -0.39863402784303087
v 0.015625000000000278 0.07443824936964218 -0.46775377816898
v 0.015625000000000278 0.008797675728142409 -0.4007452472418298
v 0.015625000000000278 0.07213425769211054 -0.46986499756777894
v -0.14062499999999972 0.011101667405674046 -0.39863402784303087
v -0.14062499999999972 0.07443824936964218 -0.46775377816898
v -0.14062499999999972 0.008797675728142409 -0.4007452472418298
v -0.14062499999999972 0.07213425769211054 -0.46986499756777894
vt 0.5625 0.46875
vt 0.5 0.46875
vt 0.5 0.4375
vt 0.5625 0.4375
vt 0.1875 0.375
vt 0.1875 0.40625
vt 0.125 0.40625
vt 0.125 0.375
vt 0 0.40625
vt 0.09375 0.40625
vt 0.09375 0.46875
vt 0 0.46875
vt 0.625 0.9375
vt 0.625 1
vt 0.53125 1
vt 0.53125 0.9375
vt 0.625 0.875
vt 0.625 0.90625
vt 0.53125 0.90625
vt 0.53125 0.875
vt 0.21875 0.46875
vt 0.125 0.46875
vt 0.125 0.4375
vt 0.21875 0.4375
vn 1 0 0
vn -1 0 0
vn 0 0.7372773368101242 0.6755902076156601
vn 0 -0.7372773368101242 -0.6755902076156601
vn 0 -0.6755902076156601 0.7372773368101242
vn 0 0.6755902076156601 -0.7372773368101242
usemtl m_ede1f5c5-55f8-8291-5e71-77e3daa0a758
f 2918/8293/2074 2917/8294/2074 2919/8295/2074 2920/8296/2074
f 2923/8297/2075 2921/8298/2075 2922/8299/2075 2924/8300/2075
f 2921/8301/2076 2917/8302/2076 2918/8303/2076 2922/8304/2076
f 2920/8305/2077 2919/8306/2077 2923/8307/2077 2924/8308/2077
f 2919/8309/2078 2917/8310/2078 2921/8311/2078 2923/8312/2078
f 2922/8313/2079 2918/8314/2079 2920/8315/2079 2924/8316/2079
o mesh
v 0.015625000000000278 0.07251980224957595 -0.46103457541511783
v 0.015625000000000278 0.07674224104717381 -0.46564255877018107
v 0.015625000000000278 0.0702158105720443 -0.46314579481391677
v 0.015625000000000278 0.07443824936964218 -0.46775377816898
v -0.14062499999999972 0.07251980224957595 -0.46103457541511783
v -0.14062499999999972 0.07674224104717381 -0.46564255877018107
v -0.14062499999999972 0.0702158105720443 -0.46314579481391677
v -0.14062499999999972 0.07443824936964218 -0.46775377816898
vt 0.34375 0.40625
vt 0.3125 0.40625
vt 0.3125 0.375
vt 0.34375 0.375
vt 0.40625 0.375
vt 0.40625 0.40625
vt 0.375 0.40625
vt 0.375 0.375
vt 0.53125 0.8125
vt 0.625 0.8125
vt 0.625 0.84375
vt 0.53125 0.84375
vt 0.625 0.75
vt 0.625 0.78125
vt 0.53125 0.78125
vt 0.53125 0.75
vt 0.34375 0.4375
vt 0.34375 0.46875
vt 0.25 0.46875
vt 0.25 0.4375
vt 0.625 0.71875
vt 0.53125 0.71875
vt 0.53125 0.6875
vt 0.625 0.6875
vn 1 0 0
vn -1 0 0
vn 0 0.7372773368101242 0.6755902076156601
vn 0 -0.7372773368101242 -0.6755902076156601
vn 0 -0.6755902076156601 0.7372773368101242
vn 0 0.6755902076156601 -0.7372773368101242
usemtl m_ede1f5c5-55f8-8291-5e71-77e3daa0a758
f 2926/8317/2080 2925/8318/2080 2927/8319/2080 2928/8320/2080
f 2931/8321/2081 2929/8322/2081 2930/8323/2081 2932/8324/2081
f 2929/8325/2082 2925/8326/2082 2926/8327/2082 2930/8328/2082
f 2928/8329/2083 2927/8330/2083 2931/8331/2083 2932/8332/2083
f 2927/8333/2084 2925/8334/2084 2929/8335/2084 2931/8336/2084
f 2930/8337/2085 2926/8338/2085 2928/8339/2085 2932/8340/2085
o mesh
v 0.015625000000000278 0.013405659083205748 -0.39652280844423204
v 0.015625000000000278 0.017628097880803613 -0.4011307917992953
v 0.015625000000000278 0.011101667405674108 -0.398634027843031
v 0.015625000000000278 0.01532410620327198 -0.4032420111980942
v -0.14062499999999972 0.013405659083205748 -0.39652280844423204
v -0.14062499999999972 0.017628097880803613 -0.4011307917992953
v -0.14062499999999972 0.011101667405674108 -0.398634027843031
v -0.14062499999999972 0.01532410620327198 -0.4032420111980942
vt 0.46875 0.40625
vt 0.4375 0.40625
vt 0.4375 0.375
vt 0.46875 0.375
vt 0.53125 0.375
vt 0.53125 0.40625
vt 0.5 0.40625
vt 0.5 0.375
vt 0.53125 0.625
vt 0.625 0.625
vt 0.625 0.65625
vt 0.53125 0.65625
vt 0.46875 0.4375
vt 0.46875 0.46875
vt 0.375 0.46875
vt 0.375 0.4375
vt 0.625 0.5625
vt 0.625 0.59375
vt 0.53125 0.59375
vt 0.53125 0.5625
vt 0.625 0.53125
vt 0.53125 0.53125
vt 0.53125 0.5
vt 0.625 0.5
vn 1 0 0
vn -1 0 0
vn 0 0.7372773368101242 0.6755902076156601
vn 0 -0.7372773368101242 -0.6755902076156601
vn 0 -0.6755902076156601 0.7372773368101242
vn 0 0.6755902076156601 -0.7372773368101242
usemtl m_ede1f5c5-55f8-8291-5e71-77e3daa0a758
f 2934/8341/2086 2933/8342/2086 2935/8343/2086 2936/8344/2086
f 2939/8345/2087 2937/8346/2087 2938/8347/2087 2940/8348/2087
f 2937/8349/2088 2933/8350/2088 2934/8351/2088 2938/8352/2088
f 2936/8353/2089 2935/8354/2089 2939/8355/2089 2940/8356/2089
f 2935/8357/2090 2933/8358/2090 2937/8359/2090 2939/8360/2090
f 2938/8361/2091 2934/8362/2091 2936/8363/2091 2940/8364/2091
o mesh
v -0.13437499999999974 0.01762809788080353 -0.4011307917992952
v -0.13437499999999974 0.07251980224957591 -0.46103457541511783
v -0.13437499999999974 0.01532410620327189 -0.40324201119809416
v -0.13437499999999974 0.07021581057204428 -0.4631457948139167
v -0.14062499999999972 0.01762809788080353 -0.4011307917992952
v -0.14062499999999972 0.07251980224957591 -0.46103457541511783
v -0.14062499999999972 0.01532410620327189 -0.40324201119809416
v -0.14062499999999972 0.07021581057204428 -0.4631457948139167
vt 0.625 0.46875
vt 0.59375 0.46875
vt 0.59375 0.4375
vt 0.625 0.4375
vt 0.59375 0.375
vt 0.59375 0.40625
vt 0.5625 0.40625
vt 0.5625 0.375
vt 0 0.34375
vt 0.03125 0.34375
vt 0.03125 0.375
vt 0 0.375
vt 0.09375 0.34375
vt 0.09375 0.375
vt 0.0625 0.375
vt 0.0625 0.34375
vt 0.65625 0.375
vt 0.65625 0.40625
vt 0.625 0.40625
vt 0.625 0.375
vt 0.6875 1
vt 0.65625 1
vt 0.65625 0.96875
vt 0.6875 0.96875
vn 1 0 0
vn -1 0 0
vn 0 0.7372773368101242 0.6755902076156601
vn 0 -0.7372773368101242 -0.6755902076156601
vn 0 -0.6755902076156601 0.7372773368101242
vn 0 0.6755902076156601 -0.7372773368101242
usemtl m_ede1f5c5-55f8-8291-5e71-77e3daa0a758
f 2942/8365/2092 2941/8366/2092 2943/8367/2092 2944/8368/2092
f 2947/8369/2093 2945/8370/2093 2946/8371/2093 2948/8372/2093
f 2945/8373/2094 2941/8374/2094 2942/8375/2094 2946/8376/2094
f 2944/8377/2095 2943/8378/2095 2947/8379/2095 2948/8380/2095
f 2943/8381/2096 2941/8382/2096 2945/8383/2096 2947/8384/2096
f 2946/8385/2097 2942/8386/2097 2944/8387/2097 2948/8388/2097
o mesh
v 0.01562499999999993 0.01762809788080353 -0.4011307917992952
v 0.01562499999999993 0.07251980224957591 -0.46103457541511783
v 0.01562499999999993 0.01532410620327189 -0.40324201119809416
v 0.01562499999999993 0.07021581057204428 -0.4631457948139167
v 0.009374999999999939 0.01762809788080353 -0.4011307917992952
v 0.009374999999999939 0.07251980224957591 -0.46103457541511783
v 0.009374999999999939 0.01532410620327189 -0.40324201119809416
v 0.009374999999999939 0.07021581057204428 -0.4631457948139167
vt 0.6875 0.9375
vt 0.65625 0.9375
vt 0.65625 0.90625
vt 0.6875 0.90625
vt 0.15625 0.3125
vt 0.15625 0.34375
vt 0.125 0.34375
vt 0.125 0.3125
vt 0.65625 0.84375
vt 0.6875 0.84375
vt 0.6875 0.875
vt 0.65625 0.875
vt 0.21875 0.3125
vt 0.21875 0.34375
vt 0.1875 0.34375
vt 0.1875 0.3125
vt 0.6875 0.78125
vt 0.6875 0.8125
vt 0.65625 0.8125
vt 0.65625 0.78125
vt 0.28125 0.34375
vt 0.25 0.34375
vt 0.25 0.3125
vt 0.28125 0.3125
vn 1 0 0
vn -1 0 0
vn 0 0.7372773368101242 0.6755902076156601
vn 0 -0.7372773368101242 -0.6755902076156601
vn 0 -0.6755902076156601 0.7372773368101242
vn 0 0.6755902076156601 -0.7372773368101242
usemtl m_ede1f5c5-55f8-8291-5e71-77e3daa0a758
f 2950/8389/2098 2949/8390/2098 2951/8391/2098 2952/8392/2098
f 2955/8393/2099 2953/8394/2099 2954/8395/2099 2956/8396/2099
f 2953/8397/2100 2949/8398/2100 2950/8399/2100 2954/8400/2100
f 2952/8401/2101 2951/8402/2101 2955/8403/2101 2956/8404/2101
f 2951/8405/2102 2949/8406/2102 2953/8407/2102 2955/8408/2102
f 2954/8409/2103 2950/8410/2103 2952/8411/2103 2956/8412/2103
o mesh
v -0.056249999999999724 0.04062045955083646 -0.43062822173070936
v -0.056249999999999724 0.040893080721869805 -0.43687227311559595
v -0.056249999999999724 -0.0015268872971481613 -0.4324684146351845
v -0.056249999999999724 -0.0012542661261148134 -0.4387124660200711
v -0.06874999999999973 0.04062045955083646 -0.43062822173070936
v -0.06874999999999973 0.040893080721869805 -0.43687227311559595
v -0.06874999999999973 -0.0015268872971481613 -0.4324684146351845
v -0.06874999999999973 -0.0012542661261148134 -0.4387124660200711
vt 0.6875 0.75
vt 0.65625 0.75
vt 0.65625 0.71875
vt 0.6875 0.71875
vt 0.34375 0.3125
vt 0.34375 0.34375
vt 0.3125 0.34375
vt 0.3125 0.3125
vt 0.65625 0.65625
vt 0.6875 0.65625
vt 0.6875 0.6875
vt 0.65625 0.6875
vt 0.40625 0.3125
vt 0.40625 0.34375
vt 0.375 0.34375
vt 0.375 0.3125
vt 0.6875 0.59375
vt 0.6875 0.625
vt 0.65625 0.625
vt 0.65625 0.59375
vt 0.46875 0.34375
vt 0.4375 0.34375
vt 0.4375 0.3125
vt 0.46875 0.3125
vn 1 0 0
vn -1 0 0
vn 0 0.9990482215818579 0.04361938736533588
vn 0 -0.9990482215818579 -0.04361938736533588
vn 0 -0.04361938736533588 0.9990482215818579
vn 0 0.04361938736533588 -0.9990482215818579
usemtl m_ede1f5c5-55f8-8291-5e71-77e3daa0a758
f 2958/8413/2104 2957/8414/2104 2959/8415/2104 2960/8416/2104
f 2963/8417/2105 2961/8418/2105 2962/8419/2105 2964/8420/2105
f 2961/8421/2106 2957/8422/2106 2958/8423/2106 2962/8424/2106
f 2960/8425/2107 2959/8426/2107 2963/8427/2107 2964/8428/2107
f 2959/8429/2108 2957/8430/2108 2961/8431/2108 2963/8432/2108
f 2962/8433/2109 2958/8434/2109 2960/8435/2109 2964/8436/2109
o plane
v 0.009375000000000272 0.016476102042037737 -0.40218640149869467
v 0.009375000000000272 0.07136780641081013 -0.46209018511451727
v -0.13437499999999972 0.016476102042037737 -0.40218640149869467
v -0.13437499999999972 0.07136780641081013 -0.46209018511451727
vt 0.3125 0.34375
vt 0.3125 0.40625
vt 0.21875 0.40625
vt 0.21875 0.34375
vn 0 0.7372773368101242 0.6755902076156601
usemtl m_ede1f5c5-55f8-8291-5e71-77e3daa0a758
f 2965/8437/2110 2966/8438/2110 2968/8439/2110 2967/8440/2110
o mesh
v 0.17187500000000033 0.011101667405674046 -0.39863402784303087
v 0.17187500000000033 0.07443824936964218 -0.46775377816898
v 0.17187500000000033 0.008797675728142409 -0.4007452472418298
v 0.17187500000000033 0.07213425769211054 -0.46986499756777894
v 0.015625000000000333 0.011101667405674046 -0.39863402784303087
v 0.015625000000000333 0.07443824936964218 -0.46775377816898
v 0.015625000000000333 0.008797675728142409 -0.4007452472418298
v 0.015625000000000333 0.07213425769211054 -0.46986499756777894
vt 0.5625 0.46875
vt 0.5 0.46875
vt 0.5 0.4375
vt 0.5625 0.4375
vt 0.1875 0.375
vt 0.1875 0.40625
vt 0.125 0.40625
vt 0.125 0.375
vt 0 0.40625
vt 0.09375 0.40625
vt 0.09375 0.46875
vt 0 0.46875
vt 0.625 0.9375
vt 0.625 1
vt 0.53125 1
vt 0.53125 0.9375
vt 0.625 0.875
vt 0.625 0.90625
vt 0.53125 0.90625
vt 0.53125 0.875
vt 0.21875 0.46875
vt 0.125 0.46875
vt 0.125 0.4375
vt 0.21875 0.4375
vn 1 0 0
vn -1 0 0
vn 0 0.7372773368101242 0.6755902076156601
vn 0 -0.7372773368101242 -0.6755902076156601
vn 0 -0.6755902076156601 0.7372773368101242
vn 0 0.6755902076156601 -0.7372773368101242
usemtl m_ede1f5c5-55f8-8291-5e71-77e3daa0a758
f 2970/8441/2111 2969/8442/2111 2971/8443/2111 2972/8444/2111
f 2975/8445/2112 2973/8446/2112 2974/8447/2112 2976/8448/2112
f 2973/8449/2113 2969/8450/2113 2970/8451/2113 2974/8452/2113
f 2972/8453/2114 2971/8454/2114 2975/8455/2114 2976/8456/2114
f 2971/8457/2115 2969/8458/2115 2973/8459/2115 2975/8460/2115
f 2974/8461/2116 2970/8462/2116 2972/8463/2116 2976/8464/2116
o mesh
v 0.17187500000000033 0.07251980224957595 -0.46103457541511783
v 0.17187500000000033 0.07674224104717381 -0.46564255877018107
v 0.17187500000000033 0.0702158105720443 -0.46314579481391677
v 0.17187500000000033 0.07443824936964218 -0.46775377816898
v 0.015625000000000333 0.07251980224957595 -0.46103457541511783
v 0.015625000000000333 0.07674224104717381 -0.46564255877018107
v 0.015625000000000333 0.0702158105720443 -0.46314579481391677
v 0.015625000000000333 0.07443824936964218 -0.46775377816898
vt 0.34375 0.40625
vt 0.3125 0.40625
vt 0.3125 0.375
vt 0.34375 0.375
vt 0.40625 0.375
vt 0.40625 0.40625
vt 0.375 0.40625
vt 0.375 0.375
vt 0.53125 0.8125
vt 0.625 0.8125
vt 0.625 0.84375
vt 0.53125 0.84375
vt 0.625 0.75
vt 0.625 0.78125
vt 0.53125 0.78125
vt 0.53125 0.75
vt 0.34375 0.4375
vt 0.34375 0.46875
vt 0.25 0.46875
vt 0.25 0.4375
vt 0.625 0.71875
vt 0.53125 0.71875
vt 0.53125 0.6875
vt 0.625 0.6875
vn 1 0 0
vn -1 0 0
vn 0 0.7372773368101242 0.6755902076156601
vn 0 -0.7372773368101242 -0.6755902076156601
vn 0 -0.6755902076156601 0.7372773368101242
vn 0 0.6755902076156601 -0.7372773368101242
usemtl m_ede1f5c5-55f8-8291-5e71-77e3daa0a758
f 2978/8465/2117 2977/8466/2117 2979/8467/2117 2980/8468/2117
f 2983/8469/2118 2981/8470/2118 2982/8471/2118 2984/8472/2118
f 2981/8473/2119 2977/8474/2119 2978/8475/2119 2982/8476/2119
f 2980/8477/2120 2979/8478/2120 2983/8479/2120 2984/8480/2120
f 2979/8481/2121 2977/8482/2121 2981/8483/2121 2983/8484/2121
f 2982/8485/2122 2978/8486/2122 2980/8487/2122 2984/8488/2122
o mesh
v 0.17187500000000033 0.013405659083205748 -0.39652280844423204
v 0.17187500000000033 0.017628097880803613 -0.4011307917992953
v 0.17187500000000033 0.011101667405674108 -0.398634027843031
v 0.17187500000000033 0.01532410620327198 -0.4032420111980942
v 0.015625000000000333 0.013405659083205748 -0.39652280844423204
v 0.015625000000000333 0.017628097880803613 -0.4011307917992953
v 0.015625000000000333 0.011101667405674108 -0.398634027843031
v 0.015625000000000333 0.01532410620327198 -0.4032420111980942
vt 0.46875 0.40625
vt 0.4375 0.40625
vt 0.4375 0.375
vt 0.46875 0.375
vt 0.53125 0.375
vt 0.53125 0.40625
vt 0.5 0.40625
vt 0.5 0.375
vt 0.53125 0.625
vt 0.625 0.625
vt 0.625 0.65625
vt 0.53125 0.65625
vt 0.46875 0.4375
vt 0.46875 0.46875
vt 0.375 0.46875
vt 0.375 0.4375
vt 0.625 0.5625
vt 0.625 0.59375
vt 0.53125 0.59375
vt 0.53125 0.5625
vt 0.625 0.53125
vt 0.53125 0.53125
vt 0.53125 0.5
vt 0.625 0.5
vn 1 0 0
vn -1 0 0
vn 0 0.7372773368101242 0.6755902076156601
vn 0 -0.7372773368101242 -0.6755902076156601
vn 0 -0.6755902076156601 0.7372773368101242
vn 0 0.6755902076156601 -0.7372773368101242
usemtl m_ede1f5c5-55f8-8291-5e71-77e3daa0a758
f 2986/8489/2123 2985/8490/2123 2987/8491/2123 2988/8492/2123
f 2991/8493/2124 2989/8494/2124 2990/8495/2124 2992/8496/2124
f 2989/8497/2125 2985/8498/2125 2986/8499/2125 2990/8500/2125
f 2988/8501/2126 2987/8502/2126 2991/8503/2126 2992/8504/2126
f 2987/8505/2127 2985/8506/2127 2989/8507/2127 2991/8508/2127
f 2990/8509/2128 2986/8510/2128 2988/8511/2128 2992/8512/2128
o mesh
v 0.021875000000000325 0.01762809788080353 -0.4011307917992952
v 0.021875000000000325 0.07251980224957591 -0.46103457541511783
v 0.021875000000000325 0.01532410620327189 -0.40324201119809416
v 0.021875000000000325 0.07021581057204428 -0.4631457948139167
v 0.015625000000000333 0.01762809788080353 -0.4011307917992952
v 0.015625000000000333 0.07251980224957591 -0.46103457541511783
v 0.015625000000000333 0.01532410620327189 -0.40324201119809416
v 0.015625000000000333 0.07021581057204428 -0.4631457948139167
vt 0.625 0.46875
vt 0.59375 0.46875
vt 0.59375 0.4375
vt 0.625 0.4375
vt 0.59375 0.375
vt 0.59375 0.40625
vt 0.5625 0.40625
vt 0.5625 0.375
vt 0 0.34375
vt 0.03125 0.34375
vt 0.03125 0.375
vt 0 0.375
vt 0.09375 0.34375
vt 0.09375 0.375
vt 0.0625 0.375
vt 0.0625 0.34375
vt 0.65625 0.375
vt 0.65625 0.40625
vt 0.625 0.40625
vt 0.625 0.375
vt 0.6875 1
vt 0.65625 1
vt 0.65625 0.96875
vt 0.6875 0.96875
vn 1 0 0
vn -1 0 0
vn 0 0.7372773368101242 0.6755902076156601
vn 0 -0.7372773368101242 -0.6755902076156601
vn 0 -0.6755902076156601 0.7372773368101242
vn 0 0.6755902076156601 -0.7372773368101242
usemtl m_ede1f5c5-55f8-8291-5e71-77e3daa0a758
f 2994/8513/2129 2993/8514/2129 2995/8515/2129 2996/8516/2129
f 2999/8517/2130 2997/8518/2130 2998/8519/2130 3000/8520/2130
f 2997/8521/2131 2993/8522/2131 2994/8523/2131 2998/8524/2131
f 2996/8525/2132 2995/8526/2132 2999/8527/2132 3000/8528/2132
f 2995/8529/2133 2993/8530/2133 2997/8531/2133 2999/8532/2133
f 2998/8533/2134 2994/8534/2134 2996/8535/2134 3000/8536/2134
o mesh
v 0.171875 0.01762809788080353 -0.4011307917992952
v 0.171875 0.07251980224957591 -0.46103457541511783
v 0.171875 0.01532410620327189 -0.40324201119809416
v 0.171875 0.07021581057204428 -0.4631457948139167
v 0.16562500000000002 0.01762809788080353 -0.4011307917992952
v 0.16562500000000002 0.07251980224957591 -0.46103457541511783
v 0.16562500000000002 0.01532410620327189 -0.40324201119809416
v 0.16562500000000002 0.07021581057204428 -0.4631457948139167
vt 0.6875 0.9375
vt 0.65625 0.9375
vt 0.65625 0.90625
vt 0.6875 0.90625
vt 0.15625 0.3125
vt 0.15625 0.34375
vt 0.125 0.34375
vt 0.125 0.3125
vt 0.65625 0.84375
vt 0.6875 0.84375
vt 0.6875 0.875
vt 0.65625 0.875
vt 0.21875 0.3125
vt 0.21875 0.34375
vt 0.1875 0.34375
vt 0.1875 0.3125
vt 0.6875 0.78125
vt 0.6875 0.8125
vt 0.65625 0.8125
vt 0.65625 0.78125
vt 0.28125 0.34375
vt 0.25 0.34375
vt 0.25 0.3125
vt 0.28125 0.3125
vn 1 0 0
vn -1 0 0
vn 0 0.7372773368101242 0.6755902076156601
vn 0 -0.7372773368101242 -0.6755902076156601
vn 0 -0.6755902076156601 0.7372773368101242
vn 0 0.6755902076156601 -0.7372773368101242
usemtl m_ede1f5c5-55f8-8291-5e71-77e3daa0a758
f 3002/8537/2135 3001/8538/2135 3003/8539/2135 3004/8540/2135
f 3007/8541/2136 3005/8542/2136 3006/8543/2136 3008/8544/2136
f 3005/8545/2137 3001/8546/2137 3002/8547/2137 3006/8548/2137
f 3004/8549/2138 3003/8550/2138 3007/8551/2138 3008/8552/2138
f 3003/8553/2139 3001/8554/2139 3005/8555/2139 3007/8556/2139
f 3006/8557/2140 3002/8558/2140 3004/8559/2140 3008/8560/2140
o mesh
v 0.10000000000000034 0.04062045955083646 -0.43062822173070936
v 0.10000000000000034 0.040893080721869805 -0.43687227311559595
v 0.10000000000000034 -0.0015268872971481613 -0.4324684146351845
v 0.10000000000000034 -0.0012542661261148134 -0.4387124660200711
v 0.08750000000000033 0.04062045955083646 -0.43062822173070936
v 0.08750000000000033 0.040893080721869805 -0.43687227311559595
v 0.08750000000000033 -0.0015268872971481613 -0.4324684146351845
v 0.08750000000000033 -0.0012542661261148134 -0.4387124660200711
vt 0.6875 0.75
vt 0.65625 0.75
vt 0.65625 0.71875
vt 0.6875 0.71875
vt 0.34375 0.3125
vt 0.34375 0.34375
vt 0.3125 0.34375
vt 0.3125 0.3125
vt 0.65625 0.65625
vt 0.6875 0.65625
vt 0.6875 0.6875
vt 0.65625 0.6875
vt 0.40625 0.3125
vt 0.40625 0.34375
vt 0.375 0.34375
vt 0.375 0.3125
vt 0.6875 0.59375
vt 0.6875 0.625
vt 0.65625 0.625
vt 0.65625 0.59375
vt 0.46875 0.34375
vt 0.4375 0.34375
vt 0.4375 0.3125
vt 0.46875 0.3125
vn 1 0 0
vn -1 0 0
vn 0 0.9990482215818579 0.04361938736533588
vn 0 -0.9990482215818579 -0.04361938736533588
vn 0 -0.04361938736533588 0.9990482215818579
vn 0 0.04361938736533588 -0.9990482215818579
usemtl m_ede1f5c5-55f8-8291-5e71-77e3daa0a758
f 3010/8561/2141 3009/8562/2141 3011/8563/2141 3012/8564/2141
f 3015/8565/2142 3013/8566/2142 3014/8567/2142 3016/8568/2142
f 3013/8569/2143 3009/8570/2143 3010/8571/2143 3014/8572/2143
f 3012/8573/2144 3011/8574/2144 3015/8575/2144 3016/8576/2144
f 3011/8577/2145 3009/8578/2145 3013/8579/2145 3015/8580/2145
f 3014/8581/2146 3010/8582/2146 3012/8583/2146 3016/8584/2146
o plane
v 0.16562500000000033 0.016476102042037737 -0.40218640149869467
v 0.16562500000000033 0.07136780641081013 -0.46209018511451727
v 0.02187500000000034 0.016476102042037737 -0.40218640149869467
v 0.02187500000000034 0.07136780641081013 -0.46209018511451727
vt 0.3125 0.34375
vt 0.3125 0.40625
vt 0.21875 0.40625
vt 0.21875 0.34375
vn 0 0.7372773368101242 0.6755902076156601
usemtl m_ede1f5c5-55f8-8291-5e71-77e3daa0a758
f 3017/8585/2147 3018/8586/2147 3020/8587/2147 3019/8588/2147
o mesh
v 0.32812500000000033 0.011101667405674046 -0.39863402784303087
v 0.32812500000000033 0.07443824936964218 -0.46775377816898
v 0.32812500000000033 0.008797675728142409 -0.4007452472418298
v 0.32812500000000033 0.07213425769211054 -0.46986499756777894
v 0.17187500000000033 0.011101667405674046 -0.39863402784303087
v 0.17187500000000033 0.07443824936964218 -0.46775377816898
v 0.17187500000000033 0.008797675728142409 -0.4007452472418298
v 0.17187500000000033 0.07213425769211054 -0.46986499756777894
vt 0.5625 0.46875
vt 0.5 0.46875
vt 0.5 0.4375
vt 0.5625 0.4375
vt 0.1875 0.375
vt 0.1875 0.40625
vt 0.125 0.40625
vt 0.125 0.375
vt 0 0.40625
vt 0.09375 0.40625
vt 0.09375 0.46875
vt 0 0.46875
vt 0.625 0.9375
vt 0.625 1
vt 0.53125 1
vt 0.53125 0.9375
vt 0.625 0.875
vt 0.625 0.90625
vt 0.53125 0.90625
vt 0.53125 0.875
vt 0.21875 0.46875
vt 0.125 0.46875
vt 0.125 0.4375
vt 0.21875 0.4375
vn 1 0 0
vn -1 0 0
vn 0 0.7372773368101242 0.6755902076156601
vn 0 -0.7372773368101242 -0.6755902076156601
vn 0 -0.6755902076156601 0.7372773368101242
vn 0 0.6755902076156601 -0.7372773368101242
usemtl m_ede1f5c5-55f8-8291-5e71-77e3daa0a758
f 3022/8589/2148 3021/8590/2148 3023/8591/2148 3024/8592/2148
f 3027/8593/2149 3025/8594/2149 3026/8595/2149 3028/8596/2149
f 3025/8597/2150 3021/8598/2150 3022/8599/2150 3026/8600/2150
f 3024/8601/2151 3023/8602/2151 3027/8603/2151 3028/8604/2151
f 3023/8605/2152 3021/8606/2152 3025/8607/2152 3027/8608/2152
f 3026/8609/2153 3022/8610/2153 3024/8611/2153 3028/8612/2153
o mesh
v 0.32812500000000033 0.07251980224957595 -0.46103457541511783
v 0.32812500000000033 0.07674224104717381 -0.46564255877018107
v 0.32812500000000033 0.0702158105720443 -0.46314579481391677
v 0.32812500000000033 0.07443824936964218 -0.46775377816898
v 0.17187500000000033 0.07251980224957595 -0.46103457541511783
v 0.17187500000000033 0.07674224104717381 -0.46564255877018107
v 0.17187500000000033 0.0702158105720443 -0.46314579481391677
v 0.17187500000000033 0.07443824936964218 -0.46775377816898
vt 0.34375 0.40625
vt 0.3125 0.40625
vt 0.3125 0.375
vt 0.34375 0.375
vt 0.40625 0.375
vt 0.40625 0.40625
vt 0.375 0.40625
vt 0.375 0.375
vt 0.53125 0.8125
vt 0.625 0.8125
vt 0.625 0.84375
vt 0.53125 0.84375
vt 0.625 0.75
vt 0.625 0.78125
vt 0.53125 0.78125
vt 0.53125 0.75
vt 0.34375 0.4375
vt 0.34375 0.46875
vt 0.25 0.46875
vt 0.25 0.4375
vt 0.625 0.71875
vt 0.53125 0.71875
vt 0.53125 0.6875
vt 0.625 0.6875
vn 1 0 0
vn -1 0 0
vn 0 0.7372773368101242 0.6755902076156601
vn 0 -0.7372773368101242 -0.6755902076156601
vn 0 -0.6755902076156601 0.7372773368101242
vn 0 0.6755902076156601 -0.7372773368101242
usemtl m_ede1f5c5-55f8-8291-5e71-77e3daa0a758
f 3030/8613/2154 3029/8614/2154 3031/8615/2154 3032/8616/2154
f 3035/8617/2155 3033/8618/2155 3034/8619/2155 3036/8620/2155
f 3033/8621/2156 3029/8622/2156 3030/8623/2156 3034/8624/2156
f 3032/8625/2157 3031/8626/2157 3035/8627/2157 3036/8628/2157
f 3031/8629/2158 3029/8630/2158 3033/8631/2158 3035/8632/2158
f 3034/8633/2159 3030/8634/2159 3032/8635/2159 3036/8636/2159
o mesh
v 0.32812500000000033 0.013405659083205748 -0.39652280844423204
v 0.32812500000000033 0.017628097880803613 -0.4011307917992953
v 0.32812500000000033 0.011101667405674108 -0.398634027843031
v 0.32812500000000033 0.01532410620327198 -0.4032420111980942
v 0.17187500000000033 0.013405659083205748 -0.39652280844423204
v 0.17187500000000033 0.017628097880803613 -0.4011307917992953
v 0.17187500000000033 0.011101667405674108 -0.398634027843031
v 0.17187500000000033 0.01532410620327198 -0.4032420111980942
vt 0.46875 0.40625
vt 0.4375 0.40625
vt 0.4375 0.375
vt 0.46875 0.375
vt 0.53125 0.375
vt 0.53125 0.40625
vt 0.5 0.40625
vt 0.5 0.375
vt 0.53125 0.625
vt 0.625 0.625
vt 0.625 0.65625
vt 0.53125 0.65625
vt 0.46875 0.4375
vt 0.46875 0.46875
vt 0.375 0.46875
vt 0.375 0.4375
vt 0.625 0.5625
vt 0.625 0.59375
vt 0.53125 0.59375
vt 0.53125 0.5625
vt 0.625 0.53125
vt 0.53125 0.53125
vt 0.53125 0.5
vt 0.625 0.5
vn 1 0 0
vn -1 0 0
vn 0 0.7372773368101242 0.6755902076156601
vn 0 -0.7372773368101242 -0.6755902076156601
vn 0 -0.6755902076156601 0.7372773368101242
vn 0 0.6755902076156601 -0.7372773368101242
usemtl m_ede1f5c5-55f8-8291-5e71-77e3daa0a758
f 3038/8637/2160 3037/8638/2160 3039/8639/2160 3040/8640/2160
f 3043/8641/2161 3041/8642/2161 3042/8643/2161 3044/8644/2161
f 3041/8645/2162 3037/8646/2162 3038/8647/2162 3042/8648/2162
f 3040/8649/2163 3039/8650/2163 3043/8651/2163 3044/8652/2163
f 3039/8653/2164 3037/8654/2164 3041/8655/2164 3043/8656/2164
f 3042/8657/2165 3038/8658/2165 3040/8659/2165 3044/8660/2165
o mesh
v 0.1781250000000003 0.01762809788080353 -0.4011307917992952
v 0.1781250000000003 0.07251980224957591 -0.46103457541511783
v 0.1781250000000003 0.01532410620327189 -0.40324201119809416
v 0.1781250000000003 0.07021581057204428 -0.4631457948139167
v 0.17187500000000033 0.01762809788080353 -0.4011307917992952
v 0.17187500000000033 0.07251980224957591 -0.46103457541511783
v 0.17187500000000033 0.01532410620327189 -0.40324201119809416
v 0.17187500000000033 0.07021581057204428 -0.4631457948139167
vt 0.625 0.46875
vt 0.59375 0.46875
vt 0.59375 0.4375
vt 0.625 0.4375
vt 0.59375 0.375
vt 0.59375 0.40625
vt 0.5625 0.40625
vt 0.5625 0.375
vt 0 0.34375
vt 0.03125 0.34375
vt 0.03125 0.375
vt 0 0.375
vt 0.09375 0.34375
vt 0.09375 0.375
vt 0.0625 0.375
vt 0.0625 0.34375
vt 0.65625 0.375
vt 0.65625 0.40625
vt 0.625 0.40625
vt 0.625 0.375
vt 0.6875 1
vt 0.65625 1
vt 0.65625 0.96875
vt 0.6875 0.96875
vn 1 0 0
vn -1 0 0
vn 0 0.7372773368101242 0.6755902076156601
vn 0 -0.7372773368101242 -0.6755902076156601
vn 0 -0.6755902076156601 0.7372773368101242
vn 0 0.6755902076156601 -0.7372773368101242
usemtl m_ede1f5c5-55f8-8291-5e71-77e3daa0a758
f 3046/8661/2166 3045/8662/2166 3047/8663/2166 3048/8664/2166
f 3051/8665/2167 3049/8666/2167 3050/8667/2167 3052/8668/2167
f 3049/8669/2168 3045/8670/2168 3046/8671/2168 3050/8672/2168
f 3048/8673/2169 3047/8674/2169 3051/8675/2169 3052/8676/2169
f 3047/8677/2170 3045/8678/2170 3049/8679/2170 3051/8680/2170
f 3050/8681/2171 3046/8682/2171 3048/8683/2171 3052/8684/2171
o mesh
v 0.3281249999999998 0.01762809788080353 -0.4011307917992952
v 0.3281249999999998 0.07251980224957591 -0.46103457541511783
v 0.3281249999999998 0.01532410620327189 -0.40324201119809416
v 0.3281249999999998 0.07021581057204428 -0.4631457948139167
v 0.3218749999999998 0.01762809788080353 -0.4011307917992952
v 0.3218749999999998 0.07251980224957591 -0.46103457541511783
v 0.3218749999999998 0.01532410620327189 -0.40324201119809416
v 0.3218749999999998 0.07021581057204428 -0.4631457948139167
vt 0.6875 0.9375
vt 0.65625 0.9375
vt 0.65625 0.90625
vt 0.6875 0.90625
vt 0.15625 0.3125
vt 0.15625 0.34375
vt 0.125 0.34375
vt 0.125 0.3125
vt 0.65625 0.84375
vt 0.6875 0.84375
vt 0.6875 0.875
vt 0.65625 0.875
vt 0.21875 0.3125
vt 0.21875 0.34375
vt 0.1875 0.34375
vt 0.1875 0.3125
vt 0.6875 0.78125
vt 0.6875 0.8125
vt 0.65625 0.8125
vt 0.65625 0.78125
vt 0.28125 0.34375
vt 0.25 0.34375
vt 0.25 0.3125
vt 0.28125 0.3125
vn 1 0 0
vn -1 0 0
vn 0 0.7372773368101242 0.6755902076156601
vn 0 -0.7372773368101242 -0.6755902076156601
vn 0 -0.6755902076156601 0.7372773368101242
vn 0 0.6755902076156601 -0.7372773368101242
usemtl m_ede1f5c5-55f8-8291-5e71-77e3daa0a758
f 3054/8685/2172 3053/8686/2172 3055/8687/2172 3056/8688/2172
f 3059/8689/2173 3057/8690/2173 3058/8691/2173 3060/8692/2173
f 3057/8693/2174 3053/8694/2174 3054/8695/2174 3058/8696/2174
f 3056/8697/2175 3055/8698/2175 3059/8699/2175 3060/8700/2175
f 3055/8701/2176 3053/8702/2176 3057/8703/2176 3059/8704/2176
f 3058/8705/2177 3054/8706/2177 3056/8707/2177 3060/8708/2177
o mesh
v 0.2562500000000003 0.04062045955083646 -0.43062822173070936
v 0.2562500000000003 0.040893080721869805 -0.43687227311559595
v 0.2562500000000003 -0.0015268872971481613 -0.4324684146351845
v 0.2562500000000003 -0.0012542661261148134 -0.4387124660200711
v 0.24375000000000033 0.04062045955083646 -0.43062822173070936
v 0.24375000000000033 0.040893080721869805 -0.43687227311559595
v 0.24375000000000033 -0.0015268872971481613 -0.4324684146351845
v 0.24375000000000033 -0.0012542661261148134 -0.4387124660200711
vt 0.6875 0.75
vt 0.65625 0.75
vt 0.65625 0.71875
vt 0.6875 0.71875
vt 0.34375 0.3125
vt 0.34375 0.34375
vt 0.3125 0.34375
vt 0.3125 0.3125
vt 0.65625 0.65625
vt 0.6875 0.65625
vt 0.6875 0.6875
vt 0.65625 0.6875
vt 0.40625 0.3125
vt 0.40625 0.34375
vt 0.375 0.34375
vt 0.375 0.3125
vt 0.6875 0.59375
vt 0.6875 0.625
vt 0.65625 0.625
vt 0.65625 0.59375
vt 0.46875 0.34375
vt 0.4375 0.34375
vt 0.4375 0.3125
vt 0.46875 0.3125
vn 1 0 0
vn -1 0 0
vn 0 0.9990482215818579 0.04361938736533588
vn 0 -0.9990482215818579 -0.04361938736533588
vn 0 -0.04361938736533588 0.9990482215818579
vn 0 0.04361938736533588 -0.9990482215818579
usemtl m_ede1f5c5-55f8-8291-5e71-77e3daa0a758
f 3062/8709/2178 3061/8710/2178 3063/8711/2178 3064/8712/2178
f 3067/8713/2179 3065/8714/2179 3066/8715/2179 3068/8716/2179
f 3065/8717/2180 3061/8718/2180 3062/8719/2180 3066/8720/2180
f 3064/8721/2181 3063/8722/2181 3067/8723/2181 3068/8724/2181
f 3063/8725/2182 3061/8726/2182 3065/8727/2182 3067/8728/2182
f 3066/8729/2183 3062/8730/2183 3064/8731/2183 3068/8732/2183
o plane
v 0.32187500000000036 0.016476102042037737 -0.40218640149869467
v 0.32187500000000036 0.07136780641081013 -0.46209018511451727
v 0.17812500000000034 0.016476102042037737 -0.40218640149869467
v 0.17812500000000034 0.07136780641081013 -0.46209018511451727
vt 0.3125 0.34375
vt 0.3125 0.40625
vt 0.21875 0.40625
vt 0.21875 0.34375
vn 0 0.7372773368101242 0.6755902076156601
usemtl m_ede1f5c5-55f8-8291-5e71-77e3daa0a758
f 3069/8733/2184 3070/8734/2184 3072/8735/2184 3071/8736/2184
o mesh
v 0.4843750000000001 0.011101667405674046 -0.39863402784303087
v 0.4843750000000001 0.07443824936964218 -0.46775377816898
v 0.4843750000000001 0.008797675728142409 -0.4007452472418298
v 0.4843750000000001 0.07213425769211054 -0.46986499756777894
v 0.3281250000000001 0.011101667405674046 -0.39863402784303087
v 0.3281250000000001 0.07443824936964218 -0.46775377816898
v 0.3281250000000001 0.008797675728142409 -0.4007452472418298
v 0.3281250000000001 0.07213425769211054 -0.46986499756777894
vt 0.5625 0.46875
vt 0.5 0.46875
vt 0.5 0.4375
vt 0.5625 0.4375
vt 0.1875 0.375
vt 0.1875 0.40625
vt 0.125 0.40625
vt 0.125 0.375
vt 0 0.40625
vt 0.09375 0.40625
vt 0.09375 0.46875
vt 0 0.46875
vt 0.625 0.9375
vt 0.625 1
vt 0.53125 1
vt 0.53125 0.9375
vt 0.625 0.875
vt 0.625 0.90625
vt 0.53125 0.90625
vt 0.53125 0.875
vt 0.21875 0.46875
vt 0.125 0.46875
vt 0.125 0.4375
vt 0.21875 0.4375
vn 1 0 0
vn -1 0 0
vn 0 0.7372773368101242 0.6755902076156601
vn 0 -0.7372773368101242 -0.6755902076156601
vn 0 -0.6755902076156601 0.7372773368101242
vn 0 0.6755902076156601 -0.7372773368101242
usemtl m_ede1f5c5-55f8-8291-5e71-77e3daa0a758
f 3074/8737/2185 3073/8738/2185 3075/8739/2185 3076/8740/2185
f 3079/8741/2186 3077/8742/2186 3078/8743/2186 3080/8744/2186
f 3077/8745/2187 3073/8746/2187 3074/8747/2187 3078/8748/2187
f 3076/8749/2188 3075/8750/2188 3079/8751/2188 3080/8752/2188
f 3075/8753/2189 3073/8754/2189 3077/8755/2189 3079/8756/2189
f 3078/8757/2190 3074/8758/2190 3076/8759/2190 3080/8760/2190
o mesh
v 0.4843750000000001 0.07251980224957595 -0.46103457541511783
v 0.4843750000000001 0.07674224104717381 -0.46564255877018107
v 0.4843750000000001 0.0702158105720443 -0.46314579481391677
v 0.4843750000000001 0.07443824936964218 -0.46775377816898
v 0.3281250000000001 0.07251980224957595 -0.46103457541511783
v 0.3281250000000001 0.07674224104717381 -0.46564255877018107
v 0.3281250000000001 0.0702158105720443 -0.46314579481391677
v 0.3281250000000001 0.07443824936964218 -0.46775377816898
vt 0.34375 0.40625
vt 0.3125 0.40625
vt 0.3125 0.375
vt 0.34375 0.375
vt 0.40625 0.375
vt 0.40625 0.40625
vt 0.375 0.40625
vt 0.375 0.375
vt 0.53125 0.8125
vt 0.625 0.8125
vt 0.625 0.84375
vt 0.53125 0.84375
vt 0.625 0.75
vt 0.625 0.78125
vt 0.53125 0.78125
vt 0.53125 0.75
vt 0.34375 0.4375
vt 0.34375 0.46875
vt 0.25 0.46875
vt 0.25 0.4375
vt 0.625 0.71875
vt 0.53125 0.71875
vt 0.53125 0.6875
vt 0.625 0.6875
vn 1 0 0
vn -1 0 0
vn 0 0.7372773368101242 0.6755902076156601
vn 0 -0.7372773368101242 -0.6755902076156601
vn 0 -0.6755902076156601 0.7372773368101242
vn 0 0.6755902076156601 -0.7372773368101242
usemtl m_ede1f5c5-55f8-8291-5e71-77e3daa0a758
f 3082/8761/2191 3081/8762/2191 3083/8763/2191 3084/8764/2191
f 3087/8765/2192 3085/8766/2192 3086/8767/2192 3088/8768/2192
f 3085/8769/2193 3081/8770/2193 3082/8771/2193 3086/8772/2193
f 3084/8773/2194 3083/8774/2194 3087/8775/2194 3088/8776/2194
f 3083/8777/2195 3081/8778/2195 3085/8779/2195 3087/8780/2195
f 3086/8781/2196 3082/8782/2196 3084/8783/2196 3088/8784/2196
o mesh
v 0.4843750000000001 0.013405659083205748 -0.39652280844423204
v 0.4843750000000001 0.017628097880803613 -0.4011307917992953
v 0.4843750000000001 0.011101667405674108 -0.398634027843031
v 0.4843750000000001 0.01532410620327198 -0.4032420111980942
v 0.3281250000000001 0.013405659083205748 -0.39652280844423204
v 0.3281250000000001 0.017628097880803613 -0.4011307917992953
v 0.3281250000000001 0.011101667405674108 -0.398634027843031
v 0.3281250000000001 0.01532410620327198 -0.4032420111980942
vt 0.46875 0.40625
vt 0.4375 0.40625
vt 0.4375 0.375
vt 0.46875 0.375
vt 0.53125 0.375
vt 0.53125 0.40625
vt 0.5 0.40625
vt 0.5 0.375
vt 0.53125 0.625
vt 0.625 0.625
vt 0.625 0.65625
vt 0.53125 0.65625
vt 0.46875 0.4375
vt 0.46875 0.46875
vt 0.375 0.46875
vt 0.375 0.4375
vt 0.625 0.5625
vt 0.625 0.59375
vt 0.53125 0.59375
vt 0.53125 0.5625
vt 0.625 0.53125
vt 0.53125 0.53125
vt 0.53125 0.5
vt 0.625 0.5
vn 1 0 0
vn -1 0 0
vn 0 0.7372773368101242 0.6755902076156601
vn 0 -0.7372773368101242 -0.6755902076156601
vn 0 -0.6755902076156601 0.7372773368101242
vn 0 0.6755902076156601 -0.7372773368101242
usemtl m_ede1f5c5-55f8-8291-5e71-77e3daa0a758
f 3090/8785/2197 3089/8786/2197 3091/8787/2197 3092/8788/2197
f 3095/8789/2198 3093/8790/2198 3094/8791/2198 3096/8792/2198
f 3093/8793/2199 3089/8794/2199 3090/8795/2199 3094/8796/2199
f 3092/8797/2200 3091/8798/2200 3095/8799/2200 3096/8800/2200
f 3091/8801/2201 3089/8802/2201 3093/8803/2201 3095/8804/2201
f 3094/8805/2202 3090/8806/2202 3092/8807/2202 3096/8808/2202
o mesh
v 0.3343750000000001 0.01762809788080353 -0.4011307917992952
v 0.3343750000000001 0.07251980224957591 -0.46103457541511783
v 0.3343750000000001 0.01532410620327189 -0.40324201119809416
v 0.3343750000000001 0.07021581057204428 -0.4631457948139167
v 0.3281250000000001 0.01762809788080353 -0.4011307917992952
v 0.3281250000000001 0.07251980224957591 -0.46103457541511783
v 0.3281250000000001 0.01532410620327189 -0.40324201119809416
v 0.3281250000000001 0.07021581057204428 -0.4631457948139167
vt 0.625 0.46875
vt 0.59375 0.46875
vt 0.59375 0.4375
vt 0.625 0.4375
vt 0.59375 0.375
vt 0.59375 0.40625
vt 0.5625 0.40625
vt 0.5625 0.375
vt 0 0.34375
vt 0.03125 0.34375
vt 0.03125 0.375
vt 0 0.375
vt 0.09375 0.34375
vt 0.09375 0.375
vt 0.0625 0.375
vt 0.0625 0.34375
vt 0.65625 0.375
vt 0.65625 0.40625
vt 0.625 0.40625
vt 0.625 0.375
vt 0.6875 1
vt 0.65625 1
vt 0.65625 0.96875
vt 0.6875 0.96875
vn 1 0 0
vn -1 0 0
vn 0 0.7372773368101242 0.6755902076156601
vn 0 -0.7372773368101242 -0.6755902076156601
vn 0 -0.6755902076156601 0.7372773368101242
vn 0 0.6755902076156601 -0.7372773368101242
usemtl m_ede1f5c5-55f8-8291-5e71-77e3daa0a758
f 3098/8809/2203 3097/8810/2203 3099/8811/2203 3100/8812/2203
f 3103/8813/2204 3101/8814/2204 3102/8815/2204 3104/8816/2204
f 3101/8817/2205 3097/8818/2205 3098/8819/2205 3102/8820/2205
f 3100/8821/2206 3099/8822/2206 3103/8823/2206 3104/8824/2206
f 3099/8825/2207 3097/8826/2207 3101/8827/2207 3103/8828/2207
f 3102/8829/2208 3098/8830/2208 3100/8831/2208 3104/8832/2208
o mesh
v 0.4843749999999998 0.01762809788080353 -0.4011307917992952
v 0.4843749999999998 0.07251980224957591 -0.46103457541511783
v 0.4843749999999998 0.01532410620327189 -0.40324201119809416
v 0.4843749999999998 0.07021581057204428 -0.4631457948139167
v 0.4781249999999998 0.01762809788080353 -0.4011307917992952
v 0.4781249999999998 0.07251980224957591 -0.46103457541511783
v 0.4781249999999998 0.01532410620327189 -0.40324201119809416
v 0.4781249999999998 0.07021581057204428 -0.4631457948139167
vt 0.6875 0.9375
vt 0.65625 0.9375
vt 0.65625 0.90625
vt 0.6875 0.90625
vt 0.15625 0.3125
vt 0.15625 0.34375
vt 0.125 0.34375
vt 0.125 0.3125
vt 0.65625 0.84375
vt 0.6875 0.84375
vt 0.6875 0.875
vt 0.65625 0.875
vt 0.21875 0.3125
vt 0.21875 0.34375
vt 0.1875 0.34375
vt 0.1875 0.3125
vt 0.6875 0.78125
vt 0.6875 0.8125
vt 0.65625 0.8125
vt 0.65625 0.78125
vt 0.28125 0.34375
vt 0.25 0.34375
vt 0.25 0.3125
vt 0.28125 0.3125
vn 1 0 0
vn -1 0 0
vn 0 0.7372773368101242 0.6755902076156601
vn 0 -0.7372773368101242 -0.6755902076156601
vn 0 -0.6755902076156601 0.7372773368101242
vn 0 0.6755902076156601 -0.7372773368101242
usemtl m_ede1f5c5-55f8-8291-5e71-77e3daa0a758
f 3106/8833/2209 3105/8834/2209 3107/8835/2209 3108/8836/2209
f 3111/8837/2210 3109/8838/2210 3110/8839/2210 3112/8840/2210
f 3109/8841/2211 3105/8842/2211 3106/8843/2211 3110/8844/2211
f 3108/8845/2212 3107/8846/2212 3111/8847/2212 3112/8848/2212
f 3107/8849/2213 3105/8850/2213 3109/8851/2213 3111/8852/2213
f 3110/8853/2214 3106/8854/2214 3108/8855/2214 3112/8856/2214
o mesh
v 0.4125000000000001 0.04062045955083646 -0.43062822173070936
v 0.4125000000000001 0.040893080721869805 -0.43687227311559595
v 0.4125000000000001 -0.0015268872971481613 -0.4324684146351845
v 0.4125000000000001 -0.0012542661261148134 -0.4387124660200711
v 0.40000000000000013 0.04062045955083646 -0.43062822173070936
v 0.40000000000000013 0.040893080721869805 -0.43687227311559595
v 0.40000000000000013 -0.0015268872971481613 -0.4324684146351845
v 0.40000000000000013 -0.0012542661261148134 -0.4387124660200711
vt 0.6875 0.75
vt 0.65625 0.75
vt 0.65625 0.71875
vt 0.6875 0.71875
vt 0.34375 0.3125
vt 0.34375 0.34375
vt 0.3125 0.34375
vt 0.3125 0.3125
vt 0.65625 0.65625
vt 0.6875 0.65625
vt 0.6875 0.6875
vt 0.65625 0.6875
vt 0.40625 0.3125
vt 0.40625 0.34375
vt 0.375 0.34375
vt 0.375 0.3125
vt 0.6875 0.59375
vt 0.6875 0.625
vt 0.65625 0.625
vt 0.65625 0.59375
vt 0.46875 0.34375
vt 0.4375 0.34375
vt 0.4375 0.3125
vt 0.46875 0.3125
vn 1 0 0
vn -1 0 0
vn 0 0.9990482215818579 0.04361938736533588
vn 0 -0.9990482215818579 -0.04361938736533588
vn 0 -0.04361938736533588 0.9990482215818579
vn 0 0.04361938736533588 -0.9990482215818579
usemtl m_ede1f5c5-55f8-8291-5e71-77e3daa0a758
f 3114/8857/2215 3113/8858/2215 3115/8859/2215 3116/8860/2215
f 3119/8861/2216 3117/8862/2216 3118/8863/2216 3120/8864/2216
f 3117/8865/2217 3113/8866/2217 3114/8867/2217 3118/8868/2217
f 3116/8869/2218 3115/8870/2218 3119/8871/2218 3120/8872/2218
f 3115/8873/2219 3113/8874/2219 3117/8875/2219 3119/8876/2219
f 3118/8877/2220 3114/8878/2220 3116/8879/2220 3120/8880/2220
o plane
v 0.47812500000000013 0.016476102042037737 -0.40218640149869467
v 0.47812500000000013 0.07136780641081013 -0.46209018511451727
v 0.3343750000000001 0.016476102042037737 -0.40218640149869467
v 0.3343750000000001 0.07136780641081013 -0.46209018511451727
vt 0.3125 0.34375
vt 0.3125 0.40625
vt 0.21875 0.40625
vt 0.21875 0.34375
vn 0 0.7372773368101242 0.6755902076156601
usemtl m_ede1f5c5-55f8-8291-5e71-77e3daa0a758
f 3121/8881/2221 3122/8882/2221 3124/8883/2221 3123/8884/2221